fecha_encuesta,fecha_validacion,nombre,ID,pais,divisiones,departamento,municipio,localidad,latitud,longitud,altitud,codigo,otras_divisiones,año,n_comunidades,n_PSE,comunidades,PSE,pob_servida,viv_servidas,financiamientos,monto_financ,monto_rehab,tipo_gravedad,tipo_bombeo,tipo_pozo_manual,tipo_agua_lluvia,agua_epoca_seca,agua_epoca_lluvia,capt_n,capt_tipo_principal,capt_caudal_total,capt_caudal_ud,capt_estado,capt_abcd,cond_n,cond_estado,cond_abcd,trat_n,trat_tipos,trat_estado,trat_abcd,almc_n,almc_volumen,almc_volumen_ud,almc_limpieza,almc_limpieza_ud,almc_estado,almc_abcd,dist_n,dist_horas,dist_conexion,dist_micromed,dist_micromed_consumo,dist_distancia,dist_estado,dist_abcd,caudal,caudal_ud,cloro,filtracion,cloro_residual,cloro_residual_ud,cloro_fecha,pasa_coliformes,fecha_coliformes,pasa_fisicoquimico,fecha_fisicoquimico,eiaaut,eiainf,eiazpa,eiastr,eia,siasar_version
2021-09-28,,ACUEDUCTO VEREDA EL CORZO,109926,Colombia,"CUNDINAMARCA,MADRID,EL CORZO",CUNDINAMARCA,MADRID,EL CORZO,4.773767,-74.31772,2589.0,,,1996.0,3.0,1.0,"ALTO CHARCO, EL CORZO, LA UNION",JUNTA ACUEDUCTO VEREDA EL CORZO,130.0,40.0,Otros,120000000.0,,NO,SI,NO,NO,SI,SI,1.0,Pozo Perforado,2.0,LITROS POR SEGUNDO,0.4,C,1,0.7,C,4.0,"Coagulación y Floculación, Aireación (oxidación), Desinfección con cloro, Filtración lenta",0.6125,C,1.0,20000.0,LITROS,12.37,MESES,0.2,D,1.0,24.0,40.0,40.0,40.0,Mayor de 100 m,0.7,C,2.0,LITROS POR SEGUNDO,"Sí, pero no funciona","Sí, de maner mayoritaria",0.7,MILIGRAMOS POR LITRO,2021-09-28,Sí pasa,2021-10-14,Sí pasa,2021-10-14,1.0,0.445,1.0,0.7,0.7863,2
2021-10-07,,ACUEDUCTO DE LA VEREDA CUBIA,109927,Colombia,"CUNDINAMARCA,BOJACÁ,CUBIA",CUNDINAMARCA,BOJACÁ,CUBIA,4.710843,-74.339927,2643.0,,,2000.0,3.0,1.0,"SECTOR ALTO  BALCONES, SECTOR AMARILLAL, SECTOR BAJO CHUCUA",SECRETARIA DE SERVICIOS PUBLICOS BOJACA,623.0,226.0,Otros,30000000.0,,NO,SI,NO,NO,SI,SI,1.0,Pozo Perforado,3.0,LITROS POR SEGUNDO,1.0,A,1,1.0,A,2.0,"Filtración lenta, Desinfección con cloro",1.0,A,2.0,150000.0,LITROS,12.37,MESES,0.425,C,2.0,24.0,226.0,226.0,226.0,Mayor de 100 m,1.0,A,3.0,LITROS POR SEGUNDO,"Sí, y funciona","Sí, de maner mayoritaria",1.83,MILIGRAMOS POR LITRO,2021-10-07,No aplica,,No aplica,,1.0,0.8074,0.8,1.0,0.9019,2
2022-03-29,,"ABASTO RURAL ""ASCUABAÑA"".",129792,Colombia,"CUNDINAMARCA,ZIPACÓN,LA CAPILLA",CUNDINAMARCA,ZIPACÓN,LA CAPILLA,4.713008,-74.425663,1534.0,,,1972.0,13.0,1.0,"CABAÑA CENTRO, CARTAGENA PARTE ALTA, CONDOMINIO PONTEVEDRA, EL EPIRO, EL TRAPICHE, ESCUELA SANTO DOMINGO, GUADUALITO PARTE ALTA, LA CAPILLA, LA GRANJA, LA UNIÓN, SAN CAYETANO PARTE BAJA, SECTOR ESTACION EL OCASO, ZORRENTO","ASOCIACION DE SUSCRIPTORES DEL ACUEDUCTO  LA VEREDA DE LA CABAÑA, LA CAPILLA DEL MUNICIPIO DE ZIPACON  ""ASCUABAÑA""",1738.0,455.0,Otros,200000.0,40000000.0,SI,NO,NO,NO,SI,SI,1.0,Quebrada,2.8,LITROS POR SEGUNDO,1.0,A,2,1.0,A,1.0,Sedimentación,1.0,A,3.0,60454.24,LITROS,6.0,MESES,0.65,C,2.0,24.0,455.0,0.0,0.0,Mayor de 100 m,1.0,A,2.8,LITROS POR SEGUNDO,No se realiza,No,0.0,MILIGRAMOS POR LITRO,2022-03-29,No aplica,2017-10-09,No aplica,2017-10-09,0.7326,0.8979,0.0,0.5,0.5326,2
2017-11-02,,ASOCIACION DE USUARIOS DEL ACUEDUCTO RURL DE LA VEREDA NAMAY ACUANAMAY,131275,Colombia,"CUNDINAMARCA,ALBÁN,Namay Alto",CUNDINAMARCA,ALBÁN,Namay Alto,4.917065,-74.457328,1651.0,25-019,,1985.0,1.0,1.0,VEREDA NAMAY,ASOCIACIÓN DE USUSRIOS DEL ACUEDUCTO REGIONAL DE LA VEREDA NAMAY- ACUANAMAY,1100.0,400.0,Programa Rural,26000000.0,,SI,NO,NO,NO,SI,SI,1.0,Otras,3.0,LITROS POR SEGUNDO,1.0,A,1,1.0,A,,,,,1.0,130000.0,LITROS,2.0,MESES,1.0,A,1.0,24.0,400.0,400.0,400.0,Mayor de 100 m,1.0,A,3.5,LITROS POR SEGUNDO,"Sí, y funciona",No,2.12,MILIGRAMOS POR LITRO,2017-06-07,Sí pasa,2017-06-07,Sí pasa,2017-06-07,1.0,1.0,1.0,1.0,1.0,2
2022-05-09,,ABASTO AGUA LARGA,133394,Colombia,"CUNDINAMARCA,ALBÁN,GARBANZAL,EL TRIANGULO",CUNDINAMARCA,ALBÁN,"GARBANZAL,EL TRIANGULO",4.8769,-74.436288,2240.0,,,1993.0,5.0,1.0,"EL TRIANGULO, LA ESCUELA, LOS ROBLES, ROBLEDAL BAJO, SECTOR ECOPETROL",ASOCIACION DE USUARIOS DEL SERVICIO DE ACUEDUCTO AGUA LARGA,388.0,96.0,Programa Rural,22500000.0,,SI,NO,NO,NO,SI,SI,1.0,Otras,1.5,LITROS POR SEGUNDO,0.7,C,3,1.0,A,,,,,6.0,331000.0,LITROS,12.37,MESES,0.5,C,3.0,24.0,96.0,0.0,0.0,Mayor de 100 m,0.7,C,1.5,LITROS POR SEGUNDO,No se realiza,No,,MILIGRAMOS POR LITRO,,No aplica,2017-11-08,No aplica,2017-11-08,1.0,0.7035,0.4,0.0,0.5259,2
2021-11-13,,ABASTO PUBLICO DE AGUA ACUEDUCTO # 2,134369,Colombia,"CUNDINAMARCA,GUATAVITA,POTRERO LARGO,TRES ESQUINAS",CUNDINAMARCA,GUATAVITA,"POTRERO LARGO,TRES ESQUINAS",4.92273,-73.76744,3033.8,,,1999.0,3.0,1.0,"3 ESQUINAS, EL LLANITO, LA LOMA",ASOCIACIÓN DE USUARIOS DEL ACUEDUCTO RURAL # 2,155.0,42.0,,20000000.0,,SI,NO,NO,NO,NO,SI,1.0,Quebrada,1.5,LITROS POR SEGUNDO,1.0,A,1,0.7,C,,,,,1.0,302.83,LITROS,3.0,MESES,0.7,C,1.0,12.0,42.0,42.0,42.0,Mayor de 100 m,0.7,C,2.0,LITROS POR SEGUNDO,No se realiza,"Sí, de maner mayoritaria",,MILIGRAMOS POR LITRO,,No pasa,2018-04-26,No pasa,2018-04-26,0.0488,0.7653,1.0,0.5,0.5785,2
2022-05-12,,ABASTO VEREDA CANDELARIA LA BAJA,134415,Colombia,"CUNDINAMARCA,SASAIMA,LA CANDELARIA",CUNDINAMARCA,SASAIMA,LA CANDELARIA,4.91599,-74.402413,1785.0,,,1983.0,2.0,1.0,"CANDELARIA BAJA, ESCUELA CANDELARIA",ACUEDUCTO COMUNITARIO CANDELARIA  BAJA DEL  MUNICIPIO SASAIMA,305.0,50.0,Otros,500000.0,,SI,NO,NO,NO,NO,SI,1.0,Río,1.2,LITROS POR SEGUNDO,0.7,C,1,0.4,C,1.0,Sedimentación,0.85,B,1.0,30000.0,LITROS,3.0,MESES,0.55,C,1.0,24.0,50.0,0.0,0.0,Mayor de 100 m,0.7,C,1.2,LITROS POR SEGUNDO,No se realiza,No,,MILIGRAMOS POR LITRO,,No aplica,2018-05-02,No aplica,2018-05-02,1.0,0.573,0.8,0.425,0.6995,2
2022-05-12,,ABASTO AGUA SANTA ANA,134418,Colombia,"CUNDINAMARCA,SASAIMA,Vereda Santa Ana",CUNDINAMARCA,SASAIMA,Vereda Santa Ana,4.92567,-74.42952,1611.0,,,1998.0,12.0,1.0,"EL TRIANGULO, ESCUELA SANTA ANA, ESCUELA VIA EL MOJON, ESTACION SANTA ANA, LOS MORA, MOJON  ALTO, MOJON BAJO, NAMAI LA LINEA, PUENTE SANTA ANA, RAMAL BOMBA BRIO, SANTA INES, TANQUE SAN BERNARDO",ASOCIACION NUEVO ACUEDUCTO RURAL VEREDA SANTA ANA MUNICIPIO DE SASAIMA,1069.0,343.0,Otros,51000000.0,83950000.0,SI,NO,NO,NO,SI,SI,1.0,Río,2.0,LITROS POR SEGUNDO,0.7,C,1,0.7,C,,,,,2.0,100000.0,LITROS,1.0,MESES,0.85,B,1.0,24.0,343.0,343.0,343.0,Mayor de 100 m,0.7,C,2.0,LITROS POR SEGUNDO,No se realiza,"Sí, de maner mayoritaria",,MILIGRAMOS POR LITRO,,No aplica,2018-05-02,No aplica,,1.0,0.7348,0.8,0.5,0.7587,2
2022-05-02,,ACUEDUCTO VEREDAL CHIPAGRE,134423,Colombia,"CUNDINAMARCA,ALBÁN,GARBANZAL,EL TRIANGULO",CUNDINAMARCA,ALBÁN,"GARBANZAL,EL TRIANGULO",4.8775,-74.43425,2313.0,,,1986.0,18.0,1.0,"ALTO DE GASCAS, CHIMBE CASERIO, CHIMBE EL COLEGIO, CHORLABI, EL SACARRON, ENTABLE ALTO, ENTABLE BAJO, ENTABLE CASERIO, GRANJAS GRANADA, GUAYACUNDO BAJO, LA ESCUELA EL ESCOBAL, LOS ROBLES, PANTANILLO CENTRO, PENJAMO, ROBLEDAL BAJO, SECTOR ECOPETROL, SECTOR LA ESCUELA, SECTOR ORTIZ",ACUEDUCTO VEREDAL CHIPAGRE,2916.0,740.0,,,44000000.0,SI,NO,NO,NO,SI,SI,1.0,Quebrada,3.8,LITROS POR SEGUNDO,0.7,C,10,1.0,A,4.0,"Filtración lenta, Sedimentación, Desinfección con cloro, Coagulación y Floculación",0.8125,B,8.0,331000.0,LITROS,6.0,MESES,0.85,B,6.0,24.0,740.0,0.0,0.0,Mayor de 100 m,1.0,A,3.8,LITROS POR SEGUNDO,"Sí, y funciona",No,1.45,MILIGRAMOS POR LITRO,2022-05-02,No aplica,,No aplica,,1.0,0.8783,0.8,0.9062,0.8961,2
2018-08-09,,Acueducto Galdamez,167597,Colombia,"CUNDINAMARCA,SUBACHOQUE,GALDAMEZ",CUNDINAMARCA,SUBACHOQUE,GALDAMEZ,4.9087301,-74.1777584,2782.0,25769003 - 01,,1994.0,1.0,1.0, GALDAMEZ CENTRO – CENTRO POBLADO,JUNTA DE ACCIÓN COMUNAL GALDAMEZ,542.0,135.0,Otros,18000000.0,,SI,NO,NO,NO,SI,SI,1.0,Quebrada,,,0.7,C,3,1.0,A,2.0,"Desinfección con cloro, Filtración rápida",0.95,A,2.0,150000.0,LITROS,7.0,MESES,0.625,C,1.0,24.0,135.0,135.0,135.0,,1.0,A,0.5,LITROS POR SEGUNDO,"Sí, y funciona","Sí, pero no de maner mayoritaria",0.18,MILIGRAMOS POR LITRO,2018-08-09,No pasa,2018-08-10,Sí pasa,2018-08-09,1.0,0.8133,0.6,0.975,0.8471,2
2018-12-13,,ACUEDUCTO GALDAMEZ EL HATO,173748,Colombia,"CUNDINAMARCA,SUBACHOQUE,GALDAMEZ",CUNDINAMARCA,SUBACHOQUE,GALDAMEZ,4.913257,-74.154482,2683.0,25769003-002,,1992.0,1.0,1.0,GALDAMEZ SECTOR EL HATO,JUNTA DE ACCIÓN COMUNAL GALDAMEZ,380.0,90.0,,,48000000.0,SI,NO,NO,NO,SI,SI,1.0,Quebrada,7.0,LITROS POR SEGUNDO,0.7,C,2,0.85,B,5.0,"Sedimentación, Filtración rápida, Aireación (oxidación), Coagulación y Floculación, Filtración rápida",0.73333335,B,2.0,130000.0,LITROS,6.0,MESES,0.85,B,2.0,24.0,155.0,155.0,155.0,,0.7,C,1.33,LITROS POR SEGUNDO,"Sí, y funciona",No,1.0,MILIGRAMOS POR LITRO,2018-12-14,Sí pasa,2019-03-27,Sí pasa,2019-03-27,1.0,0.7714,0.8,0.8666,0.8595,2
2018-12-18,,"ACUEDUCTO DE LAS VEREDAS MORTIÑO , OLIVO Y RINCON SANTO ",174132,Colombia,"CUNDINAMARCA,COGUA,El Mortiño",CUNDINAMARCA,COGUA,El Mortiño,5.05327,-73.94076,2589.0,25200004,,1990.0,1.0,1.0,EL MORTIÑO,ACUEDUCTO VEREDAL EL MORTIÑO,1780.0,445.0,,,557000000.0,SI,NO,NO,NO,SI,SI,1.0,Río,5.0,METROS CÚBICOS POR SEGUNDO,1.0,A,1,1.0,A,5.0,"Filtración rápida, Coagulación y Floculación, Sedimentación, Sedimentación, Desinfección con cloro",1.0,A,2.0,305000.0,LITROS,2.5,MESES,0.925,A,4.0,24.0,445.0,445.0,445.0,,0.7,C,3.9,LITROS POR SEGUNDO,"Sí, y funciona",No,0.91,MILIGRAMOS POR LITRO,2019-01-03,Sí pasa,2019-01-11,Sí pasa,2019-01-03,1.0,0.897,0.8,1.0,0.9243,2
2018-12-17,,ACUEDUCTO MOROS,174147,Colombia,"CUNDINAMARCA,COGUA,Rincon Santo",CUNDINAMARCA,COGUA,Rincon Santo,5.0799,-73.9539,2688.0,25200004,,1990.0,1.0,1.0,MOROS,ASOCIACION DE USUARIOS MOROS,460.0,115.0,,40000000.0,100000000.0,SI,NO,NO,NO,SI,SI,1.0,Captación desde otro sistema,0.6,LITROS POR SEGUNDO,0.0,D,1,1.0,A,,,,,1.0,0.0,LITROS,,MESES,0.5,C,1.0,24.0,125.0,125.0,125.0,Mayor de 100 m,1.0,A,0.11,LITROS POR SEGUNDO,"Sí, y funciona",No,,MILIGRAMOS POR LITRO,2019-01-16,No aplica,2019-01-16,No aplica,2019-01-16,0.0,0.0,0.6,0.75,0.3375,2
2019-01-06,,ABASTO LA PLAYA ,174150,Colombia,"CUNDINAMARCA,CARMEN DE CARUPA,Vereda Playa",CUNDINAMARCA,CARMEN DE CARUPA,Vereda Playa,5.32978,-73.90873,2949.0,25154,,1989.0,1.0,1.0,LA PLAYA ,ASOCIACION DE USUARIOS ACUEDUCTO LA PLAYA ,225.0,75.0,,,,SI,NO,NO,NO,NO,NO,1.0,Otras,4.0,LITROS POR SEGUNDO,0.7,C,1,0.7,C,1.0,Sedimentación,0.85,B,1.0,30000.0,LITROS,6.0,MESES,0.7,C,1.0,24.0,75.0,0.0,0.0,,0.7,C,2.0,LITROS POR SEGUNDO,No se realiza,No,,MILIGRAMOS POR LITRO,2019-01-16,No aplica,2019-01-16,No aplica,2019-01-16,1.0,0.7,1.0,0.425,0.7812,2
2018-12-28,,ABASTO VEREDA NAZARET,174151,Colombia,"CUNDINAMARCA,CARMEN DE CARUPA,Vereda Nazareth",CUNDINAMARCA,CARMEN DE CARUPA,Vereda Nazareth,5.38894,-73.918628,3153.0,25154,,1989.0,1.0,1.0,NAZARETH,JUNTA DE ACCION COMUNAL VEREDA NAZARETH,240.0,60.0,,,,SI,NO,NO,NO,NO,SI,1.0,Quebrada,8.0,LITROS POR SEGUNDO,1.0,A,1,0.7,C,1.0,Sedimentación,1.0,A,1.0,30000.0,LITROS,6.0,MESES,0.7,C,1.0,24.0,60.0,0.0,0.0,,0.7,C,2.0,LITROS POR SEGUNDO,No se realiza,No,,MILIGRAMOS POR LITRO,2019-01-16,No aplica,2019-01-16,No aplica,2019-01-16,1.0,0.7653,0.4,0.5,0.6663,2
2018-12-18,,ABASTO DE LA VEREDA  DEL OLIVO - ASACOL,174156,Colombia,"CUNDINAMARCA,COGUA,EL OLIVO",CUNDINAMARCA,COGUA,EL OLIVO,5.07282,-73.94235,2607.0,25200010,,1970.0,4.0,1.0,"CENTRO OLIVO, LA CASCAJAL, LOS OLIVOS SECTOR NEUSA, SAN LUIS",ASOCIACION DE USUARIOS DEL SERVICIO DE ACUEDUCTO Y ALCANTARILLADO COGUA,856.0,214.0,,7000000.0,,SI,NO,NO,NO,SI,SI,1.0,Río,5.0,METROS CÚBICOS POR SEGUNDO,0.7,C,1,0.7,C,,,,,1.0,105000.0,LITROS,6.0,MESES,0.7,C,4.0,24.0,214.0,214.0,214.0,,0.7,C,6.0,LITROS POR SEGUNDO,No se realiza,"Sí, pero no de maner mayoritaria",,MILIGRAMOS POR LITRO,2019-01-17,No aplica,2019-01-17,No aplica,2019-01-17,1.0,0.7,0.6,0.2,0.625,2
2018-12-26,,ACUEDUCTO VEREDA SAN JOSE,174164,Colombia,"CUNDINAMARCA,GACHANCIPÁ,SAN JOSE",CUNDINAMARCA,GACHANCIPÁ,SAN JOSE,5.02274,-73.88343,2564.0,25295000,,1994.0,9.0,1.0,"EL PINCEL, GUSAPAN, INFANTE, LA ALDEA, LA BALSA, LA ESCUELA, LA MOYA, SAN JOSE PARTE ALTA, VELCHITE",ASOCIACION DE USUARIOS DEL ACUEDUCTO DE LA VEREDA SAN JOSE,488.0,122.0,,7000000.0,93000000.0,SI,SI,NO,NO,SI,SI,1.0,Pozo Perforado,4.34,LITROS POR SEGUNDO,1.0,A,1,1.0,A,4.0,"Coagulación y Floculación, Filtración lenta, Aireación (oxidación), Desinfección con cloro",0.75,B,1.0,100000.0,LITROS,6.0,MESES,0.7,C,2.0,24.0,134.0,134.0,134.0,,0.7,C,1.13,LITROS POR SEGUNDO,"Sí, y funciona",No,,MILIGRAMOS POR LITRO,2019-01-17,No aplica,2019-01-17,No aplica,2019-01-17,1.0,0.8367,0.6,0.875,0.8279,2
2018-12-17,,ABASTO ALIZAL CHUZCAL,174170,Colombia,"CUNDINAMARCA,CARMEN DE CARUPA,Vereda Alisal",CUNDINAMARCA,CARMEN DE CARUPA,Vereda Alisal,5.333133,-73.864859,2990.0,251540001,,1992.0,1.0,1.0,ALIZAL,JUNTA DE ASOCIACION COMUNAL ACUEDUCTO ALIZAL ,240.0,80.0,Plan Departamental de Agua,90000000.0,,SI,NO,NO,NO,NO,SI,1.0,Quebrada,1.0,LITROS POR SEGUNDO,1.0,A,2,0.85,B,1.0,Sedimentación,0.85,B,1.0,15000.0,LITROS,6.0,MESES,0.85,B,1.0,24.0,30.0,30.0,30.0,,1.0,A,0.8,LITROS POR SEGUNDO,No se realiza,"Sí, pero no de maner mayoritaria",,MILIGRAMOS POR LITRO,2019-01-17,No aplica,2019-01-17,No aplica,2019-01-17,1.0,0.922,0.8,0.425,0.7868,2
2018-12-13,,ACUEDUCTO EL HATO CORRALEJAS ,174190,Colombia,"CUNDINAMARCA,CARMEN DE CARUPA,Vereda Hato",CUNDINAMARCA,CARMEN DE CARUPA,Vereda Hato,5.280501,-73.900908,2851.0,251540001,,1985.0,1.0,1.0,SECTOR CORRALEJAS ,ASOCIACION DE USUARIOS SECTOR  CORRALEJAS  LAS TAPIAS ,147.27272727272728,45.0,,,,NO,SI,NO,NO,NO,NO,1.0,Otras,4.0,LITROS POR SEGUNDO,1.0,A,1,1.0,A,1.0,Sedimentación,1.0,A,1.0,30000.0,LITROS,6.0,MESES,0.85,B,1.0,24.0,45.0,0.0,0.0,,1.0,A,2.0,LITROS POR SEGUNDO,No se realiza,No,,MILIGRAMOS POR LITRO,2019-01-18,No aplica,2019-01-18,No aplica,2019-01-18,1.0,0.9602,1.0,0.5,0.865,2
2018-12-26,,ACUEDUCTO VEREDA LA AURORA,174191,Colombia,"CUNDINAMARCA,GACHANCIPÁ,LA AURORA",CUNDINAMARCA,GACHANCIPÁ,LA AURORA,5.00211,-73.86156,2568.0,25295000,,1998.0,7.0,2.0,"CLUB FRANCES, LA PLANTA, MADEROS , SECTOR LA ESCUELA, SECTOR LOS COLEGIOS, VILLA OLIMPICA, ZONA FRANCA","ASOCIACION DEL ACUEDUCTO VEREDAL AURORA ALTA, ASOCIACION DE SUSCRIPTORES DEL ACUEDUCTO LA AURORA",1228.0,307.0,,100000000.0,49000000.0,SI,SI,NO,NO,SI,SI,1.0,Pozo Perforado,2.17,LITROS POR SEGUNDO,1.0,A,1,1.0,A,4.0,"Desinfección con cloro, Filtración rápida, Coagulación y Floculación, Sedimentación",1.0,A,1.0,90000.0,LITROS,2.0,MESES,0.85,B,2.0,24.0,242.0,242.0,242.0,,1.0,A,2.17,LITROS POR SEGUNDO,"Sí, y funciona",No,,MILIGRAMOS POR LITRO,2016-11-03,No pasa,2019-01-18,No pasa,2019-01-18,1.0,0.9602,0.6,1.0,0.8901,2
2018-12-17,,"ABASTO VEREDA EL HATO,SECTOR CARRALEJAS-LAS TAPIAS",174209,Colombia,"CUNDINAMARCA,CARMEN DE CARUPA,Vereda Hato",CUNDINAMARCA,CARMEN DE CARUPA,Vereda Hato,5.29203,-73.90612,2880.0,251540001,,1989.0,2.0,1.0,"SECTOR CORRALEJAS , SECTOR DE LAS TAPIAS ",ASOCIACION DE USUARIOS SECTOR  CORRALEJAS  LAS TAPIAS ,212.72727272727272,65.0,,,,SI,NO,NO,NO,NO,NO,1.0,Otras,5.0,LITROS POR SEGUNDO,1.0,A,1,1.0,A,1.0,Sedimentación,1.0,A,1.0,32000.0,LITROS,6.0,MESES,0.85,B,1.0,24.0,65.0,0.0,0.0,,1.0,A,2.0,LITROS POR SEGUNDO,No se realiza,No,,MILIGRAMOS POR LITRO,2019-01-18,No aplica,2019-01-18,No aplica,2019-01-18,1.0,0.9602,1.0,0.5,0.865,2
2018-12-17,,ABASTO DINDAL,174230,Colombia,"CUNDINAMARCA,CAPARRAPÍ,DINDAL",CUNDINAMARCA,CAPARRAPÍ,DINDAL,5.2882,-74.55867,1364.0,25148003,,1959.0,2.0,1.0,"DINDAL, DINDAL SECTOR FERROCARRIL","ASOCIACION DE SUSCRIPTORES ACUEDUCTO DINDAL ""ASAD""",432.0,130.0,Otros,2000000.0,36000000.0,SI,NO,NO,NO,SI,SI,1.0,Quebrada,3.0,LITROS POR SEGUNDO,1.0,A,2,1.0,A,1.0,Sedimentación,1.0,A,1.0,40000.0,LITROS,6.0,MESES,0.85,B,2.0,24.0,130.0,0.0,0.0,Mayor de 100 m,1.0,A,3.0,LITROS POR SEGUNDO,No se realiza,No,,MILIGRAMOS POR LITRO,2019-01-21,No aplica,2019-01-21,No aplica,2019-01-21,1.0,0.9602,1.0,0.5,0.865,2
2018-12-19,,ABASTO CASERIO SAN PEDRO ALTO ,174237,Colombia,"CUNDINAMARCA,CAPARRAPÍ,SAN PEDRO",CUNDINAMARCA,CAPARRAPÍ,SAN PEDRO,5.500426,-74.463758,1400.0,25148005,,1985.0,3.0,1.0,"CASERIO SAN PEDRO, CASERIO SAN PEDRO ALTO SECTOR ALTO RUEDAS , LAS GUASAS ","ASOCIACION DE USUARIOS ACUEDUCTO CASERIO SAN PEDRO ALTO  ""ASOASPAL""",177.0,61.0,Otros,15000000.0,40000000.0,NO,SI,NO,NO,NO,NO,1.0,Quebrada,6.0,LITROS POR SEGUNDO,0.7,C,3,0.8,B,1.0,Sedimentación,1.0,A,3.0,80000.0,LITROS,3.0,MESES,0.75,B,3.0,8.0,61.0,54.0,54.0,,0.7,C,4.0,LITROS POR SEGUNDO,No se realiza,No,,MILIGRAMOS POR LITRO,2019-01-21,No aplica,2019-01-21,No aplica,2019-01-21,1.0,0.7364,0.8,0.5,0.7591,2
2018-12-18,,ABASTO INSPECCIÓN SAN RAMON Y LAS VEREDAS DE PUEBLO NUEVO Y SAN GIL,174242,Colombia,"CUNDINAMARCA,CAPARRAPÍ,SAN RAMON",CUNDINAMARCA,CAPARRAPÍ,SAN RAMON,5.348862,-74.586389,1040.0,25148016,,1995.0,3.0,1.0,"PUEBLO NUEVO, SAN GIL, SAN RAMON ALTO",ASOCIACION DE AFILIADOS DEL ACUEDUCTO DE LA INSPECCION DE SAN RAMON Y LAS VEREDAS DE PUEBLO NUEVO Y SAN GIL,416.0,135.0,Otros,120000000.0,40000000.0,NO,SI,NO,NO,NO,NO,1.0,Quebrada,15.0,LITROS POR SEGUNDO,0.7,C,3,0.8,B,1.0,Sedimentación,0.85,B,3.0,196000.0,LITROS,3.0,MESES,0.7,C,2.0,12.0,135.0,0.0,0.0,,0.7,C,4.0,LITROS POR SEGUNDO,No se realiza,"Sí, pero no de maner mayoritaria",,MILIGRAMOS POR LITRO,2019-01-21,No aplica,2019-01-21,No aplica,2019-01-21,1.0,0.7238,0.8,0.425,0.7372,2
2018-12-21,,ABASTO BOCA DE MONTE,174264,Colombia,"CUNDINAMARCA,CAPARRAPÍ,Vereda Boca De Monte",CUNDINAMARCA,CAPARRAPÍ,Vereda Boca De Monte,5.2128,-74.525112,1429.0,25148,,1998.0,5.0,1.0,"ALTO DE BRISAS, BOCA DE MONTE, EL GUAMAL, FLORIDA ALTA, MORIELES","ASOCIACION JUNTA ADMINISTRADORA DE ACUEDUCTO ""JABAM""",398.8333333333333,136.0,Otros,60000000.0,,NO,SI,NO,NO,NO,SI,1.0,Quebrada,3.0,LITROS POR SEGUNDO,1.0,A,3,1.0,A,1.0,Sedimentación,1.0,A,3.0,170000.0,LITROS,3.6666666666666665,MESES,0.90000004,A,2.0,3.0,136.0,136.0,136.0,,1.0,A,3.0,LITROS POR SEGUNDO,No se realiza,No,,MILIGRAMOS POR LITRO,2019-01-22,No aplica,2019-01-22,No aplica,2019-01-22,1.0,0.974,1.0,0.5,0.8685,2
2018-12-15,,ABASTO EL MANZANAR SECTOR LA PLAZUELA,174265,Colombia,"CUNDINAMARCA,COGUA,LA PLAZUELA",CUNDINAMARCA,COGUA,LA PLAZUELA,5.09263,-73.95332,2638.0,25200005,,1978.0,2.0,1.0,"PLAZUELA ALTA , PLAZUELA CENTRO ",ASOCIACIÓN DE USUARIOS  ACUEDUCTO MANZANAR ,1420.0,355.0,,,,SI,NO,NO,NO,SI,SI,1.0,Río,5.0,METROS CÚBICOS POR SEGUNDO,0.0,D,1,0.7,C,,,,,,,,,,0.0,D,1.0,24.0,365.0,0.0,0.0,,0.7,C,8.54,LITROS POR SEGUNDO,No se realiza,No,,MILIGRAMOS POR LITRO,2019-01-22,No aplica,2019-01-22,No aplica,2019-01-22,0.0,0.0,0.8,0.0,0.2,2
2018-12-20,,ABASTO SAN PABLO ,174275,Colombia,"CUNDINAMARCA,CAPARRAPÍ,SAN PABLO",CUNDINAMARCA,CAPARRAPÍ,SAN PABLO,5.49612,-74.46059,1272.0,25148012,,1979.0,2.0,1.0,"CENTRO POBLADO SAN PABLO, PLATANALES ALTO ",ASOCIACION DE USUARIOS ACUEDUCTO  SAN PABLO ,390.0,130.0,Programas del departamento,5000000.0,60000000.0,SI,NO,NO,NO,SI,SI,1.0,Quebrada,3.0,LITROS POR SEGUNDO,0.7,C,1,0.7,C,,,,,1.0,50000.0,LITROS,2.0,MESES,0.85,B,1.0,10.0,135.0,85.0,0.0,,0.7,C,3.0,LITROS POR SEGUNDO,No se realiza,No,,MILIGRAMOS POR LITRO,2019-01-23,No aplica,2019-01-23,No aplica,2019-01-23,1.0,0.7348,0.6,0.1,0.6087,2
2022-04-28,,ABASTO VEREDA EL VINO,174287,Colombia,"CUNDINAMARCA,LA VEGA",CUNDINAMARCA,LA VEGA,,4.902743,-74.311475,2582.0,,,1991.0,3.0,1.0,"CENTRO POBLADO EL VINO, EL CHUSCAL, LA BOMBA",ASOCIACION DE USUARIOS DEL SERVICIO DE  ACUEDUCTO DE  EL VINO MUNICIPIO DE LA VEGA,539.0,150.0,Otros,9000000.0,30000000.0,SI,NO,NO,NO,NO,SI,1.0,Quebrada,4.2,LITROS POR SEGUNDO,1.0,A,1,0.7,C,1.0,Sedimentación,0.7,C,1.0,36000.0,LITROS,4.0,MESES,0.7,C,1.0,24.0,150.0,0.0,0.0,Mayor de 100 m,0.55,C,4.2,LITROS POR SEGUNDO,No se realiza,"Sí, pero no de maner mayoritaria",,MILIGRAMOS POR LITRO,,No aplica,2019-01-24,No aplica,2019-01-24,1.0,0.7205,0.8,0.35,0.7176,2
2018-12-06,,ABASTO DE LA VEREDA NAGUY ACUANAGUY ,174291,Colombia,"CUNDINAMARCA,LA VEGA,Naguy",CUNDINAMARCA,LA VEGA,Naguy,5.022568,-74.309604,1403.0,25402007,,1976.0,1.0,1.0,NAGUY  BAJO ,ACUEDUCTO RURAL NAGUY BAJO,312.0,78.0,Otros,15000000.0,,SI,NO,NO,NO,SI,SI,1.0,Quebrada,0.6,LITROS POR SEGUNDO,1.0,A,1,1.0,A,4.0,"Aireación (oxidación), Coagulación y Floculación, Filtración rápida, Sedimentación",1.0,A,2.0,70000.0,LITROS,2.0,MESES,1.0,A,1.0,10.0,78.0,78.0,78.0,,1.0,A,0.6,LITROS POR SEGUNDO,"Sí, y funciona",No,,MILIGRAMOS POR LITRO,2019-01-25,No aplica,2019-01-25,No aplica,2019-01-25,1.0,1.0,1.0,1.0,1.0,2
2018-12-06,,ASOPAR  ABASTO PATIO BONITO,174308,Colombia,"CUNDINAMARCA,LA VEGA",CUNDINAMARCA,LA VEGA,,5.043184,-74.295283,1640.0,25402005,,1998.0,3.0,1.0,"PATIO BONITO - CACAHUAL, PATIO BONITO - HOYA GRANDE, PATIO BONITO - NAGUY ALTO",ASOCIACION DE USUARIOS DEL ACUEDUCTO DE PATIO BONITO,656.0,150.0,Otros,10000000.0,40000000.0,SI,NO,NO,NO,SI,SI,3.0,Quebrada,1.7,LITROS POR SEGUNDO,0.33333334,D,2,0.0,D,1.0,Sedimentación,0.85,B,10.0,140000.0,LITROS,2.0,MESES,0.85,B,2.0,24.0,150.0,150.0,150.0,Menor de 100 m,0.7,C,1.0,LITROS POR SEGUNDO,No se realiza,No,,MILIGRAMOS POR LITRO,2019-01-28,No aplica,2019-01-28,No aplica,2019-01-28,1.0,0.0,0.8666667,0.425,0.5729,2
2018-12-06,,ABASTO  RURAL VEREDA LA ESMERALDA SECTOR SANTA CLARA ,174309,Colombia,"CUNDINAMARCA,LA VEGA,LA ESMERALDA",CUNDINAMARCA,LA VEGA,LA ESMERALDA,4.97756,-74.325512,1509.0,25402000,,1981.0,1.0,1.0,LA ESMERALDA SECTOR SANTA CLARA ,ASOCIACIÓN DE USUARIOS ACUEDUCTO RURAL VEREDA LA ESMERALDA ,124.0,31.0,,6000000.0,,SI,NO,NO,NO,SI,SI,1.0,Quebrada,0.2,LITROS POR SEGUNDO,1.0,A,1,1.0,A,4.0,"Aireación (oxidación), Filtración rápida, Coagulación y Floculación, Sedimentación",1.0,A,6.0,90000.0,LITROS,1.0,MESES,1.0,A,1.0,24.0,31.0,31.0,27.0,,1.0,A,0.12,LITROS POR SEGUNDO,"Sí, y funciona",No,,MILIGRAMOS POR LITRO,2019-01-28,No aplica,2019-01-28,No aplica,2019-01-28,1.0,1.0,1.0,1.0,1.0,2
2018-12-06,,ABASTO EL CHUPAL PARTE ALTA,174311,Colombia,"CUNDINAMARCA,LA VEGA,El Chupal",CUNDINAMARCA,LA VEGA,El Chupal,5.031134,-74.284123,1924.0,25402003,,1997.0,4.0,1.0,"EL CHUPAL , EL CHUPAL CAMPIÑA CHONTE , EL CHUPAL HOYA GRANDE , EL CHUPAL SECTOR GUADUAL ",ASOCIACION DE USUARIOS DE LA VEREDA EL CHUPAL,164.0,41.0,,30700000.0,,SI,NO,NO,NO,NO,SI,1.0,Quebrada,0.9,LITROS POR SEGUNDO,0.0,D,1,0.4,C,1.0,Sedimentación,0.55,C,1.0,40000.0,LITROS,2.0,MESES,0.85,B,1.0,24.0,41.0,0.0,0.0,Mayor de 100 m,0.4,C,0.9,LITROS POR SEGUNDO,No se realiza,No,,MILIGRAMOS POR LITRO,2019-01-29,No aplica,2019-01-29,No aplica,2019-01-29,1.0,0.0,0.2,0.275,0.3688,2
2022-04-22,,ABASTO  PUBLICO DE AGUA VEREDA SINAI,174323,Colombia,"CUNDINAMARCA,GACHALÁ,SINAI",CUNDINAMARCA,GACHALÁ,SINAI,4.68879,-73.46521,2070.3,,,2002.0,4.0,1.0,"ARGELIA, BATATAS, SAN JOSE, SINAI CENTRO",GESTIÓN COMUNITARIA-  VEREDA SINAI,269.0,67.0,,55000000.0,,SI,NO,NO,NO,SI,SI,2.0,Ojo de agua o manantial,1.5,LITROS POR SEGUNDO,0.7,C,2,0.7,C,,,,,3.0,7500.0,LITROS,2.0,MESES,0.85,B,3.0,24.0,67.0,0.0,0.0,Mayor de 100 m,0.7,C,1.0,LITROS POR SEGUNDO,No se realiza,No,,MILIGRAMOS POR LITRO,,No aplica,2019-01-30,No aplica,2019-01-30,0.697,0.7348,0.9,0.0,0.5829,2
2018-11-19,,ACUEDUCTO RURAL VEREDA EL MANZANO,174330,Colombia,"CUNDINAMARCA,LA CALERA,El Manzano",CUNDINAMARCA,LA CALERA,El Manzano,4.6758444,-73.86118,2528.0,25-377-00,,2006.0,1.0,1.0,SECTOR EL MANZANO,ASOCIACION DE USUARIOS DEL ACUEDUCTO RURAL VEREDA EL MANZANO QUEBRADA LA CHUCUA DEL MUNICIPIO DE LA CALERA,280.0,70.0,,30000000.0,810000000.0,SI,NO,NO,NO,SI,SI,1.0,Quebrada,1.2,METROS CÚBICOS POR SEGUNDO,1.0,A,2,1.0,A,4.0,"Sedimentación, Desinfección con cloro, Filtración rápida, Coagulación y Floculación",0.925,A,2.0,135000.0,LITROS,6.0,MESES,0.85,B,2.0,24.0,70.0,70.0,70.0,,1.0,A,0.35,LITROS POR SEGUNDO,"Sí, y funciona",No,,MILIGRAMOS POR LITRO,2019-01-31,No aplica,2019-01-31,No aplica,2019-01-31,1.0,0.9602,0.8,0.9625,0.9307,2
2018-11-20,,ABASTO EL CHUSCAL,174334,Colombia,"CUNDINAMARCA,ZIPACÓN,EL CHUSCAL",CUNDINAMARCA,ZIPACÓN,EL CHUSCAL,4.780311,-74.363964,2745.0,25898,,1980.0,1.0,1.0,VEREDA CHUSCAL ,"ASOCIACION DE USUARIOS ACUEDUCTO VEREDA EL CHUSCAL ""ASUACHUZIPA""",792.0,198.0,Plan Departamental de Agua,60000000.0,,SI,NO,NO,NO,SI,SI,2.0,Quebrada,5.0,LITROS POR SEGUNDO,0.7,C,3,0.7,C,1.0,Sedimentación,0.55,C,5.0,500000000.0,LITROS,6.0,MESES,0.7,C,2.0,24.0,230.0,0.0,0.0,,0.7,C,4.0,LITROS POR SEGUNDO,No se realiza,"Sí, pero no de maner mayoritaria",,MILIGRAMOS POR LITRO,2019-01-31,No aplica,2019-01-31,No aplica,2019-01-31,1.0,0.7,0.9,0.275,0.7188,2
2018-11-29,,ABASTO RINCON SANTO,174338,Colombia,"CUNDINAMARCA,ZIPACÓN,RINCÓN SANTO",CUNDINAMARCA,ZIPACÓN,RINCÓN SANTO,4.749692,-74.371355,2451.0,25898003,,1980.0,1.0,1.0,RINCON SANTO,ASOCIACION DE USUARIOS DEL SERVICIO DE ACUEDUCTO RINCON SANTO,48.0,15.0,Programas del departamento,65000000.0,,SI,NO,NO,NO,SI,NO,1.0,Ojo de agua o manantial,4.0,LITROS POR SEGUNDO,0.7,C,1,0.7,C,1.0,Sedimentación,1.0,A,1.0,40000000.0,LITROS,6.0,MESES,0.7,C,1.0,24.0,15.0,0.0,0.0,,0.7,C,1.5,LITROS POR SEGUNDO,No se realiza,No,,MILIGRAMOS POR LITRO,2019-01-31,No aplica,2019-01-31,No aplica,2019-01-31,1.0,0.7,0.4,0.5,0.65,2
2018-11-27,,ABASTO EL PROGRESO ,174353,Colombia,"CUNDINAMARCA,SAN ANTONIO DEL TEQUENDAMA,QUINTAS COLOMBIA",CUNDINAMARCA,SAN ANTONIO DEL TEQUENDAMA,QUINTAS COLOMBIA,4.585284,-74.341547,1805.0,25645001,,1985.0,1.0,1.0,VILLA SHIN ,ASOCIACIÓN DE USUARIOS ACUEDUCTO EL PROGRESO ,600.0,150.0,Otros,4000000.0,,SI,NO,NO,NO,SI,SI,1.0,Quebrada,1.8,LITROS POR SEGUNDO,1.0,A,1,0.7,C,1.0,Sedimentación,1.0,A,1.0,62000.0,LITROS,2.0,MESES,0.85,B,1.0,24.0,150.0,0.0,0.0,,1.0,A,1.7,LITROS POR SEGUNDO,No se realiza,No,,MILIGRAMOS POR LITRO,2019-02-01,No aplica,2019-02-01,No aplica,2019-02-01,1.0,0.8783,1.0,0.5,0.8446,2
2018-11-27,,ABASTO DE AGUA DE LA VEREDA LA RAPIDA PARTE ALTA ,174375,Colombia,"CUNDINAMARCA,SAN ANTONIO DEL TEQUENDAMA,LA RAPIDA",CUNDINAMARCA,SAN ANTONIO DEL TEQUENDAMA,LA RAPIDA,4.581023,-74.363215,1600.0,25645000,,1998.0,1.0,1.0,LA RAPIDA ,ASOCIACION DE USUARIOS ACUEDUCTO VEREDA RAPIDA PARTE ALTA ,240.0,60.0,,20000000.0,,SI,NO,NO,NO,SI,SI,1.0,Quebrada,1.0,LITROS POR SEGUNDO,1.0,A,1,1.0,A,1.0,Sedimentación,1.0,A,1.0,22000.0,LITROS,1.0,MESES,1.0,A,1.0,24.0,60.0,0.0,0.0,,1.0,A,1.0,LITROS POR SEGUNDO,"Sí, y funciona","Sí, pero no de maner mayoritaria",9.9,MILIGRAMOS POR LITRO,2017-09-21,Sí pasa,2017-09-21,No aplica,2019-02-05,1.0,1.0,1.0,1.0,1.0,2
2018-11-06,,ABASTO VEREDA ALTO DE LAS PAVAS ,174383,Colombia,"CUNDINAMARCA,SILVANIA,SUBIA CENTRAL",CUNDINAMARCA,SILVANIA,SUBIA CENTRAL,4.47037,-74.37591,2013.0,25743005,,2002.0,1.0,1.0,SUBIA SECTOR LA LADRILLERA ,ASOCIACION ACUEDUCTO ALTO DE LAS PAVAS SECTRO SUBIA CENTRAL SECTOR LA LADRILLERA ,360.0,90.0,,6000000.0,33000000.0,SI,NO,NO,NO,SI,SI,1.0,Ojo de agua o manantial,0.15,METROS CÚBICOS POR SEGUNDO,0.7,C,1,1.0,A,1.0,Sedimentación,0.55,C,2.0,20000.0,LITROS,6.0,MESES,0.85,B,2.0,24.0,90.0,90.0,90.0,,1.0,A,0.05,LITROS POR SEGUNDO,No se realiza,No,,MILIGRAMOS POR LITRO,2019-02-06,No aplica,2019-02-06,No aplica,2019-02-06,1.0,0.8783,1.0,0.275,0.7883,2
2018-12-10,,ACUEDUCTO AUAR,174384,Colombia,"CUNDINAMARCA,SILVANIA,NORUEGA BAJA",CUNDINAMARCA,SILVANIA,NORUEGA BAJA,4.4817,-74.31975,2493.0,25-743,,1988.0,7.0,1.0,"AZAFRANAL LA ESPERANZA,  NORUEGA BAJA, NORUEGA BERDUM, SAN LUIS 1,  SUBIA ALTA,  SUBIA ALTA LA UNION, SUBIA ORIENTAL","ASOCIACION DE USUARIOS ACUEDUCTO REGIONAL DE LAS VEREDAS NORUEGA BAJA, SUBIA ALTA Y SUBIA ORIENTAL AUAR",887.5555555555555,246.0,Otros,25000000.0,,SI,NO,NO,NO,SI,SI,1.0,Quebrada,2.0,METROS CÚBICOS POR SEGUNDO,0.7,C,1,1.0,A,4.0,"Filtración rápida, Sedimentación, Desinfección con cloro, Coagulación y Floculación",1.0,A,2.0,207000.0,LITROS,6.0,MESES,0.7,C,6.0,24.0,246.0,246.0,246.0,,1.0,A,2.17,LITROS POR SEGUNDO,"Sí, y funciona",No,,MILIGRAMOS POR LITRO,2019-02-06,No aplica,2019-02-06,No aplica,2019-02-06,1.0,0.8367,1.0,1.0,0.9592,2
2018-12-10,,ABASTO  VEREDAL AGUA VIBA VICTORIA BAJA LAJAS,174388,Colombia,"CUNDINAMARCA,SILVANIA,VICTORIA BAJA",CUNDINAMARCA,SILVANIA,VICTORIA BAJA,4.44191,-74.33175,2214.0,25-743,,1998.0,4.0,1.0,"LA ESPERANZA , LAS  LAJAS , LOS GUAYABOS, VICTORIA BAJA ",ACUEDUCTO VEREDAL AGUA VIBA VICTORIA BAJA LAJAS ,93.31666666666666,29.0,,7000000.0,3000000.0,SI,NO,NO,NO,SI,SI,1.0,Quebrada,2.0,METROS CÚBICOS POR SEGUNDO,0.4,C,1,0.4,C,,,,,1.0,0.0,LITROS,,MESES,0.0,D,1.0,24.0,29.0,0.0,0.0,,0.4,C,0.45,LITROS POR SEGUNDO,No se realiza,No,,MILIGRAMOS POR LITRO,2019-02-06,No aplica,2019-02-06,No aplica,2019-02-06,0.0,0.0,1.0,0.1,0.275,2
2018-11-27,,ABASTO BELLA VISTA CENTRO VEREDA VANCOUVER DEL MUNICIPIO DE SAN ANTONIO,174396,Colombia,"CUNDINAMARCA,SAN ANTONIO DEL TEQUENDAMA,VANCOVER",CUNDINAMARCA,SAN ANTONIO DEL TEQUENDAMA,VANCOVER,4.58619,-74.350488,1829.0,25645016,,2000.0,1.0,1.0,VANCOUVER ,ACUEDUCTO BELLA VISTA CENTRO ,140.0,35.0,,12000000.0,4000000.0,SI,NO,NO,NO,SI,SI,1.0,Quebrada,0.86,LITROS POR SEGUNDO,1.0,A,1,1.0,A,1.0,Sedimentación,1.0,A,1.0,7000.0,LITROS,2.0,MESES,0.85,B,1.0,24.0,35.0,0.0,0.0,,1.0,A,0.2,LITROS POR SEGUNDO,No se realiza,No,,MILIGRAMOS POR LITRO,2019-02-07,No aplica,2019-02-07,No aplica,2019-02-07,1.0,0.9602,0.8,0.5,0.8151,2
2018-12-12,,ACUEDUCTO AGUACHICQUE - MUNICIPIO DE SAN ANTONIO,174408,Colombia,"CUNDINAMARCA,SAN ANTONIO DEL TEQUENDAMA,CHICAQUE",CUNDINAMARCA,SAN ANTONIO DEL TEQUENDAMA,CHICAQUE,4.60019,-74.316399,1997.0,25645,,2006.0,1.0,1.0,CHICAQUE,ASOCIACION DE AFILIADOS DEL ACUEDUCTO AGUACHICAQUE,360.0,90.0,Otros,2000000.0,,SI,NO,NO,NO,SI,SI,1.0,Quebrada,0.3,LITROS POR SEGUNDO,0.0,D,1,0.4,C,1.0,Sedimentación,0.55,C,1.0,90000.0,LITROS,2.0,MESES,0.85,B,1.0,24.0,90.0,0.0,0.0,,0.7,C,0.3,LITROS POR SEGUNDO,No se realiza,No,,MILIGRAMOS POR LITRO,2019-02-08,No aplica,2019-02-08,No aplica,2019-02-08,1.0,0.0,0.8,0.275,0.5188,2
2018-12-12,,"ABASTO DE LAS VEREDAS NAPOLES ,PONCHOS ,SEBASTOPOL ",174414,Colombia,"CUNDINAMARCA,SAN ANTONIO DEL TEQUENDAMA",CUNDINAMARCA,SAN ANTONIO DEL TEQUENDAMA,,4.625488,-74.36541,1206.0,25645000,,1976.0,4.0,1.0,"NAPOLES , PONCHOS , SAN ISIDRO , SEBASTOPOL",ASOCIACION DE USUARIOS DEL ACUEDUCTO ASUANAPONSE ,1040.0,260.0,Otros,6000000.0,,SI,NO,NO,NO,SI,SI,1.0,Quebrada,1.38,LITROS POR SEGUNDO,0.0,D,1,1.0,A,1.0,Sedimentación,0.55,C,2.0,150000.0,LITROS,2.0,MESES,1.0,A,1.0,24.0,260.0,0.0,0.0,,0.7,C,1.38,LITROS POR SEGUNDO,No se realiza,No,,MILIGRAMOS POR LITRO,2019-02-08,No aplica,2019-02-08,No aplica,2019-02-08,1.0,0.0,0.6,0.275,0.4688,2
2018-11-27,,ABASTO DE LA VEREDA CUSIO,174420,Colombia,"CUNDINAMARCA,SAN ANTONIO DEL TEQUENDAMA,CUSIO",CUNDINAMARCA,SAN ANTONIO DEL TEQUENDAMA,CUSIO,4.587385,-74.326454,1971.0,25645,,1972.0,1.0,1.0,CUSIO,ASOCIACION DEL ACUEDUCTO Y ALCANTARILLADO VEREDA CUSIO,320.0,80.0,Otros,5000000.0,,SI,NO,NO,NO,SI,SI,1.0,Quebrada,1.6,LITROS POR SEGUNDO,1.0,A,1,0.7,C,1.0,Sedimentación,1.0,A,2.0,126000.0,LITROS,1.0,MESES,0.85,B,2.0,13.0,80.0,0.0,0.0,,0.7,C,1.6,LITROS POR SEGUNDO,No se realiza,No,,MILIGRAMOS POR LITRO,2019-02-11,No aplica,2019-02-11,No aplica,2019-02-11,1.0,0.8033,1.0,0.5,0.8258,2
2018-12-19,,ABASTO EL RODEO ,174425,Colombia,"CUNDINAMARCA,LA CALERA,El Rodeo",CUNDINAMARCA,LA CALERA,El Rodeo,4.69492,-73.96276,2882.0,25377000,,1984.0,6.0,1.0,"CENTRO POBLADO, SECTOR ALTO DE LA BANDERA , SECTOR LA POPA, SECTOR MONSERRATE , SECTOR PALERMO , SECTOR SAN RAFAEL ",ASOCIACION DE SUSCRIPTORES DEL ACUEDUCTO ASUAVER EL RODEO ,784.0,196.0,,,20000000.0,SI,SI,NO,NO,SI,SI,1.0,Captación desde otro sistema,,,0.7,C,2,1.0,A,,,,,2.0,320000.0,LITROS,2.0,MESES,1.0,A,7.0,24.0,230.0,230.0,230.0,,1.0,A,2.6,LITROS POR SEGUNDO,No se realiza,No,,MILIGRAMOS POR LITRO,2019-02-11,Sí pasa,2018-07-23,Sí pasa,2018-07-23,1.0,0.9147,1.0,0.1,0.7537,2
2018-12-12,,ABASTO DE AGUA VEREDA PATIO BOLAS MUNICIPIO ,174426,Colombia,"CUNDINAMARCA,SAN ANTONIO DEL TEQUENDAMA,PATIO DE BOLAS",CUNDINAMARCA,SAN ANTONIO DEL TEQUENDAMA,PATIO DE BOLAS,4.615137,-74.356956,1307.0,25645,,1988.0,1.0,1.0,PATIO BOLAS,SISTEMA DE RIEGO A BAJA ESCALA VEREDA PATIO DE BOLAS,560.0,140.0,Otros,8000000.0,,SI,NO,NO,NO,SI,SI,1.0,Quebrada,0.5,LITROS POR SEGUNDO,0.7,C,1,1.0,A,1.0,Sedimentación,1.0,A,4.0,61000.0,LITROS,2.0,MESES,0.85,B,1.0,24.0,140.0,0.0,0.0,,1.0,A,0.5,LITROS POR SEGUNDO,No se realiza,No,,MILIGRAMOS POR LITRO,2019-02-11,No aplica,2019-02-11,No aplica,2019-02-11,1.0,0.8783,0.8,0.5,0.7946,2
2019-01-14,,ABASTO VEREDAL MINAS-LAURELES-ALIANZA,174436,Colombia,"CUNDINAMARCA,LA VEGA,Minas",CUNDINAMARCA,LA VEGA,Minas,4.935325,-74.30753,2265.0,25402,,1987.0,8.0,1.0,"CENTRO, EL CHUSCAL, LA ALIANZA, LAURELES ALTO, LAURELES BAJO, MINAS, MINAS SECTOR POBLADO, SAN JUAN PARTE ALTA SECTOR TRES ESQUINAS","ASOCIACION DE USUARIOS DEL ACUEDUCTO RURAL DE LAS VEREDAS MINAS, LAURELES Y ALIANZA. ASUAMINAL.",1985.0,513.0,Otros,3000000.0,160000000.0,SI,NO,NO,NO,SI,SI,1.0,Quebrada,4.5,LITROS POR SEGUNDO,1.0,A,1,1.0,A,1.0,Sedimentación,1.0,A,6.0,288000.0,LITROS,2.0,MESES,1.0,A,2.0,24.0,513.0,0.0,0.0,,1.0,A,4.0,LITROS POR SEGUNDO,No se realiza,"Sí, pero no de maner mayoritaria",,MILIGRAMOS POR LITRO,2019-02-12,No aplica,2019-02-12,No aplica,2019-02-12,1.0,1.0,1.0,0.5,0.875,2
2019-01-17,, ACUEDUCTO RURAL SAN JOSE EL TRIUNFO,174465,Colombia,"CUNDINAMARCA,LA CALERA,San Jose Del Triunfo",CUNDINAMARCA,LA CALERA,San Jose Del Triunfo,4.77168,-73.77741,2590.0,25377,,1994.0,2.0,1.0,"VEREDA EL TRIUNFO SECTOR CENTRO POBLADO, VEREDA EL TRIUNFO SECTOR EL RAUDAL ",GESTIÓN COMUNITARIA - VEREDA MURCA,499.0,125.0,,1500000.0,20500000.0,SI,NO,NO,NO,SI,SI,1.0,Quebrada,0.7,METROS CÚBICOS POR SEGUNDO,1.0,A,2,0.85,B,4.0,"Sedimentación, Sedimentación, Desinfección con cloro, Filtración rápida",1.0,A,2.0,140000.0,LITROS,12.37,MESES,0.5,C,4.0,24.0,126.0,126.0,126.0,,0.925,A,1.01,LITROS POR SEGUNDO,"Sí, y funciona",No,,MILIGRAMOS POR LITRO,2019-02-13,No pasa,2019-02-13,No aplica,2019-02-13,1.0,0.7918,1.0,1.0,0.9479,2
2019-01-18,,ACUEDUCTO  POZO DE LA  NUTRIA,174468,Colombia,"CUNDINAMARCA,LA CALERA,San Jose Del Triunfo",CUNDINAMARCA,LA CALERA,San Jose Del Triunfo,4.76803,-73.98011,2606.0,25377,,1982.0,6.0,2.0,"VEREDA EL TRIUNFO SECTOR EL CAMINITO, VEREDA EL TRIUNFO SECTOR EL CERRITO, VEREDA EL TRIUNFO SECTOR GOLONDRINAS , VEREDA EL TRIUNFO SECTOR LA CAÑADA , VEREDA EL TRIUNFO SECTOR LOS MARTIRES , VEREDA EL TRIUNFO SECTOR SAN ANTONIO","GESTIÓN COMUNITARIA - VEREDA SANTA BARBARA DE GACHALA, ASOCIACION DE USUARIOS ACUEDUCTO LOS CRISTALES VANCOUVER Y RAMBLA BAJA",389.0526315789474,110.0,,15000000.0,2800000.0,SI,NO,NO,NO,SI,SI,1.0,Quebrada,0.8,METROS CÚBICOS POR SEGUNDO,1.0,A,2,1.0,A,5.0,"Filtración rápida, Sedimentación, Coagulación y Floculación, Desinfección con cloro, Sedimentación",1.0,A,2.0,260000.0,LITROS,6.0,MESES,0.85,B,4.0,24.0,122.0,122.0,122.0,,1.0,A,0.8,LITROS POR SEGUNDO,"Sí, y funciona",No,,MILIGRAMOS POR LITRO,2019-02-13,No aplica,2019-02-13,No aplica,2019-02-13,1.0,0.9602,1.0,1.0,0.99,2
2019-01-16,,ABASTO CAÑADA MORENA,174511,Colombia,"CUNDINAMARCA,LA CALERA,Marquez",CUNDINAMARCA,LA CALERA,Marquez,4.79435,-73.98526,2708.0,25377000,,1982.0,1.0,1.0,ALTAMIZAR ,ASOCIACION DE USUARIOS DEL ACUEDUCTO RURAL CAÑADA MORENA ,89.9,29.0,,600000.0,,SI,NO,NO,NO,SI,SI,1.0,Quebrada,,,0.4,C,1,0.4,C,,,,,1.0,50000.0,LITROS,12.37,MESES,0.35,D,1.0,24.0,29.0,0.0,0.0,,1.0,A,0.43,LITROS POR SEGUNDO,No se realiza,No,,MILIGRAMOS POR LITRO,2019-02-14,No aplica,2019-02-14,No aplica,2019-02-14,1.0,0.4865,1.0,0.0,0.6216,2
2019-01-14,," ACUEDUCTO MARQUEZ LA AURORA ""ASUARMA""",174512,Colombia,"CUNDINAMARCA,LA CALERA,Marquez",CUNDINAMARCA,LA CALERA,Marquez,4.77433,-73.99758,2590.0,25377000,,1975.0,8.0,1.0,"BALCONES DE BELEN , BELEN , CENTRO POBLADO , EL CARMEN, LA GLORIETA , LA LUCHA , LAS CASITAS , MIRAVALLES ","ASOCIACIÓN DE USUARIOS DEL ACUEDUCTO MARQUEZ LA AURORA ""ASUARMA""",1111.0,320.0,,,,SI,NO,NO,NO,SI,SI,1.0,Quebrada,0.5,METROS CÚBICOS POR SEGUNDO,0.7,C,1,1.0,A,5.0,"Sedimentación, Sedimentación, Coagulación y Floculación, Filtración rápida, Desinfección con cloro",1.0,A,1.0,100000.0,LITROS,3.0,MESES,0.85,B,2.0,24.0,320.0,320.0,320.0,,1.0,A,1.38,LITROS POR SEGUNDO,"Sí, y funciona",No,,MILIGRAMOS POR LITRO,2019-02-14,No aplica,2019-02-14,No aplica,2019-02-14,1.0,0.8783,1.0,1.0,0.9696,2
2022-04-26,,ABASTO  PUBLICO DE AGUA SANTA BARBARA LA PICHONERA,174538,Colombia,"CUNDINAMARCA,UBALÁ,SANTA BARBARA",CUNDINAMARCA,UBALÁ,SANTA BARBARA,4.77905,-73.46645,2102.1,,,1980.0,4.0,1.0,"EL CARTUCHO, EL JIQUAL, LA PICHONERA, TRES ESQUINAS",GESTIÓN COMUNITARIA - VEREDA SANTABARBARA DE UBALA,326.0,78.0,,9000000.0,5000000.0,SI,NO,NO,NO,SI,SI,1.0,Quebrada,1.8,LITROS POR SEGUNDO,0.7,C,1,0.7,C,,,,,2.0,57000.0,LITROS,12.37,MESES,0.35,D,2.0,24.0,78.0,0.0,0.0,Mayor de 100 m,0.7,C,1.5,LITROS POR SEGUNDO,No se realiza,No,,MILIGRAMOS POR LITRO,,No aplica,2019-02-19,No aplica,2019-02-19,1.0,0.5886,1.0,0.425,0.7534,2
2018-11-14,,ABASTO  RURAL LA FLORIDA ,174555,Colombia,"CUNDINAMARCA,LA CALERA,Santa Helena",CUNDINAMARCA,LA CALERA,Santa Helena,4.74544,-73.92273,2944.0,25377000,,1985.0,1.0,1.0,SECTOR BOLICHE ,ASOCIACION DE USUARIOS DEL ACUEDUCTO RURAL LA FLORIDA ,114.0,36.0,,900000.0,15000000.0,SI,NO,NO,NO,SI,SI,1.0,Quebrada,1.2,METROS CÚBICOS POR SEGUNDO,0.7,C,1,1.0,A,,,,,2.0,55000.0,LITROS,12.37,MESES,0.5,C,2.0,24.0,36.0,0.0,0.0,,0.7,C,0.2,LITROS POR SEGUNDO,No se realiza,No,,MILIGRAMOS POR LITRO,2019-02-21,No aplica,2019-02-21,No aplica,2019-02-21,1.0,0.7035,0.8,0.1,0.6509,2
2022-05-17,,ABASTO  PUBLICO DE AGUA VEREDA VEGA DE SAN JUAN,174556,Colombia,"CUNDINAMARCA,GACHALÁ,VEGA DE SAN JUAN",CUNDINAMARCA,GACHALÁ,VEGA DE SAN JUAN,4.724053,-73.4704,1983.6,,,1998.0,7.0,2.0,"RAMAL ACOSTA, RAMAL GONZALEZ, SAN JUAN CENTRO, SANTA ROSA, SECTOR LA ESCUELA , TUNEL FALSO, VEGA DE SAN JUAN BAJO","GESTIÓN COMUNITARIA VEREDA VEGA DE SAN JUAN, ASOCIACION DE USUARIOS DEL ACUEDUCTO Y ASEO RURAL DE LA INSPECCIÓN CHUSCALES",393.0,106.0,,500000.0,,SI,NO,NO,NO,SI,SI,1.0,Quebrada,0.7,LITROS POR SEGUNDO,0.7,C,1,0.7,C,,,,,1.0,20000.0,LITROS,2.0,MESES,0.85,B,2.0,24.0,65.0,0.0,0.0,Mayor de 100 m,0.7,C,0.11,LITROS POR SEGUNDO,No se realiza,No,,MILIGRAMOS POR LITRO,,No aplica,2019-02-22,No aplica,2019-02-22,1.0,0.7348,1.0,0.425,0.7899,2
2018-11-29,,ABASTO DE AGUA  ARRACACHAL BAJO,174583,Colombia,"CUNDINAMARCA,SAN ANTONIO DEL TEQUENDAMA",CUNDINAMARCA,SAN ANTONIO DEL TEQUENDAMA,,4.569118,-74.322689,2115.0,25645000,,1996.0,1.0,1.0,ARRACHACHAL PARTE BAJA ,ASOCIACIÓN DE USUARIOS DEL ACUEDUCTO ARRACACHAL PARTE BAJA ,536.0,160.0,,8000000.0,3000000.0,SI,NO,NO,NO,SI,SI,1.0,Quebrada,2.5,LITROS POR SEGUNDO,1.0,A,1,1.0,A,4.0,"Aireación (oxidación), Sedimentación, Coagulación y Floculación, Desinfección con cloro",0.8875,B,3.0,95000.0,LITROS,2.0,MESES,1.0,A,1.0,24.0,160.0,60.0,60.0,,1.0,A,2.5,LITROS POR SEGUNDO,No se realiza,No,8.0,MILIGRAMOS POR LITRO,2018-03-05,Sí pasa,2019-03-05,Sí pasa,2018-03-05,1.0,1.0,0.6,0.4437,0.7609,2
2019-02-14,,ABASTO VEREDA PONCHOS Y ZARAGOZA ,174812,Colombia,"CUNDINAMARCA,SAN ANTONIO DEL TEQUENDAMA,SARAGOZA",CUNDINAMARCA,SAN ANTONIO DEL TEQUENDAMA,SARAGOZA,4.62726,-74.360562,1700.0,25645,,1996.0,2.0,1.0,"PONCHOS , ZARAGOZA",ASOCIACION DE USUARIOS DEL ACUEDUCTO DE LAS VEREDAS PONCHOS Y ZARAGOZA ,1048.0,262.0,,3000000.0,,SI,NO,NO,NO,SI,SI,1.0,Quebrada,0.8,LITROS POR SEGUNDO,0.7,C,1,0.7,C,1.0,Sedimentación,1.0,A,5.0,72068.14,LITROS,3.0,MESES,0.7,C,2.0,24.0,262.0,0.0,0.0,,0.7,C,0.8,LITROS POR SEGUNDO,No se realiza,No,,MILIGRAMOS POR LITRO,2019-03-20,No aplica,2019-03-20,No aplica,2019-03-20,1.0,0.7,1.0,0.5,0.8,2
2019-02-15,,ACUEDUCTO DE LAS VEREDAS DEL SUR COOVESUR LTDA.E.S.P,174833,Colombia,"CUNDINAMARCA,FUSAGASUGÁ",CUNDINAMARCA,FUSAGASUGÁ,,4.333,-74.35,2009.0,25290000,,1972.0,10.0,1.0,"BOCHICA CENTRO , BOCHICA CONSUELO , ESPINALITO, GUAYABAL, LA ISLA , LA UNION, MESITAS , PALACIOS , SARDINAS , TRINIDAD",COOPERATIVA DE USUARIOS DEL ACUEDUCTO DE LAS VEREDAS DEL SUR COOVESUR LTDA.E.S.P,4800.0,1200.0,"Otros, Otros",950000.0,444160000.0,SI,NO,NO,NO,SI,SI,1.0,Río,3.0,METROS CÚBICOS POR SEGUNDO,0.7,C,6,1.0,A,8.0,"Coagulación y Floculación, Coagulación y Floculación, Desinfección con cloro, Filtración lenta, Filtración rápida, Sedimentación, Desinfección con cloro, Sedimentación",1.0,A,6.0,300000.0,LITROS,3.0,MESES,0.85,B,7.0,24.0,1200.0,1200.0,1200.0,,0.74285716,B,1.3,LITROS POR SEGUNDO,"Sí, y funciona",No,1.5,MILIGRAMOS POR LITRO,2019-01-25,Sí pasa,2019-01-25,Sí pasa,2019-01-25,1.0,0.8154,0.6,1.0,0.8538,2
2019-02-28,,ACUEDUCTO LAGUNA VERDE VEREDA SAN RAIMUNDO,174851,Colombia,"CUNDINAMARCA,GRANADA,SAN RAIMUNDO",CUNDINAMARCA,GRANADA,SAN RAIMUNDO,4.50209,-74.36996,2300.0,2531203,,1984.0,1.0,1.0,SAN RAIMUNDO ,ASOCIACION DE USUARIOS DEL ACUEDUCTO LAGUNA VERDE  VEREDA SAN RAIMUNDO  TERRITORIAL DEL MUNICIPIO DE GRANADA CUNDINAMARCA ASALAV ,680.0,170.0,Otros,,290000000.0,SI,NO,NO,NO,SI,SI,1.0,Quebrada,1.2,METROS CÚBICOS POR SEGUNDO,1.0,A,1,1.0,A,5.0,"Filtración lenta, Desinfección con cloro, Sedimentación, Coagulación y Floculación, Sedimentación",1.0,A,2.0,475000.0,LITROS,3.0,MESES,0.85,B,1.0,24.0,170.0,170.0,150.0,,1.0,A,1.74,LITROS POR SEGUNDO,"Sí, y funciona",No,,MILIGRAMOS POR LITRO,2019-03-26,No pasa,2019-03-26,No pasa,2019-03-26,1.0,0.9602,1.0,1.0,0.99,2
2021-10-12,,ABASTO DE AGUA SECTOR LAS AJUNTAS,174922,Colombia,"CUNDINAMARCA,LA PALMA,HOYA DE TUDELA,LAS AJUNTAS",CUNDINAMARCA,LA PALMA,"HOYA DE TUDELA,LAS AJUNTAS",5.298049,-74.410503,1457.0,,,2016.0,1.0,1.0,LAS AJUNTAS,GESTION COMUNITARIA LAS AJUNTAS,44.0,15.0,"Programa Rural, Otros",,,SI,NO,NO,NO,SI,SI,1.0,Quebrada,0.75,LITROS POR SEGUNDO,1.0,A,1,0.7,C,,,,,1.0,6000.0,LITROS,2.0,MESES,0.85,B,1.0,24.0,15.0,0.0,0.0,Mayor de 100 m,0.7,C,0.75,LITROS POR SEGUNDO,No se realiza,No,,MILIGRAMOS POR LITRO,,No aplica,2019-03-31,No aplica,2019-03-31,1.0,0.8033,1.0,0.0,0.7008,2
2019-02-01,,ABASTO EL SILENCIO,174937,Colombia,"CUNDINAMARCA,CAPARRAPÍ,Vereda Alto Del Gramal",CUNDINAMARCA,CAPARRAPÍ,Vereda Alto Del Gramal,5.405745,-74.455549,1488.0,25148,,1982.0,5.0,2.0,"ALTO DEL GRAMAL, ALTO DEL INDIO , CARBONERA EL SILENCIO , EL SILENCIO, PATALINARES","ACUEDUCTO SUBIA CARBONERA EL SILENCIO , ACUEDUCTO COMUNAL EL SILENCIO",598.2608695652174,156.0,Plan Departamental de Agua,50000000.0,,SI,NO,NO,NO,NO,NO,1.0,Quebrada,3.0,LITROS POR SEGUNDO,0.7,C,2,0.85,B,,,,,2.0,60000.0,LITROS,6.0,MESES,0.7,C,2.0,24.0,140.0,,,,0.7,C,2.0,LITROS POR SEGUNDO,No se realiza,No,,MILIGRAMOS POR LITRO,2019-04-01,No aplica,2019-04-01,No aplica,2019-04-01,1.0,0.7348,1.0,0.1,0.7087,2
2018-11-02,,"ABASTO SAN CARLOS, LA MORADA Y CALACA",174944,Colombia,"CUNDINAMARCA,CAPARRAPÍ,SAN CARLOS",CUNDINAMARCA,CAPARRAPÍ,SAN CARLOS,5.441161,-74.497427,900.0,25148009,,1987.0,3.0,1.0,"LA CALACA, LA MORADA, SAN CARLOS","ASOCIACION DE SUSCRIPTORES DEL ACUEDUCTO SAN CARLOS, LA MORADA Y CALACA.",818.0,210.0,Otros,20000000.0,15000000.0,SI,NO,NO,NO,NO,SI,1.0,Quebrada,5.0,LITROS POR SEGUNDO,0.7,C,1,0.7,C,1.0,Sedimentación,0.85,B,2.0,185000.0,LITROS,3.0,MESES,0.7,C,2.0,19.0,210.0,,,,0.7,C,2.0,LITROS POR SEGUNDO,No se realiza,No,,MILIGRAMOS POR LITRO,2019-04-01,No aplica,2019-04-01,No aplica,2019-04-01,1.0,0.7,0.8,0.425,0.7312,2
2018-11-27,,ABASTO EL VALIENTE,174950,Colombia,"CUNDINAMARCA,CAPARRAPÍ,Vereda El Valiente",CUNDINAMARCA,CAPARRAPÍ,Vereda El Valiente,5.46274,-74.50792,880.0,25148,,1996.0,1.0,1.0,EL VALIENTE,ASOCIACION DE SUSCRIPTORES DEL ACUEDUCTO VEREDA EL VALIENTE,128.0,32.0,,22000000.0,20000000.0,SI,NO,NO,NO,SI,SI,1.0,Quebrada,2.5,LITROS POR SEGUNDO,0.7,C,1,0.7,C,1.0,Sedimentación,0.55,C,1.0,20000.0,LITROS,6.0,MESES,0.7,C,2.0,24.0,32.0,,,,0.7,C,2.0,LITROS POR SEGUNDO,No se realiza,No,,MILIGRAMOS POR LITRO,2019-04-02,No aplica,2019-04-02,No aplica,2019-04-02,1.0,0.7,0.8,0.275,0.6937,2
2018-11-30,,ACUEDUCTO ASOJOYA,174953,Colombia,"CUNDINAMARCA,ZIPACÓN,PUEBLO VIEJO",CUNDINAMARCA,ZIPACÓN,PUEBLO VIEJO,4.785731,-74.376871,1802.0,25898002,,1990.0,1.0,1.0,SECTOR MANJUI,ASOCIACION DE USUARIOS DEL ACUEDUCTO Y SANEAMIENTO BASICO VEREDA PUEBLO VIEJO SECTOR LA JOYA SABANA LARGA,88.0,36.0,,45000000.0,40000000.0,SI,NO,NO,NO,SI,SI,1.0,Quebrada,5.0,LITROS POR SEGUNDO,1.0,A,1,1.0,A,1.0,Desinfección con cloro,1.0,A,1.0,50000000.0,LITROS,6.0,MESES,0.85,B,1.0,24.0,36.0,36.0,36.0,,1.0,A,2.0,LITROS POR SEGUNDO,"Sí, y funciona",No,,MILIGRAMOS POR LITRO,2019-04-02,No aplica,2019-04-02,No aplica,2019-04-02,1.0,0.9602,1.0,1.0,0.99,2
2019-02-01,,"ABASTO LA LAJA, ALTERON NORTE",174957,Colombia,"CUNDINAMARCA,CAPARRAPÍ,Vereda La Laja",CUNDINAMARCA,CAPARRAPÍ,Vereda La Laja,5.45303,-74.4812,943.0,25148,,1995.0,3.0,1.0,"ALTERON NORTE, LA LAJA, LA LAJA SECTOR SALINAS",ASOCIACION DE USUARIOS DEL SERVICIO DE ACUEDUCTO DE LA LAJA Y ALTERON NORTE,343.0,94.0,Plan Departamental de Agua,40000000.0,40000000.0,SI,NO,NO,NO,SI,SI,1.0,Quebrada,7.0,LITROS POR SEGUNDO,0.7,C,2,0.85,B,1.0,Sedimentación,1.0,A,2.0,65000.0,LITROS,6.0,MESES,0.7,C,3.0,24.0,94.0,,,,0.9,B,3.0,LITROS POR SEGUNDO,No se realiza,No,,MILIGRAMOS POR LITRO,2019-04-02,No aplica,2019-04-02,No aplica,2019-04-02,1.0,0.7825,0.8,0.5,0.7706,2
2019-02-01,,ABASTO CAMBULOS,174986,Colombia,"CUNDINAMARCA,CAPARRAPÍ,CAMBULO",CUNDINAMARCA,CAPARRAPÍ,CAMBULO,5.243603,-74.539083,1379.0,25148010,,1989.0,2.0,1.0,"CAMBULOS SECTOR LA HOYA, EL CAMBULO",ASOCIACION DE SUSCRIPTORES DEL ACUEDUCTO DE LA INSPECCION CAMBULOS,150.0,40.0,Plan Departamental de Agua,80000000.0,,SI,NO,NO,NO,NO,NO,1.0,Quebrada,1.8,LITROS POR SEGUNDO,0.7,C,2,1.0,A,1.0,Sedimentación,0.85,B,2.0,60000.0,LITROS,6.0,MESES,0.7,C,2.0,24.0,40.0,,,,0.85,B,1.0,LITROS POR SEGUNDO,No se realiza,No,,MILIGRAMOS POR LITRO,2019-04-03,No aplica,2019-04-03,No aplica,2019-04-03,1.0,0.8033,0.6,0.425,0.7071,2
2019-02-01,,ABASTO TERAN,174992,Colombia,"CUNDINAMARCA,YACOPÍ,TERAN",CUNDINAMARCA,YACOPÍ,TERAN,5.716493,-74.449629,1218.0,25885008,,1985.0,1.0,1.0,INSPECCION TERAN,ACUEDUCTO DE USUARIOS TERAN,336.0,84.0,Plan Departamental de Agua,60000000.0,,SI,NO,NO,NO,NO,NO,1.0,Quebrada,12.0,LITROS POR SEGUNDO,0.7,C,2,0.85,B,1.0,Sedimentación,0.55,C,1.0,30000.0,LITROS,6.0,MESES,0.7,C,1.0,24.0,84.0,0.0,0.0,Mayor de 100 m,0.7,C,2.5,LITROS POR SEGUNDO,No se realiza,No,,MILIGRAMOS POR LITRO,2019-04-03,No aplica,2019-04-03,No aplica,2019-04-03,1.0,0.7348,0.8,0.275,0.7024,2
2019-02-01,,ABASTO PATEVACA,174999,Colombia,"CUNDINAMARCA,YACOPÍ,PATEVACA",CUNDINAMARCA,YACOPÍ,PATEVACA,5.758614,-74.417688,1496.0,25885018,,1985.0,1.0,1.0,PATEVACA,ACUEDUCTO VEREDA PATEVACA,380.0,95.0,Plan Departamental de Agua,50000000.0,,SI,SI,NO,NO,SI,SI,2.0,Pozo Perforado,4.0,LITROS POR SEGUNDO,0.7,C,2,0.7,C,1.0,Sedimentación,0.4,C,1.0,30000.0,LITROS,6.0,MESES,0.7,C,2.0,12.0,95.0,0.0,0.0,Mayor de 100 m,0.35,D,1.5,LITROS POR SEGUNDO,No se realiza,No,,MILIGRAMOS POR LITRO,2019-04-03,No aplica,2019-04-03,No aplica,2019-04-03,1.0,0.5886,0.8,0.2,0.6472,2
2019-02-01,,ABASTO EL CHORRO-SABANETA-BARRANQUILLAS,175009,Colombia,"CUNDINAMARCA,CAPARRAPÍ,Vereda El Chorro",CUNDINAMARCA,CAPARRAPÍ,Vereda El Chorro,5.407118,-74.456076,1421.0,25148,,1988.0,3.0,1.0,"BARRANQUILLAS, EL CHORRO , SABANETA","ASOCIACION DE SUSCRIPTORES DEL ACUEDUCTO VEREDA BARRANQUILLAS, SABANETA Y EL CHORRO",191.8378191856453,66.0,Plan Departamental de Agua,80000000.0,,SI,NO,NO,NO,NO,SI,1.0,Quebrada,4.0,LITROS POR SEGUNDO,0.7,C,4,0.775,B,1.0,Sedimentación,0.55,C,3.0,85000.0,LITROS,6.0,MESES,0.7,C,3.0,24.0,66.0,66.0,66.0,,0.7,C,2.0,LITROS POR SEGUNDO,No se realiza,No,,MILIGRAMOS POR LITRO,2019-04-03,No aplica,2019-04-03,No aplica,2019-04-03,1.0,0.718,1.0,0.275,0.7482,2
2019-02-02,,ABASTO NARANJOS,175015,Colombia,"CUNDINAMARCA,CAPARRAPÍ,LOS NARAJOS",CUNDINAMARCA,CAPARRAPÍ,LOS NARAJOS,5.536907,-74.471615,701.0,25148,,2015.0,3.0,1.0,"ACUAPARALES, NARANJOS, NARANJOS SECTOR HOYA CALIENTE","ASOCIACION DE AFILIADOS DEL SERVICIO DE ACUEDUCTO DE LAS VEREDAS NARANJOS, ACUAPARALES DEL MUNICIPIO DE CAPARRAPI DE CUNDINAMARCA",80.0,20.0,Otros,50000000.0,40000000.0,NO,SI,NO,NO,SI,NO,1.0,Quebrada,10.0,LITROS POR SEGUNDO,0.7,C,1,0.7,C,,,,,2.0,20000.0,LITROS,6.0,MESES,0.85,B,1.0,24.0,50.0,,,,0.7,C,1.0,LITROS POR SEGUNDO,No se realiza,No,,MILIGRAMOS POR LITRO,2019-04-03,No aplica,2019-04-03,No aplica,2019-04-03,1.0,0.7348,0.8,0.1,0.6587,2
2019-02-28,,ACUEDUCTO COMUNAL VEREDA RODAMONTAL,175050,Colombia,"CUNDINAMARCA,COGUA,Rodamontal",CUNDINAMARCA,COGUA,Rodamontal,5.06275,-73.99704,2758.0,25200002,,1957.0,1.0,1.0,RODAMONTAL ,JUNTA DE ACCION COMUNAL VEREDA RODAMONTAL ,2320.0,580.0,,,300000000.0,SI,NO,NO,NO,SI,SI,1.0,Río,3.0,METROS CÚBICOS POR SEGUNDO,1.0,A,4,1.0,A,5.0,"Coagulación y Floculación, Desinfección con cloro, Sedimentación, Sedimentación, Filtración lenta",1.0,A,3.0,310000.0,LITROS,3.0,MESES,0.85,B,2.0,24.0,580.0,580.0,580.0,,1.0,A,6.07,LITROS POR SEGUNDO,"Sí, y funciona",No,0.86,MILIGRAMOS POR LITRO,2019-01-30,Sí pasa,2019-01-30,Sí pasa,2019-01-30,1.0,0.9602,1.0,1.0,0.99,2
2019-01-15,,ACUEDUCTO VEREDAL AURORA ALTA,175068,Colombia,"CUNDINAMARCA,LA CALERA,Aurora Alta",CUNDINAMARCA,LA CALERA,Aurora Alta,4.76659,-74.01662,2885.0,25-377-000,,2002.0,3.0,2.0,"EL RINCON, SECTOR LOS COLEGIOS, SECTOR SAN NICOLAS","ASOCIACION DE SUSCRIPTORES DEL ACUEDUCTO LA AURORA, ASOCIACION DEL ACUEDUCTO VEREDAL AURORA ALTA",129.0,40.0,,20000000.0,212000000.0,SI,NO,NO,NO,SI,SI,1.0,Quebrada,0.5,METROS CÚBICOS POR SEGUNDO,1.0,A,1,1.0,A,3.0,"Desinfección con cloro, Filtración rápida, Sedimentación",1.0,A,3.0,140000.0,LITROS,3.0,MESES,0.85,B,1.0,24.0,128.0,128.0,128.0,,1.0,A,1.3,LITROS POR SEGUNDO,"Sí, y funciona","Sí, pero no de maner mayoritaria",,MILIGRAMOS POR LITRO,2019-04-07,No aplica,2019-04-07,No aplica,2019-04-07,1.0,0.9602,1.0,1.0,0.99,2
2019-02-02,,ABASTO VEREDAL LA AUARORA ALTA SEGUNDO SECTOR ¨´Asuacal II´¨,175070,Colombia,"CUNDINAMARCA,LA CALERA,Aurora Alta",CUNDINAMARCA,LA CALERA,Aurora Alta,4.76797,-74.00975,2720.0,25-377-000,,1998.0,1.0,1.0,SECTOR CENTRO POBLADO,ACUEDUCTO VEREDAL LA AURORA ALTA SEGUNDO SECTOR ¨¨ ASUACAL II ¨¨,364.0,91.0,,45000000.0,60000000.0,SI,NO,NO,NO,SI,SI,1.0,Quebrada,0.2,METROS CÚBICOS POR SEGUNDO,1.0,A,2,1.0,A,1.0,Sedimentación,1.0,A,5.0,150000.0,LITROS,6.0,MESES,0.85,B,3.0,24.0,91.0,91.0,91.0,,1.0,A,0.92,LITROS POR SEGUNDO,No se realiza,No,,MILIGRAMOS POR LITRO,2019-04-07,No pasa,2019-04-07,No pasa,2019-04-07,1.0,0.9602,1.0,0.5,0.865,2
2019-02-22,,ABASTO BUENOS AIRES LOS PINOS,175073,Colombia,"CUNDINAMARCA,LA CALERA,BUENOS AIRES LOS PINOS",CUNDINAMARCA,LA CALERA,BUENOS AIRES LOS PINOS,4.71998,-73.90139,3100.0,25-377-00,,1994.0,1.0,1.0,SECTOR BUENOS AIRES ALTO,asociacion de usuarios del servicio de acueducto buenos aires los pinos,384.0,96.0,,,8000000.0,SI,NO,NO,NO,SI,SI,2.0,Quebrada,0.45,METROS CÚBICOS POR SEGUNDO,1.0,A,4,1.0,A,2.0,"Sedimentación, Sedimentación",1.0,A,4.0,117000.0,LITROS,3.0,MESES,0.85,B,2.0,24.0,96.0,96.0,96.0,,1.0,A,0.87,LITROS POR SEGUNDO,No se realiza,No,,MILIGRAMOS POR LITRO,2019-04-07,No aplica,2019-04-07,No aplica,2019-04-07,1.0,0.9602,0.7,0.5,0.79,2
2019-02-28,,ABASTO BUENOS AIRES GRANADILLO ¨¨ ASUAGRA¨¨,175076,Colombia,"CUNDINAMARCA,LA CALERA,Buenos Aires La Epifania",CUNDINAMARCA,LA CALERA,Buenos Aires La Epifania,4.71017,-73.94254,2777.0,25-377-000,,1999.0,1.0,1.0,SECTOR GRANADILLO,ASOCIACIÓN DE USUARIOS DE ACUEDUCTO BUENOS AIRES  GRANADILLO ¨¨ASUAGRA¨¨,80.0,20.0,,25000000.0,,SI,NO,NO,NO,SI,SI,1.0,Otras,0.15,METROS CÚBICOS POR SEGUNDO,1.0,A,1,1.0,A,1.0,Sedimentación,1.0,A,1.0,40000.0,LITROS,2.0,MESES,1.0,A,1.0,24.0,20.0,20.0,20.0,,1.0,A,0.35,LITROS POR SEGUNDO,No se realiza,No,,MILIGRAMOS POR LITRO,2019-04-07,No aplica,2019-04-07,No aplica,2019-04-07,1.0,1.0,1.0,0.5,0.875,2
2019-02-27,,ABASTO RURAL VEREDAL MUNDO NUEVO,175079,Colombia,"CUNDINAMARCA,LA CALERA,Mundo Nuevo",CUNDINAMARCA,LA CALERA,Mundo Nuevo,4.66207,-73.86963,2385.0,25-377-002,,1974.0,1.0,1.0,SECTOR CENTRO POBLADO ,ASOCIACIÓN DE USUARIOS DEL ACUEDUCTO RURAL VEREDA MUNDO NUEVO,280.0,70.0,,45000000.0,,SI,NO,NO,NO,SI,SI,1.0,Otras,0.5,METROS CÚBICOS POR SEGUNDO,1.0,A,1,1.0,A,1.0,Sedimentación,1.0,A,1.0,200000.0,LITROS,3.0,MESES,0.85,B,1.0,24.0,70.0,0.0,0.0,,1.0,A,0.25,LITROS POR SEGUNDO,No se realiza,No,,MILIGRAMOS POR LITRO,2019-04-07,No aplica,2019-04-07,No aplica,2019-04-07,1.0,0.9602,1.0,0.5,0.865,2
2018-11-16,,ABASTO JERUSALEN,175085,Colombia,"CUNDINAMARCA,LA CALERA,Jerusalen",CUNDINAMARCA,LA CALERA,Jerusalen,4.67404,-73.92633,2746.0,25-377-000,,1990.0,2.0,1.0,"SECTOR LA LOMA, SECTOR LA VIRGEN",ASOCIACIÓN DE USUARIOS  DEL ACUEDUCTO RURAL DE JERUSALÉN,160.0,52.0,,3500000.0,,SI,NO,NO,NO,SI,SI,1.0,Quebrada,1.2,METROS CÚBICOS POR SEGUNDO,1.0,A,1,1.0,A,,,,,2.0,75283.91,LITROS,12.0,MESES,0.55,C,3.0,24.0,52.0,52.0,52.0,,0.7,C,0.47,LITROS POR SEGUNDO,No se realiza,No,,MILIGRAMOS POR LITRO,2019-04-08,No aplica,2019-04-08,No aplica,2019-04-08,1.0,0.7877,0.8,0.0,0.6469,2
2018-12-19,,ACUEDUCTO SAN CAYETANO,175092,Colombia,"CUNDINAMARCA,LA CALERA,San Cayetano",CUNDINAMARCA,LA CALERA,San Cayetano,4.78802,-73.93916,2591.0,25-377-000,,1969.0,1.0,1.0,SECTOR CENTRO POBLADO,JUNTA DE ACCIÓN COMUNAL DE SAN CAYETANO,81.0,20.0,,,46000000.0,SI,NO,NO,NO,SI,SI,1.0,Quebrada,0.8,METROS CÚBICOS POR SEGUNDO,1.0,A,2,1.0,A,4.0,"Desinfección con cloro, Coagulación y Floculación, Filtración rápida, Sedimentación",0.5875,C,2.0,130000.0,LITROS,6.0,MESES,0.525,C,3.0,24.0,20.0,20.0,20.0,,1.0,A,0.87,LITROS POR SEGUNDO,"Sí, y funciona",No,,MILIGRAMOS POR LITRO,2019-04-08,No pasa,2019-04-08,No pasa,2019-04-08,1.0,0.8512,0.8,0.7937,0.8612,2
2019-01-09,,ACUEDUCTO AGUAS SANTANDERSITO,175104,Colombia,"CUNDINAMARCA,SAN ANTONIO DEL TEQUENDAMA,SANTANDERCITO",CUNDINAMARCA,SAN ANTONIO DEL TEQUENDAMA,SANTANDERCITO,4.587787,-74.348395,1704.0,25-645-001,,1976.0,1.0,1.0,CENTRO POBLADO DE SANTANDERSITO,ASOCIACIÓN DE USUARIOS AGUAS DE SANTANDERSITO,1016.0,254.0,,5000000.0,15000000.0,SI,NO,NO,NO,NO,SI,1.0,Quebrada,6.0,LITROS POR SEGUNDO,1.0,A,1,1.0,A,4.0,"Filtración rápida, Sedimentación, Aireación (oxidación), Coagulación y Floculación",1.0,A,2.0,141000.0,LITROS,1.0,MESES,1.0,A,2.0,24.0,254.0,0.0,0.0,,1.0,A,6.0,LITROS POR SEGUNDO,"Sí, y funciona","Sí, pero no de maner mayoritaria",,MILIGRAMOS POR LITRO,2019-04-08,No aplica,2019-04-08,No aplica,2019-04-08,1.0,1.0,0.6,1.0,0.9,2
2019-02-28,,ACUEDUCTO BUENOS AIRES LA EPIFANIA,175141,Colombia,"CUNDINAMARCA,LA CALERA,Buenos Aires La Epifania",CUNDINAMARCA,LA CALERA,Buenos Aires La Epifania,4.72378,-73.91735,3109.0,25-377-000,,1973.0,5.0,1.0,"SECTOR CAMINO DE LOS CRISTALES, SECTOR CENTRO POBLADO, SECTOR LINEA DEL CABLE, SECTOR MESETAS, SECTOR SIMAYA",JUNTA DE ACUEDUCTO DE LA VEREDA BUENOS AIRES LA EPIFANÍA,484.0,121.0,,,20000000.0,SI,NO,NO,NO,SI,SI,2.0,Quebrada,7.0,LITROS POR SEGUNDO,0.0,D,4,1.0,A,6.0,"Coagulación y Floculación, Sedimentación, Filtración rápida, Sedimentación, Desinfección con cloro, Sedimentación",0.55,C,1.0,260000.0,LITROS,6.0,MESES,0.85,B,3.0,24.0,121.0,121.0,121.0,,1.0,A,2.17,LITROS POR SEGUNDO,"Sí, pero no funciona",No,,MILIGRAMOS POR LITRO,2019-04-08,No aplica,2019-04-08,No aplica,2019-04-08,1.0,0.0,1.0,0.475,0.6188,2
2019-02-03,,ABASTO HATICO Y ENEAS No 2,175168,Colombia,"CUNDINAMARCA,CARMEN DE CARUPA,Vereda Hatico Y Eneas",CUNDINAMARCA,CARMEN DE CARUPA,Vereda Hatico Y Eneas,5.359537,-73.850722,3207.0,25154,,1985.0,1.0,1.0,HATICO Y ENEAS # 2,ASOCIACIÓN  DE USUARIOS  HÁTICO Y ENEAS,80.0,27.0,Programa Rural,50000000.0,,SI,NO,NO,NO,NO,SI,1.0,Quebrada,4.0,LITROS POR SEGUNDO,0.7,C,2,0.7,C,1.0,Sedimentación,0.85,B,1.0,45000.0,LITROS,6.0,MESES,0.7,C,2.0,24.0,27.0,27.0,27.0,,0.7,C,0.7,LITROS POR SEGUNDO,No se realiza,No,,MILIGRAMOS POR LITRO,2019-04-09,No aplica,2019-04-09,No aplica,2019-04-09,1.0,0.7,0.8,0.425,0.7312,2
2019-02-08,,ABASTO DE AGUA EL CAJON ,175180,Colombia,"CUNDINAMARCA,SAN FRANCISCO,PEÑON",CUNDINAMARCA,SAN FRANCISCO,PEÑON,4.941139,-74.291572,1833.0,25 658 000,,2018.0,2.0,1.0,"EL PEÑON MEDIO, EL PEÑON PARTE BAJA",ASOCIACION DE USUARIOS ACUEDUCTO COMUNITARIO EL CAJÓN ACUACAJON,352.0,88.0,,3000000.0,,SI,NO,NO,NO,NO,NO,2.0,Quebrada,0.5,LITROS POR SEGUNDO,1.0,A,1,1.0,A,1.0,Sedimentación,0.55,C,4.0,6007.57,LITROS,2.0,MESES,0.85,B,2.0,24.0,88.0,80.0,80.0,,1.0,A,0.2,LITROS POR SEGUNDO,No se realiza,"Sí, pero no de maner mayoritaria",,MILIGRAMOS POR LITRO,2019-04-09,No aplica,2019-04-09,No aplica,2019-04-09,0.4267,0.9602,0.8,0.275,0.6155,2
2019-02-20,,ABASTO LOS NARANJOS,175186,Colombia,"CUNDINAMARCA,SAN ANTONIO DEL TEQUENDAMA,LAS ANGUSTIAS",CUNDINAMARCA,SAN ANTONIO DEL TEQUENDAMA,LAS ANGUSTIAS,4.598632,-74.388154,1400.0,25-645-017,,1987.0,1.0,1.0,LOS NARANJOS,ACUEDUCTO LOS NARANJOS  ACUANARANJOS,676.0,169.0,Otros,10000000.0,5900000.0,SI,NO,NO,NO,SI,SI,1.0,Quebrada,0.65,LITROS POR SEGUNDO,1.0,A,1,1.0,A,1.0,Sedimentación,1.0,A,1.0,120000.0,LITROS,2.0,MESES,1.0,A,1.0,24.0,169.0,0.0,0.0,,1.0,A,0.65,LITROS POR SEGUNDO,No se realiza,"Sí, pero no de maner mayoritaria",,MILIGRAMOS POR LITRO,2019-04-09,No aplica,2019-04-09,No aplica,2019-04-09,1.0,1.0,0.8,0.5,0.825,2
2019-02-09,,ACUEDUCTO EL MANANTIAL ,175188,Colombia,"CUNDINAMARCA,SAN FRANCISCO,PEÑON",CUNDINAMARCA,SAN FRANCISCO,PEÑON,4.982805,-74.292686,1690.0,25 658 000,,1981.0,1.0,1.0,EL PEÑON ALTO,ASOCIACIÓN DE USUARIOS EL MANANTIAL,124.0,31.0,Otros,1000000.0,20000000.0,SI,NO,NO,NO,NO,SI,1.0,Ojo de agua o manantial,0.15,LITROS POR SEGUNDO,1.0,A,1,1.0,A,4.0,"Sedimentación, Filtración rápida, Coagulación y Floculación, Aireación (oxidación)",1.0,A,1.0,90000.0,LITROS,2.0,MESES,1.0,A,1.0,24.0,31.0,31.0,31.0,,1.0,A,0.15,LITROS POR SEGUNDO,"Sí, y funciona","Sí, pero no de maner mayoritaria",,MILIGRAMOS POR LITRO,2019-04-09,No aplica,2019-04-09,No aplica,2019-04-09,1.0,1.0,0.8,1.0,0.95,2
2019-02-02,,ACUEDUCTO CHARQUIRA,175192,Colombia,"CUNDINAMARCA,CARMEN DE CARUPA,Vereda Charquira",CUNDINAMARCA,CARMEN DE CARUPA,Vereda Charquira,5.374844,-73.860192,3075.0,25154,,1986.0,1.0,1.0,CHARQUIRA,ASOCIACIÓN DE USUARIOS DEL ACUEDUCTO CHARQUIRA,2272.0,568.0,Plan Departamental de Agua,50000000.0,80000000.0,SI,NO,NO,NO,NO,SI,1.0,Quebrada,5.0,LITROS POR SEGUNDO,1.0,A,1,1.0,A,2.0,"Coagulación y Floculación, Desinfección con cloro",0.47500002,C,2.0,208000.0,LITROS,6.0,MESES,0.7,C,3.0,24.0,284.0,284.0,284.0,Mayor de 100 m,1.0,A,1.5,LITROS POR SEGUNDO,"Sí, pero no funciona",No,,MILIGRAMOS POR LITRO,2019-04-09,No aplica,2019-04-09,No aplica,2019-04-09,1.0,0.9147,0.8,0.4375,0.788,2
2022-04-28,,ACUEDUCTO VEREDA SAN JUAN,175193,Colombia,"CUNDINAMARCA,LA VEGA,San Juan",CUNDINAMARCA,LA VEGA,San Juan,4.964999,-74.333818,1546.0,,,2000.0,8.0,1.0,"BRISAS, EL CURAL, LA ESMERALDA, LA SELVA, SECTOR ESPERANZA, TRES ESQUINAS, ZONA ALEROS, ZONA GRILL",ASOCIACION DE USUARIOS DE ACUEDUCTO VEREDA SAN JUAN MUNICIPIO DE LA VEGA,485.0,145.0,Otros,15000000.0,,SI,NO,NO,NO,SI,SI,1.0,Quebrada,1.3,LITROS POR SEGUNDO,0.7,C,1,1.0,A,5.0,"Desinfección con cloro, Sedimentación, Aireación (oxidación), Coagulación y Floculación, Filtración lenta",0.88,B,2.0,30151.42,LITROS,3.0,MESES,0.85,B,2.0,24.0,145.0,145.0,145.0,Mayor de 100 m,1.0,A,1.3,LITROS POR SEGUNDO,"Sí, y funciona",No,,MILIGRAMOS POR LITRO,2022-04-28,No aplica,2019-04-09,No aplica,2019-04-09,1.0,0.8783,0.6,0.94,0.8546,2
2019-02-02,,ACUEDUCTO SAN JOSE,175194,Colombia,"CUNDINAMARCA,CARMEN DE CARUPA,Vereda San Jose",CUNDINAMARCA,CARMEN DE CARUPA,Vereda San Jose,5.433081,-73.904386,3133.0,25154,,2009.0,1.0,1.0,SAN JOSE,JUNTA DE ACCIÓN COMUNAL DE SAN JOSE,528.0,132.0,Programas del departamento,150000000.0,,SI,NO,NO,NO,SI,SI,1.0,Quebrada,4.0,LITROS POR SEGUNDO,1.0,A,1,1.0,A,2.0,"Coagulación y Floculación, Desinfección con cloro",0.55,C,1.0,50000.0,LITROS,6.0,MESES,0.85,B,1.0,24.0,132.0,132.0,132.0,,1.0,A,1.2,LITROS POR SEGUNDO,"Sí, pero no funciona",No,,MILIGRAMOS POR LITRO,2019-04-10,No aplica,2019-04-10,No aplica,2019-04-10,1.0,0.9602,0.8,0.475,0.8088,2
2019-02-02,,ACUEDUCTO SAN AGUSTIN,175195,Colombia,"CUNDINAMARCA,CARMEN DE CARUPA,Vereda San Agustin",CUNDINAMARCA,CARMEN DE CARUPA,Vereda San Agustin,5.462073,-73.889368,3116.0,,,2008.0,1.0,1.0,SAN AGUSTÍN,ASOCIACIÓN DE USUARIOS DEL ACUEDUCTO SAN AGUSTÍN,240.0,80.0,,90000000.0,,SI,NO,NO,NO,SI,SI,1.0,Quebrada,15.0,LITROS POR SEGUNDO,1.0,A,2,1.0,A,2.0,"Sedimentación, Coagulación y Floculación",0.775,B,1.0,70000.0,LITROS,6.0,MESES,0.85,B,1.0,24.0,80.0,80.0,80.0,,0.7,C,1.2,LITROS POR SEGUNDO,"Sí, pero no funciona",No,,MILIGRAMOS POR LITRO,2019-04-10,No aplica,2019-04-10,No aplica,2019-04-10,1.0,0.8783,0.8,0.5875,0.8165,2
2019-02-03,,ABASTO VOLCAN BAJO,175196,Colombia,"CUNDINAMARCA,VILLA DE SAN DIEGO DE UBATÉ,VOLCAN",CUNDINAMARCA,VILLA DE SAN DIEGO DE UBATÉ,VOLCAN,5.351409,-73.831003,2979.0,25843005,,1979.0,3.0,1.0,"JUAN PABLO II, SECTOR CHIRCALES, SECTOR GETSEMANI",ACUEDUCTO # 1 VOLCÁN BAJO,384.0,120.0,,50000000.0,,SI,NO,NO,NO,NO,SI,1.0,Ojo de agua o manantial,1.0,LITROS POR SEGUNDO,0.7,C,3,0.9,B,1.0,Sedimentación,1.0,A,4.0,95000.0,LITROS,6.0,MESES,0.7,C,1.0,24.0,120.0,120.0,120.0,,0.7,C,0.8,LITROS POR SEGUNDO,No se realiza,No,,MILIGRAMOS POR LITRO,2019-04-10,No aplica,2019-04-10,No aplica,2019-04-10,1.0,0.7454,0.6,0.5,0.7114,2
2019-02-02,,ACUEDUCTO TUDELA,175197,Colombia,"CUNDINAMARCA,CARMEN DE CARUPA,Vereda Tudela",CUNDINAMARCA,CARMEN DE CARUPA,Vereda Tudela,5.28858,-73.932582,3170.0,25154,,1988.0,2.0,2.0,"SECTOR AGUA DULCE, SECTOR LLANO GRANDE","JUNTA DE ACUEDUCTO TUDELA LLANO GRANDE , JUNTA DE ACCIÓN COMUNAL DEL ACUEDUCTO AGUA DULCE",720.0,180.0,Plan Departamental de Agua,50000000.0,,SI,NO,NO,NO,SI,SI,1.0,Quebrada,8.0,LITROS POR SEGUNDO,0.7,C,3,0.7,C,3.0,"Aireación (oxidación), Coagulación y Floculación, Desinfección con cloro",0.45000002,C,3.0,100000.0,LITROS,6.0,MESES,0.7,C,2.0,24.0,180.0,180.0,180.0,,0.7,C,2.0,LITROS POR SEGUNDO,"Sí, pero no funciona",No,,MILIGRAMOS POR LITRO,2019-04-10,No aplica,2019-04-10,No aplica,2019-04-10,1.0,0.7,0.8,0.425,0.7312,2
2019-02-09,,ACUEDUCTO EL NUEVO EDEN,175200,Colombia,"CUNDINAMARCA,SAN FRANCISCO,PEÑON",CUNDINAMARCA,SAN FRANCISCO,PEÑON,4.950683,-74.302992,1973.0,25 658 000,,1998.0,2.0,1.0,"EL PEÑON SECTOR EL EDÉN , EL PEÑÓN SECTOR LA MACARENA",ASOCIACIÓN DE USUARIOS DEL SERVICIO DE ACUEDUCTO EL NUEVO EDEN,492.0,123.0,Otros,5000000.0,48000000.0,SI,NO,NO,NO,SI,SI,1.0,Quebrada,0.5,LITROS POR SEGUNDO,1.0,A,1,1.0,A,4.0,"Filtración rápida, Sedimentación, Aireación (oxidación), Coagulación y Floculación",1.0,A,2.0,54000.0,LITROS,2.0,MESES,1.0,A,1.0,24.0,124.0,110.0,110.0,,1.0,A,0.5,LITROS POR SEGUNDO,"Sí, y funciona","Sí, pero no de maner mayoritaria",,MILIGRAMOS POR LITRO,2019-04-10,No aplica,2019-04-10,No aplica,2019-04-10,1.0,1.0,1.0,1.0,1.0,2
2019-02-02,,ABASTO MORTIÑO ESCUELA,175202,Colombia,"CUNDINAMARCA,CARMEN DE CARUPA,Vereda Mortiño",CUNDINAMARCA,CARMEN DE CARUPA,Vereda Mortiño,5.329862,-73.960088,3317.0,25154,,1989.0,1.0,1.0,SECTOR LA ESCUELA,JUNTA DE ACCIÓN COMUNAL  DEL ACUEDUCTO SECTOR LA ESCUELA,65.0,20.0,Plan Departamental de Agua,40000000.0,,SI,NO,NO,NO,SI,SI,1.0,Quebrada,5.0,LITROS POR SEGUNDO,1.0,A,2,0.85,B,1.0,Sedimentación,0.85,B,1.0,30000.0,LITROS,6.0,MESES,0.7,C,2.0,24.0,20.0,20.0,20.0,,0.85,B,0.5,LITROS POR SEGUNDO,No se realiza,No,,MILIGRAMOS POR LITRO,2019-04-10,No aplica,2019-04-10,No aplica,2019-04-10,1.0,0.8433,0.8,0.425,0.7671,2
2019-02-02,,ABASTO EL HATO ,175205,Colombia,"CUNDINAMARCA,CARMEN DE CARUPA,Vereda Hato",CUNDINAMARCA,CARMEN DE CARUPA,Vereda Hato,5.252099,-73.93579,3052.0,25154001,,1989.0,1.0,1.0,EL HATO,ASOCIACIÓN DE USUARIOS EL HATO,208.0,52.0,Plan Departamental de Agua,70000000.0,,SI,NO,NO,NO,SI,SI,1.0,Quebrada,14.0,LITROS POR SEGUNDO,0.7,C,2,0.7,C,1.0,Sedimentación,0.55,C,2.0,55000.0,LITROS,6.0,MESES,0.775,B,3.0,24.0,52.0,52.0,52.0,,1.0,A,1.2,LITROS POR SEGUNDO,No se realiza,No,,MILIGRAMOS POR LITRO,2019-04-10,No aplica,2019-04-10,No aplica,2019-04-10,1.0,0.785,0.8,0.275,0.715,2
2019-02-02,,ABASTO SALINAS,175221,Colombia,"CUNDINAMARCA,CARMEN DE CARUPA,Vereda Salinas",CUNDINAMARCA,CARMEN DE CARUPA,Vereda Salinas,5.3221226,-73.91923,2610.0,25154,,1992.0,1.0,1.0,SALINAS ,JUNTA DE ACUEDUCTO VEREDA SALINAS ,440.0,110.0,Plan Departamental de Agua,50000000.0,,SI,NO,NO,NO,SI,SI,1.0,Quebrada,5.0,LITROS POR SEGUNDO,0.7,C,2,0.7,C,1.0,Sedimentación,1.0,A,1.0,30000.0,LITROS,6.0,MESES,0.7,C,1.0,24.0,110.0,110.0,110.0,,0.7,C,2.0,LITROS POR SEGUNDO,No se realiza,No,,MILIGRAMOS POR LITRO,2019-04-10,No aplica,2019-04-10,No aplica,2019-04-10,1.0,0.7,0.8,0.5,0.75,2
2019-04-10,,ACUEDUCTO DE PRADILLA EMPRESA DE SERVICIOS PUBLICOS,175223,Colombia,"CUNDINAMARCA,EL COLEGIO,PRADILLA",CUNDINAMARCA,EL COLEGIO,PRADILLA,4.599434,-74.393765,1450.0,25245003,,1985.0,9.0,1.0,"INSPECCIÓN DE PRADILLA, LA MARÍA  SECTOR ALTA, LAS ANGUSTIAS SECTOR ALTO, LAS PALMAS, SECTOR LA UNIÓN, SECTOR PUERTO NUEVO, SECTOR VILLA LA CEIBA, VEREDA BRASIL, VEREDA SANTA FE",ASOCIACIÓN DE USUARIOS ACUEDUCTO DE PRADILLA,2712.0,678.0,Otros,5000000.0,44000000.0,SI,NO,NO,NO,SI,SI,1.0,Quebrada,3.6,LITROS POR SEGUNDO,1.0,A,1,1.0,A,4.0,"Filtración lenta, Sedimentación, Aireación (oxidación), Sedimentación",1.0,A,5.0,143000.0,LITROS,2.0,MESES,1.0,A,2.0,24.0,678.0,678.0,678.0,Mayor de 100 m,1.0,A,3.6,LITROS POR SEGUNDO,"Sí, y funciona","Sí, pero no de maner mayoritaria",1.4,MILIGRAMOS POR LITRO,2019-01-30,Sí pasa,2019-01-30,Sí pasa,2019-01-30,1.0,1.0,0.8,1.0,0.95,2
2019-02-09,,ABASTO JUAN DE VERA,175229,Colombia,"CUNDINAMARCA,SAN FRANCISCO,Juan De Vera",CUNDINAMARCA,SAN FRANCISCO,Juan De Vera,4.947149,-74.26687,2070.0,25 658 000,,2015.0,1.0,1.0,VEREDA JUAN DE VERA,ASOCIACION DE USUARIOS ACUEDUCTO JUAN DE VERA,448.0,112.0,Plan Departamental de Agua,5000000.0,8000000.0,SI,NO,NO,NO,NO,SI,3.0,Quebrada,0.85,LITROS POR SEGUNDO,1.0,A,2,0.85,B,2.0,"Sedimentación, Sedimentación",0.73333335,B,1.0,48000.0,LITROS,2.0,MESES,1.0,A,1.0,24.0,112.0,112.0,112.0,,1.0,A,0.4,LITROS POR SEGUNDO,No se realiza,No,,MILIGRAMOS POR LITRO,2019-04-10,No aplica,2019-04-10,No aplica,2019-04-10,1.0,0.9602,1.0,0.3666,0.8317,2
2019-02-08,,ACUEDUCTO SAN MIGUEL MUÑA SAN ANTONIO,175235,Colombia,"CUNDINAMARCA,SAN FRANCISCO",CUNDINAMARCA,SAN FRANCISCO,,4.99324,-74.269696,1860.0,25 658 000,,1985.0,5.0,1.0,"EL MUÑA, SAN ANTONIO ALTO, SAN ANTONIO BAJO, SAN MIGUEL ALTO, SAN MIGUEL PARTE BAJA","ASOCIACION DE USUARIOS ACUEDUCTO SAN MIGUEL, MUÑA, SAN ANTONIO",2456.0,614.0,Otros,10700000.0,267685412.0,SI,NO,NO,NO,SI,SI,1.0,Quebrada,3.9,LITROS POR SEGUNDO,1.0,A,1,1.0,A,4.0,"Filtración lenta, Sedimentación, Sedimentación, Aireación (oxidación)",1.0,A,2.0,30000.0,LITROS,2.0,MESES,1.0,A,2.0,24.0,617.0,617.0,617.0,,1.0,A,3.9,LITROS POR SEGUNDO,"Sí, y funciona","Sí, pero no de maner mayoritaria",1.5,MILIGRAMOS POR LITRO,2019-02-14,Sí pasa,2019-02-14,Sí pasa,2019-02-14,0.3054,1.0,1.0,1.0,0.8264,2
2019-02-02,,ABASTO DE LA VEREDA QUEBRADA GRANDE ,175270,Colombia,"CUNDINAMARCA,SAN ANTONIO DEL TEQUENDAMA,QUEBRADA GRANDE",CUNDINAMARCA,SAN ANTONIO DEL TEQUENDAMA,QUEBRADA GRANDE,4.578882,-74.370679,1929.0,25645,,1999.0,3.0,1.0,"QUEBRADA GRANDE SECTOR ALTO , QUEBRADA GRANDE SECTOR BAJO , QUEBRADA GRANDE SECTOR MEDIO ",ASOCIACION DE USUARIOS DEL ACUEDUCTO VEREDA QUEBRADA GRANDE ,628.0,157.0,Otros,8000000.0,,SI,NO,NO,NO,NO,SI,1.0,Quebrada,1.6,LITROS POR SEGUNDO,1.0,A,1,1.0,A,1.0,Sedimentación,1.0,A,2.0,114000.0,LITROS,2.0,MESES,1.0,A,1.0,24.0,157.0,0.0,0.0,,1.0,A,1.6,LITROS POR SEGUNDO,No se realiza,No,,MILIGRAMOS POR LITRO,2019-04-10,No aplica,2019-04-10,No aplica,2019-04-10,1.0,1.0,1.0,0.5,0.875,2
2019-01-12,,ABASTO DE AGUA TORIBA,175297,Colombia,"CUNDINAMARCA,SAN FRANCISCO,Toriba",CUNDINAMARCA,SAN FRANCISCO,Toriba,4.967853,-74.264676,1843.0,ABASTO DE AGUA TORIBA ,,1985.0,10.0,1.0,"PUEBLO VIEJO PARTE BAJA, PUEBLO VIEJO SECTOR ALTO, PUEBLO VIEJO SECTOR CENTRO, PUEBLO VIEJO SECTOR LA CARLINA, PUEBLO VIEJO SECTOR NACEDERO, PUEBLO VIEJO SECTOR SUCRE ALTO, TORIBA SECTOR ALTO, TORIBA SECTOR BAJO, TORIBA SECTOR CENTRO, TORIBA SECTOR LA VIRGEN ",ASOCIACION DE USUARIOS DE LA VEREDA DE TORIBA,1564.0,393.0,Otros,10000000.0,,SI,NO,NO,NO,SI,SI,3.0,Quebrada,12.33,LITROS POR SEGUNDO,0.33333334,D,3,0.9,B,3.0,"Sedimentación, Sedimentación, Sedimentación",0.45000002,C,12.0,306500.0,LITROS,2.0,MESES,1.0,A,3.0,24.0,393.0,,,,1.0,A,2.04,LITROS POR SEGUNDO,No se realiza,No,,MILIGRAMOS POR LITRO,2019-04-11,No aplica,2019-04-11,No aplica,2019-04-11,1.0,0.7401,0.93333334,0.225,0.7246,2
2019-02-13,,ABASTO LAGUNA GRANDE,175315,Colombia,"CUNDINAMARCA,SAN ANTONIO DEL TEQUENDAMA,LAGUNA GRANDE",CUNDINAMARCA,SAN ANTONIO DEL TEQUENDAMA,LAGUNA GRANDE,4.614632,-74.332839,1780.0,25645000,,1979.0,1.0,1.0,LAGUNA GRANDE,ASOCIACIÓN DE USUARIOS DEL ACUEDUCTO RURAL LAGUNA GRANDE ASOLAGUNA.,692.0,173.0,Otros,3000000.0,10518000.0,SI,NO,NO,NO,NO,SI,1.0,Quebrada,2.21,LITROS POR SEGUNDO,1.0,A,3,0.8,B,1.0,Sedimentación,0.55,C,3.0,57000.0,LITROS,3.0,MESES,0.7,C,2.0,24.0,173.0,0.0,0.0,,0.7,C,2.21,LITROS POR SEGUNDO,No se realiza,No,,MILIGRAMOS POR LITRO,2019-04-11,No aplica,2019-04-11,No aplica,2019-04-11,1.0,0.7913,1.0,0.275,0.7666,2
2019-02-05,,"ABASTO LA MARÍA PARTE BAJA ""ASULAMA""",175318,Colombia,"CUNDINAMARCA,SAN ANTONIO DEL TEQUENDAMA,LA MARIA",CUNDINAMARCA,SAN ANTONIO DEL TEQUENDAMA,LA MARIA,4.589302,-74.389455,1586.0,25645000,,1989.0,2.0,1.0,"LA MARÍA PARTE BAJA, SANTIVAR SECTOR BAJO","ASOCIACIÓN DE USUARIOS DEL ACUEDUCTO LA MARÍA PARTE BAJA- LAS ANGUSTIAS ""ASULAMA""",392.0,98.0,Otros,500000.0,1200000.0,SI,NO,NO,NO,NO,NO,1.0,Quebrada,0.18,LITROS POR SEGUNDO,1.0,A,1,1.0,A,1.0,Sedimentación,0.55,C,4.0,37000.0,LITROS,2.0,MESES,1.0,A,1.0,12.0,98.0,0.0,0.0,,1.0,A,0.18,LITROS POR SEGUNDO,No se realiza,"Sí, pero no de maner mayoritaria",,MILIGRAMOS POR LITRO,2019-04-11,No aplica,2019-04-11,No aplica,2019-04-11,1.0,1.0,1.0,0.275,0.8187,2
2019-02-05,,"ABASTO VEREDAL LA MARÍA, LAS ANGUSTIAS Y SANTIVAR BAJO",175361,Colombia,"CUNDINAMARCA,SAN ANTONIO DEL TEQUENDAMA,LA MARIA",CUNDINAMARCA,SAN ANTONIO DEL TEQUENDAMA,LA MARIA,4.5732531,-74.373842,1941.0,25645,,1994.0,4.0,1.0,"LA MARÍA  SECTOR ALTA, SANTIVAR SECTOR ALTO, SANTIVAR SECTOR BAJO, SANTIVAR SECTOR MEDIO ( PUEBLO NUEVO)","ASOCIACIÓN DE USUARIOS DEL ACUEDUCTO VEREDAL LA MARÍA, LAS ANGUSTIAS Y SANTIVAR BAJO",1200.0,305.0,Otros,300000.0,38000000.0,SI,NO,NO,NO,SI,SI,1.0,Quebrada,0.97,LITROS POR SEGUNDO,1.0,A,1,1.0,A,,,,,4.0,45000.0,LITROS,2.0,MESES,0.85,B,1.0,24.0,305.0,0.0,0.0,,0.7,C,0.97,LITROS POR SEGUNDO,No se realiza,"Sí, pero no de maner mayoritaria",,MILIGRAMOS POR LITRO,2019-04-12,No aplica,2019-04-12,No aplica,2019-04-12,0.9374,0.8783,0.6,0.2,0.6539,2
2019-01-17,,ABASTO DE AGUA EL OASIS,175373,Colombia,"CUNDINAMARCA,SAN ANTONIO DEL TEQUENDAMA,QUINTAS COLOMBIA",CUNDINAMARCA,SAN ANTONIO DEL TEQUENDAMA,QUINTAS COLOMBIA,4.569118,-74.322689,2115.0,25645,,1977.0,2.0,1.0,"BARRIO AMARILLO, OASIS ",ACUEDUCTO EL OASIS ,800.0,200.0,Otros,5000000.0,,SI,NO,NO,NO,SI,SI,1.0,Captación desde otro sistema,0.8,LITROS POR SEGUNDO,1.0,A,1,1.0,A,,,,,1.0,3000.0,LITROS,3.0,MESES,0.85,B,1.0,24.0,200.0,0.0,0.0,,1.0,A,0.8,LITROS POR SEGUNDO,No se realiza,"Sí, pero no de maner mayoritaria",,MILIGRAMOS POR LITRO,2019-04-15,No pasa,2019-04-15,No pasa,2019-04-15,0.0938,0.9602,1.0,0.2,0.5635,2
2018-11-29,,ABASTO DE AGUA CRISTALES LA RAMBLA,175416,Colombia,"CUNDINAMARCA,SAN ANTONIO DEL TEQUENDAMA,SANTANDERCITO",CUNDINAMARCA,SAN ANTONIO DEL TEQUENDAMA,SANTANDERCITO,4.587763,-74.348519,1734.0,25645001,,1980.0,2.0,1.0,"LA RAMBLA BAJA, VANCOUVER ",ACUEDUCTO LOS CRISTALES LA RAMBLA ,504.0,126.0,Otros,6000000.0,,SI,NO,NO,NO,SI,SI,1.0,Quebrada,1.0,LITROS POR SEGUNDO,0.7,C,1,1.0,A,1.0,Sedimentación,1.0,A,1.0,75000.0,LITROS,2.0,MESES,1.0,A,1.0,24.0,126.0,0.0,0.0,,1.0,A,1.0,LITROS POR SEGUNDO,No se realiza,No,,MILIGRAMOS POR LITRO,2019-04-16,No aplica,2019-04-16,No aplica,2019-04-16,1.0,0.9147,1.0,0.5,0.8537,2
2018-12-11,,ABASTO DE AGUA LOS CRISTALES VANCOUVER Y LA RAMBLA BAJA,175427,Colombia,"CUNDINAMARCA,SAN ANTONIO DEL TEQUENDAMA,LA RAMBLA",CUNDINAMARCA,SAN ANTONIO DEL TEQUENDAMA,LA RAMBLA,4.586108,-74.350144,1710.0,25645,,1982.0,2.0,1.0,"LA RAMBLA BAJA, VANCOUVER ",ASOCIACION DE USUARIOS ACUEDUCTO LOS CRISTALES VANCOUVER Y RAMBLA BAJA,120.0,30.0,Otros,3000000.0,,SI,NO,NO,NO,SI,SI,1.0,Otras,2.0,LITROS POR SEGUNDO,1.0,A,1,1.0,A,,,,,1.0,2000000.0,LITROS,2.0,MESES,1.0,A,1.0,24.0,30.0,0.0,0.0,,1.0,A,2.0,LITROS POR SEGUNDO,No se realiza,"Sí, pero no de maner mayoritaria",,MILIGRAMOS POR LITRO,2019-04-17,No aplica,2019-04-17,No aplica,2019-04-17,1.0,1.0,1.0,0.2,0.8,2
2018-12-12,,ABASTO DE AGUA LA MALOCHA -LLORONES,175441,Colombia,"CUNDINAMARCA,SAN ANTONIO DEL TEQUENDAMA,LA RAMBLA",CUNDINAMARCA,SAN ANTONIO DEL TEQUENDAMA,LA RAMBLA,4.585287,-74.36246,1805.0,25645,,1968.0,1.0,1.0,LA RAMBLA ALTA,ASOCIACION DE USUARIOS ACUEDUCTO LA MALOCHA-LLORONES,640.0,160.0,Otros,4000000.0,,SI,NO,NO,NO,SI,SI,1.0,Quebrada,1.5,LITROS POR SEGUNDO,1.0,A,1,1.0,A,,,,,1.0,2000.0,LITROS,3.0,MESES,0.85,B,1.0,24.0,160.0,0.0,0.0,,1.0,A,1.5,LITROS POR SEGUNDO,No se realiza,"Sí, pero no de maner mayoritaria",,MILIGRAMOS POR LITRO,2019-04-17,No aplica,2019-04-17,No aplica,2019-04-17,0.0781,0.9602,1.0,0.2,0.5596,2
2018-11-27,,ABASTO DE AGUA CHORRO ORTIZ,175444,Colombia,"CUNDINAMARCA,SAN ANTONIO DEL TEQUENDAMA,LA RAMBLA",CUNDINAMARCA,SAN ANTONIO DEL TEQUENDAMA,LA RAMBLA,4.589773,-74.354906,1682.0,25645,,1995.0,1.0,2.0,LA RAMBLA BAJA,"ASOCIACION DE USUARIOS ACUEDUCTO LOS CRISTALES VANCOUVER Y RAMBLA BAJA, ASOCIACION DE USUARIOS ACUEDUCTO CHORRO ORTIZ",248.0,62.0,Otros,3500000.0,,SI,NO,NO,NO,NO,SI,1.0,Quebrada,1.5,LITROS POR SEGUNDO,1.0,A,1,1.0,A,,,,,2.0,2000000.0,LITROS,3.0,MESES,0.85,B,2.0,24.0,42.0,0.0,0.0,,1.0,A,1.5,LITROS POR SEGUNDO,No se realiza,"Sí, pero no de maner mayoritaria",,MILIGRAMOS POR LITRO,2019-04-18,No aplica,2019-04-18,No aplica,2019-04-18,1.0,0.9602,0.8,0.2,0.7401,2
2019-04-23,,ABASTO LAS ANGUSTIAS SANTA FE DEL MUNICIPIO DE SAN ANTONIO,175462,Colombia,"CUNDINAMARCA,SAN ANTONIO DEL TEQUENDAMA,LAS ANGUSTIAS",CUNDINAMARCA,SAN ANTONIO DEL TEQUENDAMA,LAS ANGUSTIAS,4.578983,-74.370986,1935.0,25 645 000,,1981.0,3.0,1.0,"LAS ANGUSTIAS SECTOR ALTO, LAS ANGUSTIAS SECTOR BAJO, SECTOR LA UNIÓN",ASOCIACIÓN DE USUARIOS ACUEDUCTO VEREDAL LAS ANGUSTIAS SANTA FE (AGUA SANTA),2400.0,600.0,Otros,5000000.0,,SI,NO,NO,NO,SI,SI,1.0,Quebrada,4.0,LITROS POR SEGUNDO,1.0,A,1,1.0,A,1.0,Sedimentación,1.0,A,2.0,90000.0,LITROS,2.0,MESES,1.0,A,2.0,24.0,600.0,0.0,0.0,,1.0,A,4.0,LITROS POR SEGUNDO,No se realiza,"Sí, pero no de maner mayoritaria",,MILIGRAMOS POR LITRO,2019-04-23,No aplica,2019-04-23,No aplica,2019-04-23,0.9376,1.0,1.0,0.5,0.8594,2
2019-01-10,,ABASTO VANCOVER LA RAMBLA PARTE ALTA,175463,Colombia,"CUNDINAMARCA,SAN ANTONIO DEL TEQUENDAMA,LA RAMBLA",CUNDINAMARCA,SAN ANTONIO DEL TEQUENDAMA,LA RAMBLA,4.566678,-74.363165,2164.0,25 645 000,,1989.0,1.0,1.0,VANCOUVER ,ASOCIACION DE USUARIOS DEL ACUEDUCTO RURAL VEREDA VANCOUVER - LA RAMBLA PARTE ALTA ,240.0,60.0,Otros,500000.0,,SI,NO,NO,NO,SI,SI,1.0,Quebrada,0.15,LITROS POR SEGUNDO,1.0,A,1,0.7,C,,,,,1.0,35000.0,LITROS,2.0,MESES,1.0,A,1.0,24.0,90.0,0.0,0.0,,1.0,A,0.15,LITROS POR SEGUNDO,No se realiza,"Sí, pero no de maner mayoritaria",,MILIGRAMOS POR LITRO,2019-04-23,No aplica,2019-04-23,No aplica,2019-04-23,1.0,0.9147,1.0,0.2,0.7787,2
2019-01-03,,ABASTO LAS PALMAS,175465,Colombia,"CUNDINAMARCA,SAN ANTONIO DEL TEQUENDAMA,VANCOVER",CUNDINAMARCA,SAN ANTONIO DEL TEQUENDAMA,VANCOVER,4.578118,-74.357197,1982.0,25 645 000,,1984.0,2.0,1.0,"LA RAMBLA ALTA, VANCOUVER ",ASOCIACION DE USUARIOS ACUEDUCTO LAS PALMAS ,128.0,32.0,Otros,1000000.0,,SI,NO,NO,NO,SI,SI,1.0,Quebrada,0.1,LITROS POR SEGUNDO,1.0,A,1,0.7,C,,,,,1.0,30000.0,LITROS,2.0,MESES,1.0,A,1.0,24.0,32.0,0.0,0.0,,1.0,A,0.01,LITROS POR SEGUNDO,No se realiza,No,,MILIGRAMOS POR LITRO,2019-04-23,No aplica,2019-04-23,No aplica,2019-04-23,1.0,0.9147,1.0,0.1,0.7537,2
2019-02-01,,ABASTO CORRALES,175571,Colombia,"CUNDINAMARCA,CARMEN DE CARUPA,Vereda Alto De Mesa",CUNDINAMARCA,CARMEN DE CARUPA,Vereda Alto De Mesa,5.371702,-73.918539,3157.0,25154,,1998.0,1.0,1.0,CORRALES,ASOCIACIÓN DE USUARIOS DEL ACUEDUCTO CORRALES,320.0,80.0,Programas del departamento,45000000.0,10000000.0,SI,NO,NO,NO,NO,NO,1.0,Ojo de agua o manantial,1.5,LITROS POR SEGUNDO,1.0,A,1,0.7,C,1.0,Sedimentación,0.85,B,1.0,70.0,LITROS,6.0,MESES,0.85,B,2.0,24.0,80.0,80.0,80.0,,1.0,A,1.0,LITROS POR SEGUNDO,No se realiza,No,,MILIGRAMOS POR LITRO,2019-05-01,No aplica,2019-05-01,No aplica,2019-05-01,0.0055,0.8783,0.6,0.425,0.4772,2
2019-05-01,,ACUEDUCTO NEMOGA  PARAMO ALTO,175573,Colombia,"CUNDINAMARCA,FÚQUENE,NEMOGA",CUNDINAMARCA,FÚQUENE,NEMOGA,5.376749,-73.807222,2937.0,25-288,,1989.0,1.0,1.0,PÁRAMO ALTO,JUNTA DE ACCIÓN COMUNAL ACUEDUCTO PÁRAMO ALTO,200.0,50.0,Plan Departamental de Agua,48000000.0,30000000.0,SI,NO,NO,NO,NO,NO,2.0,Quebrada,7.0,LITROS POR SEGUNDO,1.0,A,2,0.7,C,3.0,"Sedimentación, Filtración lenta, Desinfección con cloro",0.85,B,1.0,40000.0,LITROS,6.0,MESES,0.7,C,1.0,24.0,50.0,46.0,41.0,,0.7,C,2.4,LITROS POR SEGUNDO,"Sí, y funciona",No,,MILIGRAMOS POR LITRO,2019-05-01,No aplica,2019-05-01,No aplica,2019-05-01,1.0,0.7653,0.8,0.925,0.8726,2
2019-05-01,,ABASTO EL VIATO,175574,Colombia,"CUNDINAMARCA,CARMEN DE CARUPA,Vereda Alto De Mesa",CUNDINAMARCA,CARMEN DE CARUPA,Vereda Alto De Mesa,5.377864,-73.928621,3125.0,25154,,1988.0,1.0,1.0,EL VIATO,ASOCIACIÓN DE USUARIOS DEL ACUEDUCTO EL VIATO,228.0,57.0,Plan Departamental de Agua,70000000.0,,NO,SI,NO,NO,SI,NO,1.0,Quebrada,2.5,LITROS POR SEGUNDO,0.7,C,3,0.8,B,1.0,Sedimentación,0.85,B,5.0,195000.0,LITROS,6.0,MESES,0.85,B,4.0,24.0,57.0,55.0,55.0,,1.0,A,1.5,LITROS POR SEGUNDO,No se realiza,No,,MILIGRAMOS POR LITRO,2019-05-01,No aplica,2019-05-01,No aplica,2019-05-01,1.0,0.8306,0.6,0.425,0.7139,2
2019-05-01,,ABASTO EL PAPAYO,175576,Colombia,"CUNDINAMARCA,CARMEN DE CARUPA,Vereda Papayo",CUNDINAMARCA,CARMEN DE CARUPA,Vereda Papayo,5.364707,-73.933712,3280.0,25154,,1985.0,1.0,1.0,EL PAPAYO,FUNDACIÓN DEL ACUEDUCTO VEREDAL EL CORTADERAL DE LA VEREDA EL PAPAYO,53.0,23.0,Plan Departamental de Agua,50000000.0,,SI,NO,NO,NO,SI,NO,1.0,Quebrada,4.0,LITROS POR SEGUNDO,1.0,A,2,1.0,A,1.0,Sedimentación,0.85,B,2.0,45000.0,LITROS,6.0,MESES,0.7,C,4.0,24.0,23.0,23.0,23.0,,1.0,A,1.0,LITROS POR SEGUNDO,No se realiza,No,,MILIGRAMOS POR LITRO,2019-05-01,No aplica,2019-05-01,No aplica,2019-05-01,1.0,0.9147,0.6,0.425,0.7349,2
2019-05-01,,ACUEDUCTO VEREDA CENTRO,175577,Colombia,"CUNDINAMARCA,FÚQUENE,CENTRO",CUNDINAMARCA,FÚQUENE,CENTRO,5.3943,-73.80422,2949.0,25288,,1985.0,1.0,1.0,EL LITORAL,JUNTA ADMINISTRADORA ACUEDUCTO EL LITORAL,264.0,66.0,Plan Departamental de Agua,50000000.0,40000000.0,SI,NO,NO,NO,SI,SI,1.0,Quebrada,1.8,LITROS POR SEGUNDO,1.0,A,3,1.0,A,3.0,"Desinfección con cloro, Desinfección con cloro, Filtración rápida",0.55,C,1.0,30000.0,LITROS,6.0,MESES,0.85,B,2.0,24.0,66.0,66.0,66.0,,1.0,A,0.7,LITROS POR SEGUNDO,"Sí, y funciona",No,,MILIGRAMOS POR LITRO,2019-05-01,No aplica,2019-05-01,No aplica,2019-05-01,1.0,0.9602,0.8,0.775,0.8838,2
2019-02-01,,ABASTO CANOAS,175578,Colombia,"CUNDINAMARCA,CARMEN DE CARUPA,Vereda Mortiño",CUNDINAMARCA,CARMEN DE CARUPA,Vereda Mortiño,5.30995,-73.95733,3404.0,25154,,1990.0,1.0,1.0,SECTOR CANOAS,JUNTA DE ACCIÓN COMUNAL DEL ACUEDUCTO  SECTOR CANOAS,72.0,24.0,Plan Departamental de Agua,40000000.0,12000000.0,SI,SI,NO,NO,SI,NO,2.0,Quebrada,4.5,LITROS POR SEGUNDO,1.0,A,2,1.0,A,1.0,Sedimentación,1.0,A,1.0,70000.0,LITROS,6.0,MESES,0.85,B,2.0,24.0,24.0,24.0,24.0,,1.0,A,1.0,LITROS POR SEGUNDO,No se realiza,No,,MILIGRAMOS POR LITRO,2019-05-01,No aplica,2019-05-01,No aplica,2019-05-01,1.0,0.9602,0.8,0.5,0.8151,2
2019-02-01,,ABASTO CASCADAS,175579,Colombia,"CUNDINAMARCA,SUSA,Cascadas",CUNDINAMARCA,SUSA,Cascadas,5.436487,-73.797856,2822.0,25779,,1985.0,1.0,1.0,CASCADAS,ASOCIACIÓN DE USUARIOS DEL SERVICIO COMUNITARIO DEL ACUEDUCTO CASCADAS,64.0,20.0,Plan Departamental de Agua,20000000.0,,SI,NO,NO,NO,SI,SI,1.0,Ojo de agua o manantial,0.8,LITROS POR SEGUNDO,0.7,C,3,0.9,B,1.0,Sedimentación,1.0,A,2.0,40000.0,LITROS,6.0,MESES,0.7,C,2.0,24.0,20.0,20.0,20.0,,0.7,C,0.7,LITROS POR SEGUNDO,No se realiza,No,,MILIGRAMOS POR LITRO,2019-05-01,No aplica,2019-05-01,No aplica,2019-05-01,1.0,0.7454,0.6,0.5,0.7114,2
2019-02-01,,ABASTO EL ALTO,175580,Colombia,"CUNDINAMARCA,CARMEN DE CARUPA,Vereda Mortiño",CUNDINAMARCA,CARMEN DE CARUPA,Vereda Mortiño,5.302061,-73.953273,3454.0,25154,,1992.0,1.0,1.0,SECTOR EL ALTO,JUNTA DE ACCIÓN COMUNAL DEL ACUEDUCTO  SECTOR EL ALTO,204.0,51.0,Plan Departamental de Agua,40000000.0,12000000.0,SI,SI,NO,NO,SI,NO,2.0,Quebrada,4.0,LITROS POR SEGUNDO,1.0,A,2,1.0,A,1.0,Sedimentación,1.0,A,1.0,70000.0,LITROS,6.0,MESES,0.85,B,2.0,24.0,51.0,51.0,51.0,,1.0,A,1.0,LITROS POR SEGUNDO,No se realiza,No,,MILIGRAMOS POR LITRO,2019-05-01,No aplica,2019-05-01,No aplica,2019-05-01,1.0,0.9602,1.0,0.5,0.865,2
2019-02-01,,ACUEDUCTO QUEBRADA COLORADA PAUNITA APOSENTOS,175581,Colombia,"CUNDINAMARCA,SUSA,Aposentos",CUNDINAMARCA,SUSA,Aposentos,5.37474,-73.831422,3249.0,25779,,1990.0,2.0,1.0,"APOSENTOS, MATA REDONDA QUEBRADA COLORADA",JUNTA DE ACCIÓN COMUNAL QUEBRADA COLORADA PAUNITA APOSENTOS-MATA REDONDA,293.0,78.0,Plan Departamental de Agua,20000000.0,40000000.0,SI,NO,NO,NO,SI,NO,1.0,Quebrada,8.0,LITROS POR SEGUNDO,0.7,C,1,0.7,C,1.0,Filtración rápida,0.85,B,1.0,30000.0,LITROS,6.0,MESES,0.7,C,2.0,24.0,78.0,78.0,78.0,,0.7,C,1.2,LITROS POR SEGUNDO,"Sí, y funciona",No,,MILIGRAMOS POR LITRO,2019-05-01,No aplica,2019-05-01,No aplica,2019-05-01,1.0,0.7,0.8,0.925,0.8562,2
2019-02-01,,ABASTO ALTO DE LA CRUZ,175582,Colombia,"CUNDINAMARCA,SUSA,Paunita",CUNDINAMARCA,SUSA,Paunita,5.386627,-73.824998,3083.0,25779,,1985.0,1.0,1.0, ALTOS DE LA CRUZ ,ASOCIACIÓN DE USUARIOS DEL ACUEDUCTO ALTOS DE LA CRUZ,107.0,35.0,Plan Departamental de Agua,25000000.0,,SI,NO,NO,NO,NO,NO,1.0,Ojo de agua o manantial,1.0,LITROS POR SEGUNDO,0.0,D,1,0.7,C,,,,,1.0,20000.0,LITROS,6.0,MESES,0.7,C,2.0,24.0,35.0,35.0,35.0,,0.7,C,0.6,LITROS POR SEGUNDO,No se realiza,No,,MILIGRAMOS POR LITRO,2019-05-01,No aplica,2019-05-01,No aplica,2019-05-01,1.0,0.0,0.8,0.1,0.475,2
2019-02-01,,ABASTO LA FRAGUA PAUNITA,175585,Colombia,"CUNDINAMARCA,SUSA,La Fragua",CUNDINAMARCA,SUSA,La Fragua,5.391485,-73.826037,3024.0,25779,,1982.0,2.0,1.0,"LA FRAGUA, SECTOR SAN ANTONIO",ASOCIACIÓN DE USUARIOS DEL ACUEDUCTO DE PAUNITA Y LA FRAGUA,607.0,160.0,Plan Departamental de Agua,1200000000.0,,SI,NO,NO,NO,SI,SI,1.0,Quebrada,1.8,LITROS POR SEGUNDO,0.7,C,3,0.7,C,1.0,Filtración lenta,0.2,D,3.0,70000.0,LITROS,6.0,MESES,0.7,C,2.0,24.0,160.0,160.0,160.0,,0.7,C,1.2,LITROS POR SEGUNDO,No se realiza,No,,MILIGRAMOS POR LITRO,2019-05-01,No aplica,2019-05-01,No aplica,2019-05-01,1.0,0.7,0.8,0.1,0.65,2
2019-02-02,,ABASTO CANOAS MATAREDONDA,175586,Colombia,"CUNDINAMARCA,SUSA,MATA REDONDA",CUNDINAMARCA,SUSA,MATA REDONDA,5.383611,-73.847271,3167.0,25779,,1988.0,1.0,1.0,MATA REDONDA,ASOCIACIÓN DE USUARIOS DEL ACUEDUCTO COMUNITARIO CANOAS MATA REDONDA,120.0,30.0,Plan Departamental de Agua,45000000.0,,SI,NO,NO,NO,NO,NO,1.0,Quebrada,2.0,LITROS POR SEGUNDO,0.7,C,1,0.7,C,1.0,Sedimentación,0.55,C,1.0,20000.0,LITROS,6.0,MESES,0.7,C,2.0,24.0,30.0,30.0,30.0,,0.7,C,0.6,LITROS POR SEGUNDO,No se realiza,No,,MILIGRAMOS POR LITRO,2019-05-01,No aplica,2019-05-01,No aplica,2019-05-01,1.0,0.7,0.8,0.275,0.6937,2
2019-02-01,,ABASTO LAS HUERTAS MATAREDONDA,175587,Colombia,"CUNDINAMARCA,SUSA,MATA REDONDA",CUNDINAMARCA,SUSA,MATA REDONDA,5.401206,-73.844592,3064.0,25154,,1988.0,1.0,1.0,LAS HUERTAS,ASOCIACIÓN DE USURARIOS DEL SERVICIO COMUNITARIO LAS HUERTAS,224.0,56.0,Plan Departamental de Agua,40000000.0,,SI,NO,NO,NO,NO,SI,1.0,Quebrada,1.8,LITROS POR SEGUNDO,1.0,A,1,1.0,A,1.0,Sedimentación,0.85,B,1.0,25000.0,LITROS,6.0,MESES,0.7,C,2.0,24.0,72.0,72.0,72.0,,0.85,B,1.0,LITROS POR SEGUNDO,No se realiza,No,,MILIGRAMOS POR LITRO,2019-05-01,No aplica,2019-05-01,No aplica,2019-05-01,1.0,0.8783,0.8,0.425,0.7758,2
2019-02-01,,ABASTO LAS HUERTAS,175588,Colombia,"CUNDINAMARCA,CARMEN DE CARUPA,Vereda La Huerta",CUNDINAMARCA,CARMEN DE CARUPA,Vereda La Huerta,5.319376,-73.888496,2799.0,25154,,2008.0,1.0,1.0,LA HUERTA,JUNTA DE ACCIÓN COMUNAL DEL ACUEDUCTO VEREDA LA HUERTA,308.0,77.0,Plan Departamental de Agua,70000000.0,,SI,NO,NO,NO,SI,SI,1.0,Quebrada,8.0,LITROS POR SEGUNDO,0.7,C,1,0.7,C,1.0,Sedimentación,0.85,B,1.0,50000.0,LITROS,6.0,MESES,0.7,C,2.0,24.0,77.0,77.0,77.0,,0.7,C,2.5,LITROS POR SEGUNDO,No se realiza,No,,MILIGRAMOS POR LITRO,2019-05-01,No aplica,2019-05-01,No aplica,2019-05-01,1.0,0.7,0.8,0.425,0.7312,2
2019-02-01,,ABASTO CHARQUIRA SECTOR COGUA,175589,Colombia,"CUNDINAMARCA,CARMEN DE CARUPA,Vereda Charquira",CUNDINAMARCA,CARMEN DE CARUPA,Vereda Charquira,5.396306,-73.847387,3190.0,25154,,1988.0,1.0,1.0,SECTOR COGUA,ASOCIACIÓN DE USUARIOS  ACUEDUCTO CHARQUIRA SECTOR COGUA,112.0,40.0,Plan Departamental de Agua,40000000.0,,SI,NO,NO,NO,NO,SI,1.0,Ojo de agua o manantial,3.0,LITROS POR SEGUNDO,0.7,C,2,0.7,C,1.0,Sedimentación,0.55,C,1.0,30000.0,LITROS,6.0,MESES,0.85,B,1.0,24.0,40.0,38.0,38.0,,0.7,C,0.8,LITROS POR SEGUNDO,No se realiza,No,,MILIGRAMOS POR LITRO,2019-05-01,No aplica,2019-05-01,No aplica,2019-05-01,1.0,0.7348,0.6,0.275,0.6524,2
2019-02-01,,ABASTO CHEGUA,175590,Colombia,"CUNDINAMARCA,CARMEN DE CARUPA,Vereda Chegua",CUNDINAMARCA,CARMEN DE CARUPA,Vereda Chegua,5.323692,-73.9143,2954.0,25154,,1985.0,1.0,1.0,CHEGUA,JUNTA DE ACCIÓN COMUNAL ACUEDUCTO CHEGUA,320.0,80.0,Plan Departamental de Agua,80000000.0,,SI,NO,NO,NO,NO,NO,1.0,Quebrada,12.0,LITROS POR SEGUNDO,0.7,C,4,0.7,C,1.0,Sedimentación,0.55,C,4.0,175000.0,LITROS,6.0,MESES,0.6625,C,3.0,24.0,110.0,0.0,0.0,,0.7,C,1.2,LITROS POR SEGUNDO,No se realiza,No,,MILIGRAMOS POR LITRO,2019-05-01,No aplica,2019-05-01,No aplica,2019-05-01,1.0,0.6904,1.0,0.275,0.7413,2
2019-02-01,,ABASTO VOLCAN EL RECUERDO,175591,Colombia,"CUNDINAMARCA,VILLA DE SAN DIEGO DE UBATÉ,VOLCAN",CUNDINAMARCA,VILLA DE SAN DIEGO DE UBATÉ,VOLCAN,5.34589,-73.826755,2917.0,25843005,,1985.0,1.0,1.0,EL RECUERDO,ASOCIACIÓN DE USUARIOS DEL ACUEDUCTO EL RECUERDO VOLCÁN 2,63.0,24.0,Plan Departamental de Agua,50000000.0,,SI,NO,NO,NO,SI,SI,1.0,Quebrada,2.0,LITROS POR SEGUNDO,0.7,C,1,1.0,A,1.0,Sedimentación,1.0,A,1.0,30000.0,LITROS,6.0,MESES,0.85,B,2.0,24.0,24.0,24.0,24.0,,1.0,A,0.8,LITROS POR SEGUNDO,No se realiza,No,,MILIGRAMOS POR LITRO,2019-05-01,No aplica,2019-05-01,No aplica,2019-05-01,1.0,0.8783,0.8,0.5,0.7946,2
2019-02-01,,ABASTO VOLCAN 2,175592,Colombia,"CUNDINAMARCA,VILLA DE SAN DIEGO DE UBATÉ,VOLCAN",CUNDINAMARCA,VILLA DE SAN DIEGO DE UBATÉ,VOLCAN,5.350777,-73.832078,3010.0,25843005,,1984.0,1.0,1.0,VOLCÁN 2,ASOCIACIÓN DE USUARIOS DEL ACUEDUCTO AGUAS DEL VOLCÁN 2,464.0,116.0,Plan Departamental de Agua,50000000.0,,SI,NO,NO,NO,NO,NO,1.0,Ojo de agua o manantial,0.9,LITROS POR SEGUNDO,0.7,C,3,0.9,B,1.0,Sedimentación,0.85,B,2.0,60000.0,LITROS,6.0,MESES,0.7,C,1.0,24.0,116.0,98.0,98.0,,1.0,A,0.8,LITROS POR SEGUNDO,No se realiza,No,,MILIGRAMOS POR LITRO,2019-05-01,No aplica,1969-12-31,No aplica,2019-05-01,1.0,0.8149,0.8,0.425,0.76,2
2019-02-01,,ACUEDUCTO EL SALITRE,175593,Colombia,"CUNDINAMARCA,CARMEN DE CARUPA,Vereda Salitre",CUNDINAMARCA,CARMEN DE CARUPA,Vereda Salitre,5.374735,-73.908913,3105.0,25154,,1985.0,1.0,1.0,SALITRE,JUNTA ADMINISTRADORA ACUEDUCTO SALITRE,320.0,80.0,Plan Departamental de Agua,40000000.0,30000000.0,SI,NO,NO,NO,NO,NO,3.0,Ojo de agua o manantial,2.3,LITROS POR SEGUNDO,0.8,B,2,1.0,A,2.0,"Filtración rápida, Desinfección con cloro",0.925,A,1.0,30000.0,LITROS,6.0,MESES,0.85,B,1.0,24.0,96.0,96.0,96.0,,1.0,A,0.8,LITROS POR SEGUNDO,"Sí, pero no funciona",No,,MILIGRAMOS POR LITRO,2019-05-01,No aplica,2019-05-01,No aplica,2019-05-01,1.0,0.9081,0.33333334,0.6625,0.726,2
2019-02-01,,ABASTO EL CEDRO,175594,Colombia,"CUNDINAMARCA,VILLA DE SAN DIEGO DE UBATÉ,GUATANCUY",CUNDINAMARCA,VILLA DE SAN DIEGO DE UBATÉ,GUATANCUY,5.349181,-73.808996,2772.0,25843001,,1985.0,1.0,1.0,EL CEDRO,ASOCIACIÓN DE USUARIOS DEL ACUEDUCTO EL CEDRO,320.0,80.0,Plan Departamental de Agua,40000000.0,,SI,NO,NO,NO,SI,SI,2.0,Quebrada,5.0,LITROS POR SEGUNDO,0.7,C,4,0.85,B,1.0,Sedimentación,0.85,B,3.0,65000.0,LITROS,6.0,MESES,0.75,B,3.0,24.0,80.0,80.0,80.0,,0.7,C,1.2,LITROS POR SEGUNDO,No se realiza,No,,MILIGRAMOS POR LITRO,2019-05-01,No aplica,2019-05-01,No aplica,2019-05-01,1.0,0.7476,0.7,0.425,0.7181,2
2019-05-02,,ACUEDUCTO EL HATO 2,175596,Colombia,"CUNDINAMARCA,CARMEN DE CARUPA,Vereda Hato",CUNDINAMARCA,CARMEN DE CARUPA,Vereda Hato,5.22892,-73.94428,3124.0,25154003,,1985.0,1.0,1.0,EL HATO 2,ASOCIACIÓN DE USUARIOS ACUEDUCTO INTERVEREDAL EL HATO  2,220.0,55.0,Plan Departamental de Agua,50000000.0,45000000.0,SI,NO,NO,NO,NO,NO,1.0,Río,12.0,LITROS POR SEGUNDO,0.7,C,3,0.7,C,3.0,"Coagulación y Floculación, Desinfección con cloro, Filtración rápida",1.0,A,3.0,80000.0,LITROS,6.0,MESES,0.75,B,3.0,24.0,55.0,50.0,50.0,,0.7,C,1.5,LITROS POR SEGUNDO,"Sí, pero no funciona",No,,MILIGRAMOS POR LITRO,2019-05-02,No aplica,2019-05-02,No aplica,2019-05-02,1.0,0.7122,0.8,0.7,0.8031,2
2019-02-03,,ABASTO SALINAS   EL HATO ,175630,Colombia,"CUNDINAMARCA,CARMEN DE CARUPA,Vereda Hato",CUNDINAMARCA,CARMEN DE CARUPA,Vereda Hato,5.22892,-73.94428,3124.0,25154003,,1987.0,1.0,1.0,SECTOR EL HATO 1 ,ASOCIACIÓN DE USUARIOS DEL ACUEDUCTO EL HATO,280.0,70.0,Plan Departamental de Agua,50000000.0,,SI,NO,NO,SI,NO,NO,1.0,Fuente,15.0,LITROS POR SEGUNDO,1.0,A,2,0.85,B,1.0,Sedimentación,0.85,B,1.0,35000.0,LITROS,6.0,MESES,0.7,C,2.0,24.0,70.0,70.0,30.0,,0.7,C,1.0,LITROS POR SEGUNDO,No se realiza,No,,MILIGRAMOS POR LITRO,2019-05-03,No aplica,2019-05-03,No aplica,2019-05-03,1.0,0.8033,0.8,0.425,0.7571,2
2019-01-01,,ABASTO EL HATO 3,175633,Colombia,"CUNDINAMARCA,CARMEN DE CARUPA,Vereda Hato",CUNDINAMARCA,CARMEN DE CARUPA,Vereda Hato,5.285573,-73.910011,3000.0,25154001,,1989.0,1.0,1.0,EL HATO 3,ASOCIACIÓN INTERVEREDAL EL HATO 3,464.0,116.0,Plan Departamental de Agua,60000000.0,,SI,NO,NO,NO,NO,NO,1.0,Quebrada,1.6,LITROS POR SEGUNDO,0.7,C,2,0.7,C,1.0,Sedimentación,0.85,B,2.0,70000.0,LITROS,6.0,MESES,0.7,C,3.0,24.0,116.0,20.0,20.0,,0.7,C,1.2,LITROS POR SEGUNDO,No se realiza,No,,MILIGRAMOS POR LITRO,2019-05-03,No aplica,2019-05-03,No aplica,2019-05-03,1.0,0.7,1.0,0.425,0.7812,2
2019-02-02,,ABASTO SANTA DORA,175636,Colombia,"CUNDINAMARCA,CARMEN DE CARUPA,Vereda Santa Dora",CUNDINAMARCA,CARMEN DE CARUPA,Vereda Santa Dora,5.425481,-73.887065,3243.0,25154,,1985.0,1.0,1.0,SANTA DORA,ASOCIACIÓN DE USUARIOS DEL ACUEDUCTO SANTA DORA,416.0,104.0,Plan Departamental de Agua,50000000.0,,SI,NO,NO,NO,SI,NO,1.0,Quebrada,2.1,LITROS POR SEGUNDO,0.7,C,2,0.7,C,1.0,Sedimentación,0.85,B,1.0,25000.0,LITROS,6.0,MESES,0.7,C,1.0,24.0,104.0,104.0,104.0,,0.7,C,0.8,LITROS POR SEGUNDO,No se realiza,No,,MILIGRAMOS POR LITRO,2019-05-03,No aplica,2019-05-03,No aplica,2019-05-03,1.0,0.7,0.8,0.425,0.7312,2
2019-02-01,,ABASTO SOAGA,175637,Colombia,"CUNDINAMARCA,VILLA DE SAN DIEGO DE UBATÉ,SOAGA",CUNDINAMARCA,VILLA DE SAN DIEGO DE UBATÉ,SOAGA,5.335492,-73.819952,2669.0,25288,,1988.0,1.0,1.0,SOAGA ALTO,ASOCIACIÓN DE USUARIOS DEL ACUEDUCTO LOS ALGIBES,216.0,90.0,Plan Departamental de Agua,50000000.0,,SI,NO,NO,NO,SI,NO,1.0,Quebrada,2.0,LITROS POR SEGUNDO,0.7,C,2,0.7,C,1.0,Sedimentación,0.85,B,1.0,30000.0,LITROS,6.0,MESES,0.7,C,2.0,24.0,90.0,80.0,80.0,,0.7,C,1.0,LITROS POR SEGUNDO,No se realiza,No,,MILIGRAMOS POR LITRO,2019-05-03,No aplica,2019-05-03,No aplica,2019-05-03,1.0,0.7,0.6,0.425,0.6812,2
2019-02-01,,ABASTO NAZARET POTRERITOS,175638,Colombia,"CUNDINAMARCA,CARMEN DE CARUPA,Vereda Nazareth",CUNDINAMARCA,CARMEN DE CARUPA,Vereda Nazareth,5.389611,-73.918623,3141.0,25154,,1985.0,1.0,1.0,SECTOR POTRERITOS,ASOCIACIÓN DE USUARIOS DEL ACUEDUCTO NAZATERH SECTOR POTRERITOS,84.0,21.0,Plan Departamental de Agua,30000000.0,,SI,NO,NO,NO,SI,NO,1.0,Quebrada,2.8,LITROS POR SEGUNDO,0.7,C,2,0.7,C,1.0,Sedimentación,0.85,B,1.0,30000.0,LITROS,6.0,MESES,0.7,C,1.0,24.0,21.0,21.0,21.0,,1.0,A,0.7,LITROS POR SEGUNDO,No se realiza,No,,MILIGRAMOS POR LITRO,2019-05-04,No aplica,2019-05-04,No aplica,2019-05-04,1.0,0.7653,0.6,0.425,0.6976,2
2019-02-01,,ABASTO NEMOGA ,175640,Colombia,"CUNDINAMARCA,FÚQUENE,NEMOGA",CUNDINAMARCA,FÚQUENE,NEMOGA,5.388408,-73.793233,2734.0,25288,,1985.0,1.0,1.0,NEMOGA,ASOCIACIÓN ADMINISTRADORA DEL ACUEDUCTO NEMOGA,1200.0,300.0,Plan Departamental de Agua,45000000.0,,SI,NO,NO,NO,SI,NO,1.0,Ojo de agua o manantial,4.0,LITROS POR SEGUNDO,0.7,C,2,0.7,C,1.0,Sedimentación,0.85,B,1.0,30000.0,LITROS,6.0,MESES,0.85,B,1.0,24.0,374.0,374.0,374.0,,1.0,A,1.6,LITROS POR SEGUNDO,No se realiza,No,,MILIGRAMOS POR LITRO,2019-05-04,No aplica,2019-05-04,No aplica,2019-05-04,0.625,0.8033,0.6,0.425,0.6133,2
2019-02-01,,ACUEDUCTO SECTOR BRUCELAS MIRAMAR,175642,Colombia,"CUNDINAMARCA,VILLA DE SAN DIEGO DE UBATÉ,SUCUNCHOQUE",CUNDINAMARCA,VILLA DE SAN DIEGO DE UBATÉ,SUCUNCHOQUE,5.319328,-73.883168,2870.0,25843,,2012.0,2.0,2.0,"SECTOR BRUSELAS, SECTOR MIRAMAR","JUNTA DE ACCIÓN COMUNAL DEL ACUEDUCTO  SUCUNCHOQUE SECTOR MIRAMAR, JUNTA DE ACCIÓN COMUNAL DEL ACUEDUCTO  LA ERA SECTOR BRUSELAS",386.0,99.0,Plan Departamental de Agua,80000000.0,,SI,SI,NO,NO,SI,SI,1.0,Quebrada,12.0,LITROS POR SEGUNDO,0.7,C,2,0.7,C,1.0,Planta desalinizadora,0.85,B,1.0,30000.0,LITROS,6.0,MESES,0.7,C,2.0,24.0,99.0,99.0,99.0,,0.7,C,2.1,LITROS POR SEGUNDO,"Sí, y funciona",No,,MILIGRAMOS POR LITRO,2019-05-04,No aplica,2019-05-04,No aplica,2019-05-04,1.0,0.7,0.6,0.925,0.8062,2
2019-02-12,,ABASTO SAN JOSE,175687,Colombia,"CUNDINAMARCA,SAN ANTONIO DEL TEQUENDAMA,SAN JOSE",CUNDINAMARCA,SAN ANTONIO DEL TEQUENDAMA,SAN JOSE,4.633452,-74.359089,1500.0,25645,,1997.0,1.0,1.0,SAN JOSE BAJO,ASOCIACIÓN DE USUARIOS VEREDA SAN JOSE,59.0,59.0,Otros,2000000.0,12150000.0,SI,NO,NO,NO,SI,SI,1.0,Quebrada,0.62,LITROS POR SEGUNDO,1.0,A,2,0.7,C,1.0,Sedimentación,1.0,A,3.0,66000.0,LITROS,2.0,MESES,0.85,B,2.0,24.0,59.0,0.0,0.0,,0.7,C,0.62,LITROS POR SEGUNDO,No se realiza,"Sí, pero no de maner mayoritaria",,MILIGRAMOS POR LITRO,2019-05-05,No aplica,2019-05-05,No aplica,2019-05-05,1.0,0.8033,1.0,0.5,0.8258,2
2019-02-06,,ABASTO CAICEDO,175712,Colombia,"CUNDINAMARCA,SAN ANTONIO DEL TEQUENDAMA,CAICEDO",CUNDINAMARCA,SAN ANTONIO DEL TEQUENDAMA,CAICEDO,4.6364,-74.347954,2000.0,25645,,1986.0,2.0,1.0,"CAICEDO ALTO, CAICEDO BAJO",ASOCIACION DE USUARIOS DEL ACUEDUCTO Y ALCANTARILLADO DE LA VEREDA CAICEDO ACUACAICEDO,592.0,148.0,Otros,7000000.0,,SI,NO,NO,NO,SI,SI,2.0,Quebrada,0.72,LITROS POR SEGUNDO,1.0,A,1,0.7,C,2.0,"Sedimentación, Sedimentación",0.55,C,3.0,49000.0,LITROS,2.0,MESES,0.85,B,2.0,24.0,148.0,0.0,0.0,,0.7,C,0.4,LITROS POR SEGUNDO,No se realiza,No,,MILIGRAMOS POR LITRO,2019-05-05,No aplica,2019-05-05,No aplica,2019-05-05,1.0,0.8033,0.9,0.275,0.7446,2
2019-02-19,,ABASTO ARRACACHAL  ALTO ,175720,Colombia,"CUNDINAMARCA,SAN ANTONIO DEL TEQUENDAMA,ARRACACHAL",CUNDINAMARCA,SAN ANTONIO DEL TEQUENDAMA,ARRACACHAL,4.565926,-74.317094,2400.0,25-645-000,,1981.0,1.0,1.0,ARRACACHAL PARTE ALTA ,ASOCIACIÓN DE USUARIOS DEL ACUEDUCTO RURAL (ASOURA) ,300.0,75.0,Otros,1000000.0,36993798.0,SI,NO,NO,NO,SI,SI,1.0,Quebrada,0.42,LITROS POR SEGUNDO,1.0,A,1,0.7,C,1.0,Sedimentación,0.4,C,1.0,30000.0,LITROS,2.0,MESES,0.7,C,3.0,24.0,75.0,0.0,0.0,,0.7,C,0.42,LITROS POR SEGUNDO,No se realiza,No,,MILIGRAMOS POR LITRO,2019-05-06,No aplica,2019-05-06,No aplica,2019-05-06,1.0,0.7653,1.0,0.2,0.7413,2
2019-02-26,,ACUEDUCTO RURAL DE LA INSPECCIÓN MUNICIPAL DE LA VICTORIA AUAVIC,175722,Colombia,"CUNDINAMARCA,EL COLEGIO,La Victoria",CUNDINAMARCA,EL COLEGIO,La Victoria,4.544156,-74.40191,2000.0,25245002,,1969.0,11.0,1.0,"EL CARMELO, INSPECCION LA VICTORIA, LA PITALA , SAN MIGUEL , Santa Cruz Alto , SANTA CRUZ BAJO, SANTA ISABEL ALTO , santa isabel bajo , VEREDA LA VIRGINIA, VEREDA SANTA RITA, VEREDA SUBIA",ASOCIACION DE USUARIOS DEL ACUEDUCTO RURAL DE LA INSPECCION MUNICIPAL DE LA VICTORIA Y OTRAS VEREDAS,7319.161616161617,2017.0,Otros,400000.0,761000000.0,SI,NO,NO,NO,SI,SI,2.0,Quebrada,28.73,LITROS POR SEGUNDO,1.0,A,2,1.0,A,5.0,"Filtración lenta, Sedimentación, Aireación (oxidación), Coagulación y Floculación, Sedimentación",1.0,A,3.0,656000.0,LITROS,2.0,MESES,1.0,A,3.0,24.0,2019.0,2019.0,2019.0,,1.0,A,17.74,LITROS POR SEGUNDO,"Sí, y funciona","Sí, pero no de maner mayoritaria",1.5,MILIGRAMOS POR LITRO,2019-02-06,Sí pasa,2019-02-06,Sí pasa,2019-02-06,1.0,1.0,1.0,1.0,1.0,2
2019-05-09,,ACUEDUCTO VEREDAL LA CHAPA ,175838,Colombia,"CUNDINAMARCA,COGUA,LA CHAPA",CUNDINAMARCA,COGUA,LA CHAPA,5.05447,-74.01114,2896.0,25200006,,1982.0,1.0,1.0,LA CHAPA ,ACUEDUCTO VEREDAL LA CHAPA ,533.8888888888889,155.0,,,,SI,NO,NO,NO,SI,SI,1.0,Río,3.0,METROS CÚBICOS POR SEGUNDO,1.0,A,2,1.0,A,4.0,"Desinfección con cloro, Filtración rápida, Sedimentación, Filtración rápida",1.0,A,2.0,130000.0,LITROS,6.0,MESES,0.85,B,2.0,24.0,160.0,0.0,0.0,,1.0,A,1.74,LITROS POR SEGUNDO,"Sí, y funciona",No,,MILIGRAMOS POR LITRO,2019-05-09,No aplica,2019-05-09,No aplica,2019-05-09,1.0,0.9602,1.0,1.0,0.99,2
2019-05-09,,ABASTO  VEREDA EL SILENCIO ,175860,Colombia,"CUNDINAMARCA,SILVANIA,SUBIA EL SILENCIO",CUNDINAMARCA,SILVANIA,SUBIA EL SILENCIO,4.46229,-74.39965,2142.0,25-743,,1998.0,1.0,1.0,CARBONERA EL SILENCIO ,ACUEDUCTO SUBIA CARBONERA EL SILENCIO ,59.44444444444444,20.0,,16500000.0,4000000.0,SI,NO,NO,NO,SI,SI,1.0,Fuente,5.0,LITROS POR SEGUNDO,0.7,C,1,0.7,C,,,,,1.0,75000.0,LITROS,6.0,MESES,0.7,C,2.0,12.0,36.0,0.0,0.0,,0.7,C,0.43,LITROS POR SEGUNDO,No se realiza,No,,MILIGRAMOS POR LITRO,2019-05-09,No aplica,2019-05-09,No aplica,2019-05-09,1.0,0.7,0.6,0.1,0.6,2
2019-02-02,,ABASTO ALIZAL SANTUARIO,175878,Colombia,"CUNDINAMARCA,CARMEN DE CARUPA,Vereda Alisal",CUNDINAMARCA,CARMEN DE CARUPA,Vereda Alisal,5.3518,-73.8544,2990.0,251540002,,1980.0,1.0,1.0,ALIZAL,JUNTA DE ASOCIACION COMUNAL ACUEDUCTO ALIZAL ,90.0,30.0,Plan Departamental de Agua,80000000.0,,SI,NO,NO,NO,NO,SI,1.0,Quebrada,1.0,LITROS POR SEGUNDO,1.0,A,4,1.0,A,1.0,Sedimentación,1.0,A,3.0,90000.0,LITROS,6.0,MESES,0.85,B,2.0,24.0,80.0,80.0,80.0,,1.0,A,0.8,LITROS POR SEGUNDO,No se realiza,No,,MILIGRAMOS POR LITRO,2019-05-10,No aplica,2019-05-10,No aplica,2019-05-10,1.0,0.9602,0.6,0.5,0.7651,2
2019-02-02,,ABASTO ALIZAL LAS PILAS,175882,Colombia,"CUNDINAMARCA,CARMEN DE CARUPA,Vereda Alisal",CUNDINAMARCA,CARMEN DE CARUPA,Vereda Alisal,5.3434,-73.8559,2990.0,251540003,,1992.0,1.0,1.0,ALIZAL,JUNTA DE ASOCIACION COMUNAL ACUEDUCTO ALIZAL ,120.0,40.0,Plan Departamental de Agua,40.0,,SI,NO,NO,NO,NO,NO,1.0,Ojo de agua o manantial,0.7,LITROS POR SEGUNDO,1.0,A,1,1.0,A,1.0,Sedimentación,0.85,B,1.0,10000.0,LITROS,6.0,MESES,0.85,B,1.0,24.0,40.0,40.0,40.0,,1.0,A,0.4,LITROS POR SEGUNDO,No se realiza,No,,MILIGRAMOS POR LITRO,2019-05-10,No aplica,2019-05-10,No aplica,2019-05-10,1.0,0.9602,0.8,0.425,0.7963,2
2022-05-10,,ABASTO PUBLICO DE AGUA VEREDA LAS MERCEDES,175951,Colombia,"CUNDINAMARCA,UBALÁ,LAS MERCEDES",CUNDINAMARCA,UBALÁ,LAS MERCEDES,4.76474,-73.47523,2060.7,,,1990.0,3.0,1.0,"LA RETUMBADORA, LAS LAJAS  CENTRO, LAS LAJAS PARTE ALTA",GESTIÓN COMUNITARIA - VEREDA LAS MERCEDES DE UBALA,113.0,30.0,,27000000.0,,SI,NO,NO,NO,SI,SI,1.0,Quebrada,0.7,LITROS POR SEGUNDO,0.7,C,1,0.7,C,,,,,1.0,15000.0,LITROS,6.0,MESES,0.7,C,2.0,24.0,30.0,0.0,0.0,Mayor de 100 m,0.7,C,0.56,LITROS POR SEGUNDO,No se realiza,No,,MILIGRAMOS POR LITRO,,No aplica,2019-05-13,No aplica,2019-05-13,1.0,0.7,0.8,0.5,0.75,2
2019-02-16,,ABASTO CHICAQUE ACUAMANANTIAL,176062,Colombia,"CUNDINAMARCA,SAN ANTONIO DEL TEQUENDAMA,CHICAQUE",CUNDINAMARCA,SAN ANTONIO DEL TEQUENDAMA,CHICAQUE,4.60076,-74.332575,1700.0,25645,,2006.0,1.0,1.0,CHICAQUE,ASOCIACION DE USUARIOS DEL ACUEDUCTO AGUA MANANTIAL,124.0,31.0,Otros,5000000.0,,SI,NO,NO,NO,SI,SI,1.0,Quebrada,1.06,LITROS POR SEGUNDO,0.0,D,1,0.4,C,,,,,2.0,16000.0,LITROS,2.0,MESES,0.85,B,2.0,24.0,31.0,0.0,0.0,,0.7,C,0.07,LITROS POR SEGUNDO,No se realiza,No,,MILIGRAMOS POR LITRO,2019-05-15,No aplica,2019-05-15,No aplica,2019-05-15,1.0,0.0,0.8,0.1,0.475,2
2022-04-25,,ABASTO  PUBLICO DE AGUA VEREDA SANTA BARBARA - GACHALA,176461,Colombia,"CUNDINAMARCA,GACHALÁ,SANTA BARBARA",CUNDINAMARCA,GACHALÁ,SANTA BARBARA,4.7084,-73.491,1783.0,,,2002.0,5.0,2.0,"EL SALITRE, EL SILENCIO, ESCUELA, EUCALIPTO, SECTOR LA ESCUELA ","GESTIÓN COMUNITARIA - VEREDA SANTA BARBARA DE GACHALA, GESTIÓN COMUNITARIA - VEREDA BETANIA DE UBALA",310.0,73.0,,,3500000.0,SI,NO,NO,NO,NO,SI,1.0,Quebrada,0.6,METROS CÚBICOS POR SEGUNDO,0.85,B,1,0.35,D,,,,,2.0,100000.0,LITROS,4.0,MESES,0.7,C,2.0,24.0,49.0,0.0,0.0,Mayor de 100 m,0.7,C,0.68,LITROS POR SEGUNDO,No se realiza,No,,MILIGRAMOS POR LITRO,,No aplica,2019-05-29,No aplica,2019-05-29,1.0,0.6179,0.8,0.35,0.692,2
2019-06-29,,ABASTO VEREDAL PAUSO ,177348,Colombia,"CUNDINAMARCA,GAMA",CUNDINAMARCA,GAMA,,4.786608,-73.6227,1775.0,25-299-000,,1990.0,10.0,1.0,"CARRIZAL, LAGUNAS, MANACA, MINAS, PALACIOS, ROBLES, SANTA BARBARA, SECTOR LA LAGUNA, SECTOR SAGRADO CORAZÓN, SECTOR SAN ANTONIO","ASOCIACIÓN DE USUARIOS DEL ACUEDUCTO VEREDAL PAUSO ""AGUAS PAUSO""",272.6969696969697,73.0,,20000000.0,4000000.0,SI,NO,NO,NO,SI,SI,1.0,Quebrada,4.0,METROS CÚBICOS POR SEGUNDO,1.0,A,3,0.7,C,1.0,Sedimentación,0.2,D,3.0,84000.0,LITROS,6.0,MESES,0.85,B,6.0,24.0,75.0,0.0,0.0,,1.0,A,0.7,LITROS POR SEGUNDO,No se realiza,No,,MILIGRAMOS POR LITRO,2019-06-23,No aplica,2019-06-23,No aplica,2019-06-23,1.0,0.8783,0.8,0.1,0.6946,2
2019-06-29,,ABASTO DE AGUA PALENQUE 1,177349,Colombia,"CUNDINAMARCA,GAMA",CUNDINAMARCA,GAMA,,4.745692,-73.62256,2645.0,25-377-000,,1982.0,2.0,1.0,"SECTOR HELECHAL, SECTOR RINCON",JUNTA DE ACCIÓN COMUNAL PALENQUE 1,98.0,27.0,,0.0,7000000.0,SI,NO,NO,NO,SI,SI,1.0,Quebrada,2.0,METROS CÚBICOS POR SEGUNDO,0.0,D,2,0.7,C,1.0,Sedimentación,0.2,D,4.0,77000.0,LITROS,6.0,MESES,0.7,C,3.0,4.0,40.0,0.0,0.0,,0.26666668,D,0.43,LITROS POR SEGUNDO,No se realiza,No,,MILIGRAMOS POR LITRO,2019-06-23,No aplica,2019-06-23,No aplica,2019-06-23,1.0,0.0,0.6,0.1,0.425,2
2019-07-13,,ABASTO  VEREDAL CARBONERA ALTA,177352,Colombia,"CUNDINAMARCA,GUATAVITA,Carbonera Alta",CUNDINAMARCA,GUATAVITA,Carbonera Alta,4.965233,-73.7588,2940.0,25-326-000,,1995.0,8.0,1.0,"LA SONADA, LOS SAPOS, MEDIOS, SECTOR DE LA CAPILLA, SECTOR EL H, SECTOR LA BOCATOMA, SECTOR LA LAGUNETA, SECTOR  LOS GANZOS",ASOCIACIÓN DE USUARIOS DEL ACUEDUCTO VEREDAL CARBONERA ALTA MUNICIPIO DE GUATAVITA,539.6631279904307,148.0,,,440000000.0,SI,NO,NO,NO,SI,SI,1.0,Quebrada,1.2,METROS CÚBICOS POR SEGUNDO,1.0,A,1,1.0,A,1.0,Sedimentación,1.0,A,3.0,240000.0,LITROS,6.0,MESES,0.85,B,9.0,24.0,189.0,189.0,189.0,,1.0,A,1.74,LITROS POR SEGUNDO,No se realiza,No,,MILIGRAMOS POR LITRO,2019-06-23,No aplica,2019-06-23,No aplica,2019-06-23,1.0,0.9602,1.0,0.5,0.865,2
2019-06-25,,ACUEDUCTO LEONARDO HOYOS ,177426,Colombia,"CUNDINAMARCA,FUSAGASUGÁ,Guayabal",CUNDINAMARCA,FUSAGASUGÁ,Guayabal,4.28741,-74.36535,1715.5,25-290,,1983.0,3.0,1.0,"EL PLACER, ESPINALITO 1, GUAYABAL 1",ASOCIACION DE USUARIOS DEL ACUEDUCTO LEONARDO HOYOS E.S.P,1212.0,303.0,Otros,150000000.0,47000000.0,SI,NO,NO,NO,NO,SI,1.0,Río,9.0,LITROS POR SEGUNDO,1.0,A,3,1.0,A,4.0,"Sedimentación, Coagulación y Floculación, Desinfección con cloro, Filtración rápida",1.0,A,3.0,390000.0,LITROS,1.0,MESES,0.85,B,3.0,24.0,303.0,303.0,303.0,,1.0,A,9.0,LITROS POR SEGUNDO,"Sí, y funciona","Sí, de maner mayoritaria",1.63,MILIGRAMOS POR LITRO,2019-06-17,Sí pasa,2019-06-17,Sí pasa,2019-06-17,1.0,0.9602,0.8,1.0,0.9401,2
2019-06-12,,ABASTO  VEREDAL CARBONERA BAJA,177489,Colombia,"CUNDINAMARCA,GUATAVITA,Carbonera Baja",CUNDINAMARCA,GUATAVITA,Carbonera Baja,4.947331,-73.789689,2831.0,25-326-000,,1998.0,4.0,1.0,"CARBONERA, CENTRO, LA CUCHILLA, MANITAS",ASOCIACION DE USUARIOS DEL ACUEDUCTO VEREDAL CARBONERA BAJA DEL MUNICIPIO DE GUATAVITA,357.0,110.0,,31500000.0,0.0,SI,NO,NO,NO,SI,SI,1.0,Río,7.0,METROS CÚBICOS POR SEGUNDO,1.0,A,1,1.0,A,1.0,Sedimentación,1.0,A,1.0,120000.0,LITROS,12.37,MESES,0.35,D,6.0,24.0,150.0,150.0,150.0,,1.0,A,1.74,LITROS POR SEGUNDO,No se realiza,No,,MILIGRAMOS POR LITRO,2019-06-26,No aplica,2019-06-26,No aplica,2019-06-26,1.0,0.7692,1.0,0.5,0.8173,2
2019-06-26,,ABASTO DE AGUA EL LIBANO,177490,Colombia,"CUNDINAMARCA,LA CALERA,El Libano",CUNDINAMARCA,LA CALERA,El Libano,4.66239,-74.00383,2956.0,25-377-000,,1972.0,2.0,1.0,"SECTOR EL ARRAYAN, SECTOR LA ESCUELA EL LIBANO",ASOARRAYANES EL LIBANO,69.0,20.0,,1000000.0,60000000.0,SI,NO,NO,NO,SI,SI,1.0,Ojo de agua o manantial,0.16,LITROS POR SEGUNDO,1.0,A,1,0.0,D,1.0,Sedimentación,1.0,A,2.0,35000.0,LITROS,2.0,MESES,1.0,A,2.0,24.0,20.0,20.0,15.0,,1.0,A,0.12,LITROS POR SEGUNDO,No se realiza,No,,MILIGRAMOS POR LITRO,2019-06-26,No aplica,2019-06-26,No aplica,2019-06-26,1.0,0.0,1.0,0.5,0.625,2
2019-06-26,,ACUEDUCTO ASOJUAICA,177510,Colombia,"CUNDINAMARCA,TABIO,CARRON centro poblado",CUNDINAMARCA,TABIO,CARRON centro poblado,4.92006,-74.10588,2603.0,25-785-001,,2009.0,8.0,1.0,"ANA MILENA, CARRON SECTOR 1, CARRON SECTOR 2, EL CAÑON, SALSIPUEDES, SECTOR LAS MURCIAS, SECTOR LOS CASTRO, SECTOR POVEDA","ASOCIACION DE USUARIOS DEL ACUEDUCTO DE LAS VEREDAS JUAICA, SANTUARIO,JUAICA CARRON Y DEFENSA DEL MEDIO AMBIENTE",1494.0,386.0,Otros,21800000.0,2515000.0,SI,SI,NO,NO,SI,SI,1.0,Ojo de agua o manantial,2.5,LITROS POR SEGUNDO,1.0,A,1,1.0,A,3.0,"Sedimentación, Filtración rápida, Coagulación y Floculación",1.0,A,8.0,567196.84,LITROS,6.0,MESES,0.85,B,2.0,10.0,386.0,386.0,386.0,,1.0,A,2.5,LITROS POR SEGUNDO,"Sí, y funciona",No,0.58,MILIGRAMOS POR LITRO,2019-04-12,Sí pasa,2019-04-12,Sí pasa,2019-04-12,1.0,0.9602,0.8,1.0,0.9401,2
2019-06-27,,ABASTO CALAMBATA,177520,Colombia,"CUNDINAMARCA,VIANÍ,CALAMABATA",CUNDINAMARCA,VIANÍ,CALAMABATA,4.91523,-74.55402,1682.0,25867000,,1998.0,1.0,1.0,CALAMBATA,ACUEDUCTO REGIONAL CALAMBATA,260.0,65.0,Otros,35000000.0,,SI,NO,NO,NO,NO,SI,1.0,Quebrada,3.5,LITROS POR SEGUNDO,0.7,C,2,0.85,B,2.0,"Sedimentación, Filtración rápida",0.3,D,1.0,62500.0,LITROS,6.0,MESES,0.85,B,2.0,24.0,65.0,0.0,0.0,,1.0,A,0.7,LITROS POR SEGUNDO,No se realiza,"Sí, pero no de maner mayoritaria",,MILIGRAMOS POR LITRO,2019-06-28,No pasa,2019-06-28,No aplica,2019-06-28,1.0,0.8433,0.8,0.2,0.7108,2
2019-06-26,,ABASTO PIEDRA DEL AFILADERO,177523,Colombia,"CUNDINAMARCA,TABIO,Salitre",CUNDINAMARCA,TABIO,Salitre,4.95002,-74.10342,2828.0,25-785-000,,2003.0,1.0,1.0,PIEDRA DEL AFILADERO,PIEDRA DEL AFILADERO,29.0,8.0,Otros,1200000.0,300000.0,SI,NO,NO,NO,NO,SI,1.0,Quebrada,0.8,LITROS POR SEGUNDO,0.0,D,2,0.4,C,2.0,"Desinfección con cloro, Sedimentación",0.4,C,1.0,18000.0,LITROS,6.0,MESES,0.55,C,1.0,24.0,15.0,0.0,0.0,,0.4,C,0.8,LITROS POR SEGUNDO,"Sí, pero no funciona","Sí, pero no de maner mayoritaria",,MILIGRAMOS POR LITRO,2019-06-28,No aplica,2019-06-28,No aplica,2019-06-28,1.0,0.0,0.8,0.4,0.55,2
2019-06-26,,ACUEDUCTO SALIBARBA,177533,Colombia,"CUNDINAMARCA,TABIO,Salitre",CUNDINAMARCA,TABIO,Salitre,4.9413,-74.11065,2828.0,25-785-000,,1985.0,6.0,1.0,"CAMELLÓN DE GALLERA, CAMELLON DE YIYO, DON FLAMINIO, PENCIL AMARRILLAL , SALITRE MEDIO LA LOMA, SECTOR CHAMPIÑONES",ASOCIACION DE AFILIADOS DEL ACUEDUCTO RURAL SALIBARBA,2320.0,580.0,Otros,2000000.0,8000000.0,SI,NO,NO,NO,SI,SI,1.0,Ojo de agua o manantial,10.0,LITROS POR SEGUNDO,1.0,A,2,1.0,A,2.0,"Sedimentación, Filtración rápida",1.0,A,2.0,100000.0,LITROS,1.0,MESES,1.0,A,3.0,24.0,580.0,580.0,580.0,,1.0,A,4.5,LITROS POR SEGUNDO,"Sí, y funciona",No,0.84,MILIGRAMOS POR LITRO,2019-06-08,Sí pasa,2019-06-08,Sí pasa,2019-06-08,1.0,1.0,1.0,1.0,1.0,2
2019-06-23,,ACUEDUCTO AGUAS DEL NORTE,177539,Colombia,"CUNDINAMARCA,FUSAGASUGÁ",CUNDINAMARCA,FUSAGASUGÁ,,4.36162,-74.3469,1923.4,25-290,,1965.0,9.0,1.0,"BERMEJAL, BOSACHOQUE , CUCHARAL, EL RESGUARDO, JORDAN , PIAMONTE, SAN JOSE DE PIAMONTE , TIERRA NEGRA, USATAMA",AGUAS DEL NORTE E.S.P.,8657.76923076923,2163.0,Otros,228438000.0,234836000.0,SI,NO,NO,NO,SI,SI,1.0,Río,29.0,LITROS POR SEGUNDO,1.0,A,1,1.0,A,4.0,"Desinfección con cloro, Filtración rápida, Coagulación y Floculación, Sedimentación",0.925,A,1.0,132000.0,LITROS,1.0,MESES,1.0,A,5.0,24.0,2163.0,2163.0,2163.0,,1.0,A,29.0,LITROS POR SEGUNDO,"Sí, y funciona","Sí, pero no de maner mayoritaria",1.3,MILIGRAMOS POR LITRO,2019-01-11,Sí pasa,2019-01-11,Sí pasa,2019-01-11,0.3707,1.0,0.6,0.9625,0.7333,2
2019-06-26,,ABASTO PIEDRA PINTADA- SANTA TERESITA,177540,Colombia,"CUNDINAMARCA,PASCA,SANTA TERESITA",CUNDINAMARCA,PASCA,SANTA TERESITA,4.212956,-74.275856,3660.0,25-535,,2004.0,3.0,1.0,"JUAN VIEJO, LA ARGENTINA , QUEBRADAS","ASOCIACION DE SUSCRIPTORES DEL ACUEDUCTO PIEDRA PINTADA SANTA TERESA, DE LAS VEREDAS QUEBRADAS JUAN VIEJO LA ARGENTINA Y SANTA TERESITA",86.0,69.0,,2000000.0,45000000.0,SI,NO,NO,NO,SI,SI,1.0,Quebrada,4.0,LITROS POR SEGUNDO,1.0,A,2,1.0,A,,,,,2.0,36000.0,LITROS,2.0,MESES,1.0,A,4.0,24.0,69.0,0.0,0.0,Mayor de 100 m,1.0,A,4.0,LITROS POR SEGUNDO,No se realiza,No,,MILIGRAMOS POR LITRO,2019-06-30,No aplica,2019-06-30,No aplica,2019-06-30,1.0,1.0,0.8,0.1,0.725,2
2019-06-27,,ABASTO PIEDRA PINTADA - EL AMARILLAL,177544,Colombia,"CUNDINAMARCA,PASCA,Juan Viejo",CUNDINAMARCA,PASCA,Juan Viejo,4.212849,-74.26571,3698.0,25-535,,2017.0,1.0,1.0,JUAN  VIEJO QUEBRADAS ,ASOCIACION DE USUARIOS DEL ACUEDUCTO PIEDRA PINTADA EL AMARILLAL ,120.0,30.0,Otros,22000000.0,,SI,NO,NO,NO,SI,SI,1.0,Quebrada,5.0,LITROS POR SEGUNDO,1.0,A,1,1.0,A,,,,,1.0,36000.0,LITROS,2.0,MESES,1.0,A,2.0,24.0,30.0,0.0,0.0,,0.0,D,5.0,LITROS POR SEGUNDO,No se realiza,No,,MILIGRAMOS POR LITRO,2019-06-30,No aplica,2019-06-30,No aplica,2019-06-30,1.0,0.0,0.8,0.1,0.475,2
2019-06-21,,ACUEDUCTO SUCUNETA PLANTA SAN ANTONIO,177573,Colombia,"CUNDINAMARCA,TAUSA,El Boqueron",CUNDINAMARCA,TAUSA,El Boqueron,5.199327,-74.024594,3375.0,25-793-005-001,,1988.0,14.0,1.0,"ALTO DE AIRE, APOSENTOS, CHAPALA, LADERA GRANDE, LA FLORIDA, LA LAGUNA, PAJARITO, PEÑAS DE BOQUERÓN, PEÑAS DE CAJÓN, PEÑAS DE CUCUNUBA, PUEBLO VIEJO, PUEBLO VIEJO , RASGATA ALTO, RASGATA BAJO","ASOCIACIÓN DE USUARIOS DEL ACUEDUCTO REGIONAL DE LOS MUNICIPIOS TAUSA,NEMOCON,CUCUNUBA SUTATAUSA Y COGUA ""SUCUNETA""",8100.0,2025.0,Plan Departamental de Agua,250000000.0,100000000.0,SI,NO,NO,NO,SI,SI,1.0,Río,35.0,LITROS POR SEGUNDO,1.0,A,7,1.0,A,3.0,"Desinfección con cloro, Coagulación y Floculación, Desinfección con cloro",1.0,A,6.0,270000.0,LITROS,6.0,MESES,0.7083334,B,7.0,24.0,2025.0,2025.0,2025.0,,1.0,A,21.0,LITROS POR SEGUNDO,"Sí, y funciona","Sí, pero no de maner mayoritaria",1.0,MILIGRAMOS POR LITRO,2019-06-01,Sí pasa,2019-06-01,Sí pasa,2019-06-01,0.8333,0.9174,0.8,1.0,0.8877,2
2019-07-01,,ACUEDUCTO SUCUNETA PLANTA PATASIKA,177586,Colombia,"CUNDINAMARCA,TAUSA,El Boqueron",CUNDINAMARCA,TAUSA,El Boqueron,5.133745,-73.968496,2955.0,25-793-005.002,,2010.0,7.0,1.0,"CASA BLANCA, CERRO VERDE , CHECUA, CHORRILLO, MOGUA, PATIO BONITO, SUSATA","ASOCIACIÓN DE USUARIOS DEL ACUEDUCTO REGIONAL DE LOS MUNICIPIOS TAUSA,NEMOCON,CUCUNUBA SUTATAUSA Y COGUA ""SUCUNETA""",5762.0,1449.0,Plan Departamental de Agua,900000000.0,,SI,NO,NO,NO,SI,SI,1.0,Río,100.0,LITROS POR SEGUNDO,1.0,A,4,1.0,A,1.0,Coagulación y Floculación,1.0,A,4.0,479000.0,LITROS,6.0,MESES,0.85,B,3.0,24.0,1449.0,1449.0,1449.0,,1.0,A,10.0,LITROS POR SEGUNDO,"Sí, y funciona","Sí, pero no de maner mayoritaria",0.09,MILIGRAMOS POR LITRO,2019-07-01,Sí pasa,2019-06-01,Sí pasa,2019-06-01,1.0,0.9602,0.8,1.0,0.9401,2
2019-06-19,,ABASTO CRISMUVIAN,177638,Colombia,"CUNDINAMARCA,VIANÍ,VIANCITO",CUNDINAMARCA,VIANÍ,VIANCITO,4.81584,-74.56189,1946.0,25867000,,2000.0,3.0,1.0,"ALTA GRACIA, SANTA TERESA SECTOR PEÑUSCOS, VIANICITO PARTE ALTA","ASOCIACIÓN DE SUSCRIPTORES DEL ACUEDUCTO VEREDAL CRISTALES DE LA MUCHAGUA, VIANICITO Y ALTAGRACIA- CRISMUVIAN ",239.66666666666666,68.0,,50000000.0,,SI,NO,NO,NO,SI,SI,1.0,Ojo de agua o manantial,1.6,LITROS POR SEGUNDO,1.0,A,1,1.0,A,1.0,Filtración lenta,1.0,A,,,,,,0.0,D,1.0,24.0,68.0,68.0,68.0,,1.0,A,0.71,LITROS POR SEGUNDO,No se realiza,No,,MILIGRAMOS POR LITRO,2019-07-02,No aplica,2019-07-02,No aplica,2019-07-02,0.0,0.0,1.0,0.5,0.375,2
2019-06-19,,ABASTO AUARCON,177643,Colombia,"CUNDINAMARCA,VIANÍ,ROSARIO",CUNDINAMARCA,VIANÍ,ROSARIO,4.802222,-74.5646,2006.0,25867000,,1998.0,2.0,1.0,"ROSARIO SECTOR CONTADOR, VIANICITO PARTE ALTA",ASOCIACIÓN DE USUARIOS DEL ACUEDUCTO REGIONAL CONTADOR- AUARCON ,244.0,61.0,,20000000.0,1000000.0,SI,NO,NO,NO,SI,SI,1.0,Ojo de agua o manantial,1.35,LITROS POR SEGUNDO,0.7,C,1,1.0,A,1.0,Sedimentación,1.0,A,1.0,5000.0,LITROS,3.0,MESES,0.85,B,1.0,24.0,61.0,61.0,61.0,,1.0,A,0.65,LITROS POR SEGUNDO,No se realiza,No,9.0,MILIGRAMOS POR LITRO,2019-04-22,No pasa,2019-07-02,Sí pasa,2019-04-22,0.5124,0.8783,0.8,0.5,0.6727,2
2019-06-20,,ABASTO MUCHAGUA-MOLINO,177645,Colombia,"CUNDINAMARCA,VIANÍ,MOLINO",CUNDINAMARCA,VIANÍ,MOLINO,4.81601,-74.56296,1889.0,25867000,,1980.0,2.0,1.0,"CENTRO ROSARIO, MOLINO SECTOR BAJO",ACUEDUCTO VEREDAL MUCHAAGUA-MOLINO,157.0,62.0,,40000000.0,,SI,NO,NO,NO,SI,SI,1.0,Ojo de agua o manantial,1.6,LITROS POR SEGUNDO,1.0,A,1,1.0,A,3.0,"Sedimentación, Filtración lenta, Sedimentación",0.43333334,C,1.0,40000.0,LITROS,8.0,MESES,0.55,C,2.0,24.0,62.0,0.0,0.0,,1.0,A,0.71,LITROS POR SEGUNDO,No se realiza,No,,MILIGRAMOS POR LITRO,2019-07-02,No aplica,2019-07-02,No aplica,2019-07-02,1.0,0.8612,1.0,0.2167,0.7695,2
2019-06-26,,ABASTO ASOCAÑADAS,177649,Colombia,"CUNDINAMARCA,VIANÍ,CAÑADAS",CUNDINAMARCA,VIANÍ,CAÑADAS,4.91523,-74.55402,1682.0,25867000,,1998.0,1.0,1.0,CAÑADAS,ASOCIACIÓN DE USUARIOS DEL ACUEDUCTO DE LA VEREDA CAÑADAS- ASOCAÑADAS,288.0,72.0,,55000000.0,,SI,NO,NO,NO,NO,SI,1.0,Quebrada,3.5,LITROS POR SEGUNDO,0.7,C,1,0.7,C,1.0,Sedimentación,0.4,C,,,,,,0.0,D,1.0,24.0,72.0,0.0,0.0,Mayor de 100 m,1.0,A,0.7,LITROS POR SEGUNDO,No se realiza,"Sí, pero no de maner mayoritaria",,MILIGRAMOS POR LITRO,2019-07-02,No aplica,2019-07-02,No aplica,2019-07-02,0.0,0.0,0.8,0.2,0.25,2
2019-06-25,,ABASTO MANILLAS,177651,Colombia,"CUNDINAMARCA,VIANÍ,MANILLAS",CUNDINAMARCA,VIANÍ,MANILLAS,4.9379,-74.55625,1729.0,25867000,,1995.0,3.0,1.0,"ALTO DE MANILLAS, MANILLAS SECTOR ""A"", MANILLAS SECTOR ""B""",ASOCIACIÓN DE USUARIOS DEL ACUEDUCTO MANILLAS,0.0,0.0,,50000000.0,,SI,NO,NO,NO,NO,SI,1.0,Quebrada,2.7,LITROS POR SEGUNDO,0.0,D,3,0.0,D,2.0,"Filtración rápida, Sedimentación",0.2,D,1.0,55000.0,LITROS,37.11,MESES,0.0,D,,,,,,,0.0,D,1.39,LITROS POR SEGUNDO,No se realiza,No,,MILIGRAMOS POR LITRO,2019-07-02,No aplica,2019-07-02,No aplica,2019-07-02,0.0,0.0,0.6,0.1,0.175,2
2019-06-21,,ABASTO ASOHATILLO,177656,Colombia,"CUNDINAMARCA,VIANÍ,HATILLO",CUNDINAMARCA,VIANÍ,HATILLO,4.8991,-74.55434,1740.0,25867000,,1998.0,4.0,1.0,"ALTO DEL PUEBLO PARTE BAJA, CAMBULAR SECTOR HATILLO, HATILLO PARTE ALTA, HATILLO PARTE BAJA",ASOCIACIÓN DE SUSCRIPTORES DEL SERVICIO DE ACUEDUCTO DE LA VEREDA HATILLO - ASOHATILLO,314.1794871794872,84.0,,25000000.0,2000000.0,SI,NO,NO,NO,NO,SI,2.0,Quebrada,2.89,LITROS POR SEGUNDO,0.85,B,4,1.0,A,2.0,"Sedimentación, Filtración lenta",0.6,C,2.0,55000.0,LITROS,3.0,MESES,0.775,B,4.0,24.0,84.0,84.0,84.0,,1.0,A,0.79,LITROS POR SEGUNDO,No se realiza,"Sí, pero no de maner mayoritaria",,MILIGRAMOS POR LITRO,2019-07-02,No aplica,2019-07-02,No aplica,2019-07-02,1.0,0.9009,0.7,0.3,0.7252,2
2019-06-20,,ABASTO VEREDA ALTO DEL PUEBLO ,177658,Colombia,"CUNDINAMARCA,VIANÍ,VEREDA ALTO DEL PUEBLO",CUNDINAMARCA,VIANÍ,VEREDA ALTO DEL PUEBLO,4.8839,-74.56525,1716.0,25867000,,1985.0,2.0,1.0,"ALTO DEL PUEBLO PARTE ALTA, ALTO DEL PUEBLO PARTE BAJA",ASOCIACIÓN DE ACUEDUCTO VEREDA ALTO DEL PUEBLO,126.0,40.0,,80000000.0,9000000.0,SI,SI,NO,NO,NO,NO,1.0,Quebrada,1.9,LITROS POR SEGUNDO,0.7,C,4,1.0,A,2.0,"Sedimentación, Filtración lenta",0.55,C,4.0,48000.0,LITROS,6.0,MESES,0.8125,B,3.0,3.0,40.0,40.0,40.0,,1.0,A,0.9,LITROS POR SEGUNDO,No se realiza,"Sí, pero no de maner mayoritaria",,MILIGRAMOS POR LITRO,2017-09-06,No aplica,2019-07-02,No aplica,2019-07-02,1.0,0.8684,0.6,0.275,0.6858,2
2019-06-26,,ABASTO ASOCHUCUMA,177659,Colombia,"CUNDINAMARCA,VIANÍ,CHUCUMA",CUNDINAMARCA,VIANÍ,CHUCUMA,4.91523,-74.55402,1682.0,25867000,,1998.0,1.0,1.0,CHUCUMA,"ASOCIACIÓN DE USUARIOS ""ASOCHUCUMA""",108.0,36.0,,35000000.0,,SI,NO,NO,NO,NO,SI,1.0,Quebrada,3.5,LITROS POR SEGUNDO,0.7,C,1,0.7,C,2.0,"Sedimentación, Filtración rápida",0.3,D,2.0,82500.0,LITROS,6.0,MESES,0.775,B,2.0,24.0,36.0,0.0,0.0,,1.0,A,0.7,LITROS POR SEGUNDO,No se realiza,No,,MILIGRAMOS POR LITRO,2019-07-02,No aplica,2019-07-02,No aplica,2019-07-02,1.0,0.785,0.8,0.15,0.6837,2
2019-06-20,,ABASTO  VEREDAL GALINDOS,177661,Colombia,"CUNDINAMARCA,CAPARRAPÍ,Vereda Galindos",CUNDINAMARCA,CAPARRAPÍ,Vereda Galindos,5.454722,-74.4325,1400.0,25148012,,1995.0,5.0,1.0,"GALINDOS ALTO , GALINDOS CENTRO, SECTOR CEDRALES , SECTOR EL INFIERNO , SECTOR LA PAILONA",ASOCIACIÓN DE SUSCRIPTORES ACUEDUCTO VEREDA GALINDOS CAPARRAPÍ,228.0,80.0,,10000000.0,40000000.0,SI,NO,NO,NO,SI,SI,1.0,Quebrada,8.2,LITROS POR SEGUNDO,0.4,C,3,0.4,C,1.0,Sedimentación,0.4,C,2.0,20000000.0,LITROS,6.0,MESES,0.625,C,5.0,24.0,80.0,0.0,0.0,,0.76,B,1.5,LITROS POR SEGUNDO,No se realiza,No,,MILIGRAMOS POR LITRO,2019-07-02,No pasa,2019-07-02,No pasa,2019-07-02,1.0,0.5251,0.8,0.2,0.6313,2
2019-06-19,,ABASTO ASUAR ,177662,Colombia,"CUNDINAMARCA,VIANÍ,ROSARIO",CUNDINAMARCA,VIANÍ,ROSARIO,4.81586,-74.56225,1927.0,25867000,,1980.0,8.0,1.0,"ALTO DEL ROSARIO, APOSENTOS PARTE ALTA, APOSENTOS PARTE BAJA, CARACOL, GUATE SECTOR BAJO, MOLINO PARTE ALTA , MONTAÑA PARTE ALTA, VOLCAN ALTO",ASOCIACIÓN DE USUARIOS DEL ACUEDUCTO REGIONAL ALTO DEL ROSARIO - ASUAR,646.9313725490196,171.0,,80000000.0,,SI,SI,NO,NO,NO,SI,2.0,Quebrada,2.25,LITROS POR SEGUNDO,1.0,A,3,1.0,A,,,,,3.0,95000.0,LITROS,6.0,MESES,0.85,B,5.0,24.0,185.0,185.0,185.0,Mayor de 100 m,1.0,A,1.32,LITROS POR SEGUNDO,No se realiza,No,,MILIGRAMOS POR LITRO,2019-07-02,No aplica,2019-07-02,No aplica,2019-07-02,1.0,0.9602,0.8,0.0,0.6901,2
2019-06-19,,ABASTO ASOAUROCANO,177663,Colombia,"CUNDINAMARCA,CAPARRAPÍ,Vereda El Roble",CUNDINAMARCA,CAPARRAPÍ,Vereda El Roble,5.2552,-74.52435,1515.0,25148010,,1990.0,5.0,1.0,"BOQUERON , CAÑABRAVAL , EL ROBLE , NOVILLEROS, PEÑALOZA","ASOCIACIÓN DE SUSCRIPTORES DEL ACUEDUCTO DE LAS VEREDAS EL ROBLE, CAÑABRAVAL Y NOVILLEROS",173.33333333333334,56.0,,5000000.0,,NO,SI,NO,NO,SI,SI,1.0,Quebrada,0.9,LITROS POR SEGUNDO,1.0,A,1,0.7,C,1.0,Sedimentación,0.85,B,2.0,30000000.0,LITROS,2.0,MESES,0.85,B,3.0,24.0,56.0,56.0,56.0,Mayor de 100 m,0.6,C,0.3,LITROS POR SEGUNDO,No se realiza,No,,MILIGRAMOS POR LITRO,2019-07-02,No pasa,2019-07-02,No pasa,2019-07-02,1.0,0.773,1.0,0.425,0.7995,2
2019-06-25,,ABASTO  VEREDAL LA PITA,177672,Colombia,"CUNDINAMARCA,CAPARRAPÍ,Vereda La Pita",CUNDINAMARCA,CAPARRAPÍ,Vereda La Pita,5.43393,-74.50231,839.0,25148009,,2004.0,3.0,1.0,"LA PITA, SECTOR LA PITA ALTA, SECTOR LA PITA BAJA",ACUEDUCTO VEREDAL LA PITA,101.0,38.0,,40000000.0,,NO,SI,NO,NO,SI,SI,2.0,Quebrada,1.5,LITROS POR SEGUNDO,0.0,D,2,0.4,C,1.0,Sedimentación,0.55,C,3.0,30000000.0,LITROS,6.0,MESES,0.7,C,2.0,24.0,38.0,0.0,0.0,,0.2,D,0.3,LITROS POR SEGUNDO,No se realiza,No,,MILIGRAMOS POR LITRO,2019-07-03,No pasa,2019-07-03,No pasa,2019-07-03,1.0,0.0,1.0,0.275,0.5687,2
2019-06-21,,ABASTO VEREDAL LA OSCURA,177696,Colombia,"CUNDINAMARCA,CAPARRAPÍ,Vereda La Oscura",CUNDINAMARCA,CAPARRAPÍ,Vereda La Oscura,5.42978,-74.44389,1346.0,25148013,,1996.0,4.0,1.0,"GUADUALES, LA CHORRERA, LA OSCURA, OSCURA ALTA",ACUEDUCTO VEREDAL LA OSCURA,98.33333333333334,35.0,,20000000.0,,SI,NO,NO,NO,SI,SI,1.0,Quebrada,1.5,LITROS POR SEGUNDO,0.7,C,4,0.55,C,1.0,Sedimentación,0.55,C,3.0,30001500.0,LITROS,3.0,MESES,0.85,B,1.0,8.0,35.0,0.0,0.0,,0.0,D,0.4,LITROS POR SEGUNDO,No se realiza,No,,MILIGRAMOS POR LITRO,2019-07-03,No pasa,2019-07-03,No pasa,2019-07-03,1.0,0.0,1.0,0.275,0.5687,2
2019-06-26,,ABASTO VEREDAL EL RAMAL ,177702,Colombia,"CUNDINAMARCA,CAPARRAPÍ,El RAMAL",CUNDINAMARCA,CAPARRAPÍ,El RAMAL,5.51351,-74.469413,1291.0,25148015,,2008.0,3.0,1.0,"EL RAMAL, LA FRÍA, SECTOR NARANJOS ALTO ",ACUEDUCTO VEREDAL EL RAMAL ,73.25,27.0,,40000000.0,,NO,SI,NO,NO,SI,SI,1.0,Quebrada,2.5,LITROS POR SEGUNDO,0.7,C,2,0.55,C,1.0,Sedimentación,0.55,C,3.0,19000000.0,LITROS,1.0,MESES,0.90000004,A,1.0,8.0,27.0,0.0,0.0,,0.0,D,0.17,LITROS POR SEGUNDO,No se realiza,No,,MILIGRAMOS POR LITRO,2019-07-03,No pasa,2019-07-03,No pasa,2019-07-03,1.0,0.0,1.0,0.275,0.5687,2
2019-07-03,,ABASTO ASOPEBLAN,177793,Colombia,"CUNDINAMARCA,VIANÍ,VIANCITO",CUNDINAMARCA,VIANÍ,VIANCITO,4.85476,-74.58345,1687.0,25867000,,1969.0,1.0,1.0,VIANICITO PARTE BAJA,ASOCIACIÓN ACUEDUCTO PEÑAS BLANCAS,0.0,0.0,,25000000.0,3000000.0,SI,NO,NO,NO,SI,SI,2.0,Ojo de agua o manantial,1.09,LITROS POR SEGUNDO,1.0,A,5,1.0,A,1.0,Filtración rápida,0.4,C,3.0,35000.0,LITROS,8.123333333333333,MESES,0.5333333,C,,,,,,,0.0,D,0.7,LITROS POR SEGUNDO,No se realiza,No,,MILIGRAMOS POR LITRO,2019-07-04,No aplica,2019-07-04,No aplica,2019-07-04,0.0,0.0,0.8,0.2,0.25,2
2019-06-28,,ABASTO SECTOR ALTO AVEROZA,177858,Colombia,"CUNDINAMARCA,TENA,El Rosario",CUNDINAMARCA,TENA,El Rosario,4.683777,-74.396283,1940.0,25 797 000,,1998.0,1.0,1.0,EL ROSARIO,"ASOCIACIÓN DE USUARIOS DEL ACUEDUCTO RURAL SECTOR ALTO ""AVEROSA""",2420.0,605.0,Otros,1000000.0,1800000.0,SI,NO,NO,NO,NO,SI,1.0,Quebrada,4.6,LITROS POR SEGUNDO,1.0,A,1,0.7,C,1.0,Sedimentación,0.85,B,4.0,217000.0,LITROS,2.0,MESES,1.0,A,2.0,24.0,605.0,605.0,605.0,Mayor de 100 m,1.0,A,4.0,LITROS POR SEGUNDO,No se realiza,No,,MILIGRAMOS POR LITRO,2019-07-07,No aplica,2019-07-07,No aplica,2019-07-07,1.0,0.9147,0.8,0.425,0.7849,2
2019-06-28,,ACUEDUCTO DE PAYACAL ALTO,177859,Colombia,"CUNDINAMARCA,LA MESA,Payacal",CUNDINAMARCA,LA MESA,Payacal,4.68764,-74.388725,2100.0,25 386 000,,1965.0,2.0,1.0,"PAYACAL ALTO , PAYACAL BAJO",ASOCIACIÓN GREMIAL DE USUARIOS DEL ACUEDUCTO DE LA VEREDA PAYACAL,1288.0,322.0,Intradomiciliarias,3000000.0,,SI,NO,NO,NO,NO,SI,2.0,Quebrada,3.76,LITROS POR SEGUNDO,1.0,A,1,0.7,C,6.0,"Aireación (oxidación), Filtración lenta, Sedimentación, Coagulación y Floculación, Sedimentación, Sedimentación",0.85,B,3.0,168000.0,LITROS,2.0,MESES,1.0,A,3.0,20.0,322.0,322.0,322.0,,0.7,C,2.2,LITROS POR SEGUNDO,"Sí, y funciona","Sí, pero no de maner mayoritaria",,MILIGRAMOS POR LITRO,2019-07-07,No aplica,2019-07-07,No aplica,2019-07-07,1.0,0.8367,0.8,0.925,0.8904,2
2019-06-28,,ABASTO RURAL FLORIAN Y PAYACAL ,177861,Colombia,"CUNDINAMARCA,LA MESA",CUNDINAMARCA,LA MESA,,4.682542,-74.389528,2000.0,25 245 000,,1979.0,2.0,1.0,"FLORIAN, PAYACAL BAJO",ACUEDUCTO RURAL DE FLORIAN Y PAYACAL,940.0,235.0,Intradomiciliarias,1000000.0,21000000.0,SI,NO,NO,NO,NO,SI,1.0,Quebrada,4.2,LITROS POR SEGUNDO,0.0,D,1,1.0,A,1.0,Sedimentación,1.0,A,2.0,12547.32,LITROS,2.0,MESES,1.0,A,1.0,24.0,235.0,235.0,235.0,,0.7,C,1.6,LITROS POR SEGUNDO,No se realiza,"Sí, pero no de maner mayoritaria",,MILIGRAMOS POR LITRO,2019-07-07,No aplica,2019-07-07,No aplica,2019-07-07,0.3337,0.0,0.8,0.5,0.4084,2
2019-06-25,,ACUEDUCTO AGUASIMAL,177864,Colombia,"CUNDINAMARCA,TENA,Guasimal",CUNDINAMARCA,TENA,Guasimal,4.658012,-74.389816,1426.0,25 797 000,,1999.0,2.0,1.0,"EL HELECHAL, GUASIMAL",ASOCIACIÓN DE SUSCRIPTORES DEL ACUEDUCTO AGUASIMAL,1928.0,482.0,Otros,20000000.0,79000000.0,SI,NO,NO,NO,NO,SI,1.0,Quebrada,7.0,LITROS POR SEGUNDO,1.0,A,1,1.0,A,5.0,"Coagulación y Floculación, Sedimentación, Aireación (oxidación), Sedimentación, Filtración rápida",1.0,A,3.0,159000.0,LITROS,2.0,MESES,1.0,A,2.0,24.0,482.0,482.0,482.0,,1.0,A,6.6,LITROS POR SEGUNDO,"Sí, y funciona","Sí, pero no de maner mayoritaria",1.0,MILIGRAMOS POR LITRO,2019-06-11,Sí pasa,2019-06-11,Sí pasa,2019-06-11,1.0,1.0,0.8,1.0,0.95,2
2019-06-19,,ACUEDUCTO ASUARTELAM,177868,Colombia,"CUNDINAMARCA,TENA",CUNDINAMARCA,TENA,,4.676908,-74.37629,1262.0,25 797 000,,1986.0,14.0,1.0,"BETULIA ALTO, BETULIA BAJO , EL HELECHAL, EL HOSPICIO, EL PALMAR, EL ROSARIO, ESCALANTE, GUAYABAL ALTO, GUAYABAL BAJO, LA GRAN VÍA DE TENA, PAYACAL BAJO, PEÑA NEGRA, ZAPATA ALTO, ZAPATA BAJO",ASUARTELAM,8523.0,2199.0,Otros,7000000.0,,SI,NO,NO,NO,NO,SI,1.0,Quebrada,90.0,LITROS POR SEGUNDO,1.0,A,2,1.0,A,6.0,"Desinfección con cloro, Filtración lenta, Sedimentación, Coagulación y Floculación, Aireación (oxidación), Sedimentación",0.95,A,7.0,287000.0,LITROS,2.0,MESES,1.0,A,2.0,24.0,2199.0,2199.0,2199.0,,1.0,A,15.2,LITROS POR SEGUNDO,"Sí, y funciona","Sí, pero no de maner mayoritaria",,MILIGRAMOS POR LITRO,2019-07-07,Sí pasa,2019-03-27,Sí pasa,2019-03-27,0.6803,1.0,0.2,0.975,0.7138,2
2019-07-04,,ABASTO INTERVEREDAL CUNE,177919,Colombia,"CUNDINAMARCA,VILLETA,CUNE",CUNDINAMARCA,VILLETA,CUNE,5.055933,-74.518915,1465.5,25-875-000,,1992.0,7.0,1.0,"CUNE, LA ESMERALDA, LA ESMERALDA SECTOR PALERMO, LA MASATA ALTA, SALITRE ALTO SECTOR EL VELERO, SALITRE BLANCO, SAN ISIDRO PARTE BAJA",JUNTA ADMINISTRADORA ACUEDUCTO INTERVEREDAL CUNE,776.6037735849056,215.0,,20000000.0,27000000.0,SI,NO,NO,NO,SI,SI,1.0,Quebrada,2.0,LITROS POR SEGUNDO,1.0,A,6,1.0,A,1.0,Sedimentación,1.0,A,3.0,170000.0,LITROS,2.0,MESES,1.0,A,3.0,4.0,215.0,209.0,209.0,,1.0,A,1.17,LITROS POR SEGUNDO,No se realiza,No,,MILIGRAMOS POR LITRO,2019-07-08,No aplica,2019-07-08,No aplica,2019-07-08,1.0,1.0,0.6,0.5,0.775,2
2019-06-28,,ABASTO SAN ISIDRO,177929,Colombia,"CUNDINAMARCA,VILLETA,SAN ISIDRO",CUNDINAMARCA,VILLETA,SAN ISIDRO,5.04606,-74.529935,1667.1,25-875-000,,1998.0,2.0,2.0,"SAN ISIDRO, SAN ISIDRO SECTOR MEDIO","JUNTA ADMINISTRADORA ACUEDUCTO INTERVEREDAL CUNE, ASOCIACION DE USUARIOS DEL ACUEDUCTO DE LA VEREDA SAN ISIDRO",472.0,118.0,,98000000.0,300000.0,SI,NO,NO,NO,NO,SI,2.0,Quebrada,0.58,LITROS POR SEGUNDO,0.55,C,3,1.0,A,1.0,Sedimentación,1.0,A,3.0,125000.0,LITROS,2.3333333333333335,MESES,0.95,A,7.0,6.0,118.0,118.0,107.0,,1.0,A,0.58,LITROS POR SEGUNDO,No se realiza,No,,MILIGRAMOS POR LITRO,2019-07-08,No aplica,2019-07-08,No aplica,2019-07-08,1.0,0.8502,0.9,0.5,0.8125,2
2019-06-28,,ACUEDUCTO ASUACAP,177935,Colombia,"CUNDINAMARCA,VILLETA,EL PUENTE",CUNDINAMARCA,VILLETA,EL PUENTE,4.9919935,-74.4890234,520.9,25-875-004,,1980.0,5.0,1.0,"ALTO DE TORRES SECTOR BAJO, EL PUENTE, LA MASATA BAJA, LA MASATA BAJA SECTOR EL PEÑÓN, PAYANDE BAJO",ASOCIACION DE USUARIOS DE ACUEDUCTO Y ALCANTARILLADO DEL CASERIO EL PUENTE,745.8329253365973,196.0,,1500000.0,250000000.0,SI,NO,NO,NO,SI,SI,1.0,Quebrada,2.5,LITROS POR SEGUNDO,1.0,A,5,1.0,A,2.0,"Coagulación y Floculación, Sedimentación",1.0,A,1.0,120000.0,LITROS,2.0,MESES,1.0,A,1.0,24.0,196.0,120.0,120.0,,1.0,A,2.5,LITROS POR SEGUNDO,"Sí, y funciona",No,,MILIGRAMOS POR LITRO,2019-07-08,No aplica,2019-07-08,No aplica,2019-07-08,1.0,1.0,0.4,1.0,0.85,2
2019-06-27,,ACUEDUCTO Y ALCANTARILLADO MAVE BAGAZAL,177941,Colombia,"CUNDINAMARCA,VILLETA,CENTRO POBLADO BAGAZAL",CUNDINAMARCA,VILLETA,CENTRO POBLADO BAGAZAL,4.982965,-74.486298,862.9,25-875-001,,1978.0,9.0,1.0,"ALTO DE TORRES , ALTO DE TORRES SECTOR LA ESTRELLA, ALTO DE TORRES SECTOR PUENTE AMARILLO, BAGAZAL, GUAYACUNDO SECTOR SAN MIGUEL, MAVE, MAVE SECTOR LA JUDEA, PAYANDE, RIO DULCE","ASOCIACIÓN DE USUARIOS DE ACUEDUCTO Y ALCANTARILLADO MAVE, BAGAZAL",1950.437769912654,500.0,,20000000.0,4500000.0,SI,NO,NO,NO,NO,SI,3.0,Río,4.12,LITROS POR SEGUNDO,1.0,A,10,1.0,A,6.0,"Sedimentación, Sedimentación, Coagulación y Floculación, Sedimentación, Sedimentación, Filtración lenta",0.95,A,4.0,220000.0,LITROS,6.0,MESES,0.8125,B,5.0,24.0,501.0,497.0,494.0,Menor de 100 m,1.0,A,4.12,LITROS POR SEGUNDO,"Sí, y funciona",No,,MILIGRAMOS POR LITRO,2019-07-08,No aplica,2019-07-08,No aplica,2019-07-08,1.0,0.9494,0.6666667,0.975,0.8978,2
2019-06-28,,ABASTO ASOVEPAYSA,177952,Colombia,"CUNDINAMARCA,PASCA,San Pablo",CUNDINAMARCA,PASCA,San Pablo,4.27486,-74.33235,2284.0,25-535,,1970.0,3.0,1.0,"EL DIAMANTE, PUENTE ROJO, SAN PABLO",ASOCIACION DE USUARIOS DEL ACUEDUCTO DE LAS VEREDAS SAN PABLO DE PASCA Y SARDINAS DE FUSAGASUGA ASOVEPAYSA,236.71428571428572,67.0,Otros,1000000.0,13500000.0,SI,NO,NO,NO,SI,SI,1.0,Quebrada,4.5,LITROS POR SEGUNDO,0.7,C,3,1.0,A,,,,,2.0,118000.0,LITROS,2.0,MESES,1.0,A,5.0,24.0,67.0,0.0,0.0,,1.0,A,4.5,LITROS POR SEGUNDO,No se realiza,No,,MILIGRAMOS POR LITRO,2019-07-08,No aplica,2019-07-08,No aplica,2019-07-08,1.0,0.9147,0.4,0.1,0.6037,2
2019-07-03,,ABASTO GUATE,177965,Colombia,"CUNDINAMARCA,VIANÍ,GUATE",CUNDINAMARCA,VIANÍ,GUATE,4.89922,-74.55375,1714.0,25867000,,1995.0,2.0,1.0,"GUATE SECTOR ALTO, GUATE SECTOR BAJO",ASOCIACIÓN DE USUARIOS DEL ACUEDUCTO  DE LA VEREDA GUATE,164.66666666666666,42.0,,15000000.0,,SI,NO,NO,NO,NO,SI,1.0,Quebrada,2.2,LITROS POR SEGUNDO,1.0,A,1,1.0,A,1.0,Sedimentación,1.0,A,1.0,30000.0,LITROS,6.0,MESES,0.85,B,1.0,24.0,42.0,0.0,0.0,,1.0,A,0.59,LITROS POR SEGUNDO,No se realiza,No,,MILIGRAMOS POR LITRO,2019-07-08,No aplica,2019-07-08,No aplica,2019-07-08,1.0,0.9602,0.6,0.5,0.7651,2
2019-07-11,,ACUEDUCTO VEREDAL PASTOR OSPINA Y FLORES,178162,Colombia,"CUNDINAMARCA,GUASCA,Vereda Pastor Ospina",CUNDINAMARCA,GUASCA,Vereda Pastor Ospina,4.852303,-73.854544,2820.0,25-322-000,,1980.0,8.0,1.0,"BUENOS AIRES, EL BARRO, EL UVAL, JABONERA, LOS PINOS, PIPO, SALÓN COMUNAL, TERMALES",ASOCIACIÓN DE USUARIOS DEL ACUEDUCTO DE LAS VEREDAS  PASTOR OSPINA Y FLORES,1188.0,330.0,,,4000000.0,SI,NO,NO,NO,SI,SI,3.0,Quebrada,6.1,METROS CÚBICOS POR SEGUNDO,1.0,A,3,1.0,A,8.0,"Filtración rápida, Sedimentación, Sedimentación, Desinfección con cloro, Sedimentación, Filtración rápida, Sedimentación, Coagulación y Floculación",1.0,A,2.0,200000.0,LITROS,3.0,MESES,0.85,B,5.0,24.0,398.0,398.0,398.0,,1.0,A,3.47,LITROS POR SEGUNDO,"Sí, y funciona",No,0.33,MILIGRAMOS POR LITRO,2019-06-20,Sí pasa,2019-06-20,Sí pasa,2019-06-20,1.0,0.9602,1.0,1.0,0.99,2
2019-06-27,,ABASTO VEREDAL LA AZAUNCHA ,178183,Colombia,"CUNDINAMARCA,CAPARRAPÍ,LA AZAUNCHA",CUNDINAMARCA,CAPARRAPÍ,LA AZAUNCHA,5.48459,-74.42683,1246.0,25148008,,1990.0,2.0,1.0,"LA AZAUNCHA , SAN JUANITO ",ACUEDUCTO COMUNAL LA AZAUNCHA ,177.0,60.0,,20000000.0,,SI,NO,NO,NO,SI,SI,1.0,Quebrada,1.5,LITROS POR SEGUNDO,0.0,D,2,0.7,C,1.0,Sedimentación,0.4,C,1.0,20000000.0,LITROS,3.0,MESES,0.55,C,2.0,24.0,60.0,0.0,0.0,,0.4,C,0.5,LITROS POR SEGUNDO,No se realiza,No,,MILIGRAMOS POR LITRO,2019-07-12,No pasa,2019-07-12,No pasa,2019-07-12,1.0,0.0,1.0,0.2,0.55,2
2019-06-27,,ACUEDUCTO ACUATENA S.A E.S.P,178215,Colombia,"CUNDINAMARCA,TENA",CUNDINAMARCA,TENA,,4.65818,-74.391367,1406.0,25797,,1999.0,4.0,1.0,"BETULIA BAJO , EL HELECHAL, EL ROSARIO, GUASIMAL",EMPRESA DE SERVICIOS PUBLICOS DE TENA ACUATENA E.S.P,1352.0,338.0,Otros,2000000.0,4730000.0,SI,NO,NO,NO,NO,SI,1.0,Quebrada,5.7,LITROS POR SEGUNDO,1.0,A,1,1.0,A,6.0,"Sedimentación, Filtración rápida, Coagulación y Floculación, Aireación (oxidación), Sedimentación, Desinfección con cloro",1.0,A,4.0,268860.0,LITROS,2.0,MESES,0.85,B,3.0,24.0,338.0,338.0,338.0,,1.0,A,4.7,LITROS POR SEGUNDO,"Sí, y funciona","Sí, pero no de maner mayoritaria",2.15,MILIGRAMOS POR LITRO,2019-05-10,Sí pasa,2019-05-09,Sí pasa,2019-05-09,1.0,0.9602,0.8,1.0,0.9401,2
2019-07-15,,ABASTO DE AGUA ASOSUSA,178792,Colombia,"CUNDINAMARCA,FÓMEQUE,Susa",CUNDINAMARCA,FÓMEQUE,Susa,4.47178,-73.81172,2794.8,25279000,,1985.0,5.0,1.0,"SECTOR BERNABÉ , SECTOR ESCUELA EL PAVAL , SECTOR ESCUELA SUSA, SECTOR JUNCAL, SECTOR SALINAS",ASOCIACION ADMINISTRADORA DE SERVICIO DE AGUA POTABLE DEL ACUEDUCTO ASOSUSA,273.0,85.0,,80000000.0,45000000.0,SI,NO,NO,NO,SI,SI,1.0,Ojo de agua o manantial,0.85,LITROS POR SEGUNDO,1.0,A,1,1.0,A,1.0,Sedimentación,0.7,C,4.0,48000.0,LITROS,2.0,MESES,1.0,A,8.0,24.0,85.0,85.0,85.0,,1.0,A,0.85,LITROS POR SEGUNDO,No se realiza,No,,MILIGRAMOS POR LITRO,2019-07-23,No aplica,2019-07-23,No aplica,2019-07-23,1.0,1.0,0.8,0.35,0.7875,2
2019-07-25,,ABASTO ALTO DE HIERRO,178927,Colombia,"CUNDINAMARCA,TAUSA,Lagunitas",CUNDINAMARCA,TAUSA,Lagunitas,5.22065,-73.930365,3266.0,25793,,1989.0,3.0,1.0,"EL TRONCO, LA ESCUELA, SANTO DOMINGO",COMITE DEL ACUEDUCTO ALTO DEL HIERRO,220.0,70.0,Plan Departamental de Agua,45000000.0,,SI,NO,NO,NO,SI,SI,1.0,Quebrada,11.0,LITROS POR SEGUNDO,1.0,A,1,1.0,A,1.0,Sedimentación,1.0,A,1.0,10000.0,LITROS,6.0,MESES,0.85,B,3.0,24.0,70.0,0.0,0.0,,0.7,C,1.1,LITROS POR SEGUNDO,No se realiza,"Sí, pero no de maner mayoritaria",,MILIGRAMOS POR LITRO,2019-07-25,No aplica,2019-07-25,No aplica,2019-07-25,1.0,0.8783,0.8,0.5,0.7946,2
2019-07-25,,ABASTO LLANO GRANDE TAUSA,178942,Colombia,"CUNDINAMARCA,TAUSA,LLANO GRANDE",CUNDINAMARCA,TAUSA,LLANO GRANDE,5.156734,-73.979617,3025.0,25793,,1990.0,2.0,1.0,"LLANO GRANDE SECTOR ALTO, LLANO GRANDE SECTOR BAJO",JUNTA DE ACCIÓN COMUNAL DE LLANO GRANDE TAUSA,171.0,58.0,Plan Departamental de Agua,55000000.0,,SI,NO,NO,NO,SI,SI,1.0,Ojo de agua o manantial,2.4,LITROS POR SEGUNDO,1.0,A,1,1.0,A,1.0,Sedimentación,1.0,A,1.0,15000.0,LITROS,6.0,MESES,0.85,B,2.0,24.0,58.0,0.0,0.0,,1.0,A,1.0,LITROS POR SEGUNDO,No se realiza,No,,MILIGRAMOS POR LITRO,2019-07-25,No aplica,2019-07-25,No aplica,2019-07-25,1.0,0.9602,0.6,0.5,0.7651,2
2019-07-25,,ABASTO EL TABACAL,178944,Colombia,"CUNDINAMARCA,TAUSA,Lagunitas",CUNDINAMARCA,TAUSA,Lagunitas,5.235189,-73.907063,3190.0,25793,,1992.0,2.0,1.0,"SECTOR CHAPETÓN, SECTOR TABACAL",JUNTA ADMINISTRADORA  EL TABACAL,164.0,48.0,Plan Departamental de Agua,55000000.0,,SI,NO,NO,NO,SI,SI,1.0,Ojo de agua o manantial,3.0,LITROS POR SEGUNDO,1.0,A,1,1.0,A,1.0,Sedimentación,1.0,A,1.0,10000.0,LITROS,6.0,MESES,0.85,B,2.0,24.0,48.0,0.0,0.0,,0.7,C,0.8,LITROS POR SEGUNDO,No se realiza,No,,MILIGRAMOS POR LITRO,2019-07-25,No aplica,2019-07-25,No aplica,2019-07-25,1.0,0.8783,0.8,0.5,0.7946,2
2019-07-25,,ABASTO SABANEQUE,178947,Colombia,"CUNDINAMARCA,TAUSA,Sabaneque",CUNDINAMARCA,TAUSA,Sabaneque,5.231212,-74.017533,3000.0,25793,,1990.0,2.0,1.0,"SECTOR PANTANITOS, SECTOR TASAJERA",JUNTA DE ACCIÓN COMUNAL DEL ACUEDUCTO VEREDA SABANEQUE,125.0,36.0,Plan Departamental de Agua,56000000.0,,SI,NO,NO,NO,SI,SI,1.0,Quebrada,5.0,LITROS POR SEGUNDO,0.7,C,1,0.7,C,1.0,Sedimentación,1.0,A,1.0,5000.0,LITROS,6.0,MESES,0.85,B,2.0,24.0,36.0,0.0,0.0,,1.0,A,0.6,LITROS POR SEGUNDO,No se realiza,No,,MILIGRAMOS POR LITRO,2019-07-25,No aplica,2019-07-25,No aplica,2019-07-25,0.9995,0.8033,0.8,0.5,0.7757,2
2019-07-25,,ABASTO PARAMO ALTO,178948,Colombia,"CUNDINAMARCA,TAUSA,Paramo Alto",CUNDINAMARCA,TAUSA,Paramo Alto,5.226439,-74.034923,3578.0,25793,,1993.0,2.0,1.0,"SECTOR LA LAGUNA, SECTOR PÁRAMO ALTO",JUNTA DE ACCIÓN COMUNAL ACUEDUCTO VEREDA PÁRAMO ALTO ,142.6,44.0,Plan Departamental de Agua,55000000.0,,SI,NO,NO,NO,SI,SI,1.0,Ojo de agua o manantial,3.0,LITROS POR SEGUNDO,0.7,C,1,1.0,A,1.0,Sedimentación,1.0,A,1.0,5000.0,LITROS,6.0,MESES,0.85,B,2.0,24.0,45.0,0.0,0.0,,0.7,C,0.5,LITROS POR SEGUNDO,No se realiza,No,,MILIGRAMOS POR LITRO,2019-07-25,No aplica,2019-07-25,No aplica,2019-07-25,0.8762,0.8033,0.8,0.5,0.7449,2
2019-07-25,,ABASTO EL SALITRE CORRALEJAS,178949,Colombia,"CUNDINAMARCA,TAUSA,El Salitre",CUNDINAMARCA,TAUSA,El Salitre,5.180113,-74.003668,3143.0,25793,,1990.0,1.0,1.0,SECTOR CORRALEJAS,JUNTA DE ACCIÓN COMUNAL ACUEDUCTO VEREDA PÁRAMO ALTO ,215.0,55.0,Plan Departamental de Agua,65000000.0,,SI,NO,NO,NO,SI,SI,1.0,Fuente,3.0,LITROS POR SEGUNDO,0.7,C,1,0.7,C,1.0,Sedimentación,0.85,B,1.0,10000.0,LITROS,6.0,MESES,0.85,B,1.0,24.0,55.0,55.0,45.0,,1.0,A,0.6,LITROS POR SEGUNDO,No se realiza,No,,MILIGRAMOS POR LITRO,2019-07-25,No aplica,2019-07-25,No aplica,2019-07-25,1.0,0.8033,0.8,0.425,0.7571,2
2019-07-25,,ACUEDUCTO INTERVEREDAL ACOINTEVERT,178952,Colombia,"CUNDINAMARCA,SUSA,Llano Grande",CUNDINAMARCA,SUSA,Llano Grande,5.40935,-73.82816,2760.0,25779,,1987.0,5.0,1.0,"LA ESCUELA, LA ESTACIÓN, PISILAGO, PUERTO COLOMBIA, SECTOR HOTEL","ACUEDUCTO COMUNAL INTERVEREDAL LA ESTACIÓN-LLANO GRANDE-PUNTA DE CRUZ ""ACOINTEVERT""",1832.0,458.0,Plan Departamental de Agua,85000000.0,,SI,NO,NO,NO,SI,SI,2.0,Río,19.5,LITROS POR SEGUNDO,1.0,A,2,1.0,A,1.0,Coagulación y Floculación,1.0,A,3.0,185000.0,LITROS,6.0,MESES,0.85,B,5.0,24.0,458.0,458.0,458.0,,1.0,A,4.5,LITROS POR SEGUNDO,"Sí, y funciona","Sí, pero no de maner mayoritaria",0.5,MILIGRAMOS POR LITRO,2019-07-25,Sí pasa,2019-07-18,Sí pasa,2019-07-18,1.0,0.9602,0.9,1.0,0.965,2
2019-07-24,,ABASTO VEREDA HUNGRIA,179034,Colombia,"CUNDINAMARCA,SOACHA,Hungria",CUNDINAMARCA,SOACHA,Hungria,4.48066,-74.20695,3071.1,25-754,,1980.0,1.0,1.0,HUNGRIA 1 ,ACUEDUCTO VEREDAL  HUNGRIA CORREGIMIENTO 1 ,148.5,45.0,,10000000.0,3000000.0,SI,NO,NO,NO,NO,SI,1.0,Quebrada,5.0,LITROS POR SEGUNDO,1.0,A,2,1.0,A,,,,,2.0,75000.0,LITROS,1.0,MESES,1.0,A,2.0,24.0,45.0,0.0,0.0,,1.0,A,2.0,LITROS POR SEGUNDO,No se realiza,No,,MILIGRAMOS POR LITRO,2019-07-29,No aplica,2019-07-29,No aplica,2019-07-29,1.0,1.0,1.0,0.1,0.775,2
2019-07-25,,ABASTO ALTOS DEL CABRA,179035,Colombia,"CUNDINAMARCA,SOACHA,ALTO DEL CABRA",CUNDINAMARCA,SOACHA,ALTO DEL CABRA,4.46225,-74.20876,3367.9,25-754,,1990.0,3.0,1.0,"DOS QUEBRADAS , LA CAPILLA, LA PLANADA ",ACUEDUCTO ALTOS DEL CABRA ,249.8095238095238,80.0,,8000000.0,5000000.0,SI,NO,NO,NO,SI,SI,1.0,Río,4.0,LITROS POR SEGUNDO,1.0,A,2,1.0,A,,,,,2.0,87000.0,LITROS,2.0,MESES,1.0,A,4.0,24.0,80.0,0.0,0.0,,0.7,C,2.0,LITROS POR SEGUNDO,No se realiza,No,,MILIGRAMOS POR LITRO,2019-07-29,No aplica,2019-07-29,No aplica,2019-07-29,1.0,0.9147,0.8,0.1,0.7037,2
2019-07-19,,ABASTO SAN MIGUEL Y GUAYABAL DE PATASIA ,179086,Colombia,"CUNDINAMARCA,PACHO,San Miguel",CUNDINAMARCA,PACHO,San Miguel,5.2321,-74.10441,2799.0,25513000,,1999.0,7.0,1.0,"EL CABRERO, GUAYABAL DE PATASIA, HATO VIEJO, MONTE VERDE, SAN MIGUEL, VERAGUAS, YAYATA",ASOCIACIÓN DE SUSCRIPTORES DEL SERVICIO DE ACUEDUCTO DE SAN MIGUEL Y GUAYABAL DE PATASIA. ,832.4772601794341,255.0,,30000000.0,20000000.0,SI,NO,NO,NO,SI,SI,1.0,Quebrada,4.0,LITROS POR SEGUNDO,0.7,C,7,1.0,A,1.0,Sedimentación,0.55,C,5.0,109000000.0,LITROS,3.0,MESES,0.7,C,4.0,24.0,255.0,255.0,255.0,,1.0,A,0.44,LITROS POR SEGUNDO,No se realiza,No,,MILIGRAMOS POR LITRO,2019-07-30,No aplica,2019-07-30,No aplica,2019-07-30,1.0,0.8367,1.0,0.275,0.7779,2
2019-07-10,,ABASTO ASOAVAR VARSOVIA,179107,Colombia,"CUNDINAMARCA,SAN JUAN DE RIOSECO,VARSOVIA",CUNDINAMARCA,SAN JUAN DE RIOSECO,VARSOVIA,4.76972,-74.56995,1965.0,25662000,,2005.0,2.0,1.0,"VARSOVIA PARTE ALTA, VARSOVIA PARTE BAJA",ASOCIACIÓN DE USUARIOS ACUEDUCTO VARSOVIA- ASUAVAR,0.0,0.0,,150000000.0,40000000.0,SI,NO,NO,NO,NO,SI,2.0,Quebrada,2.99,LITROS POR SEGUNDO,0.35,D,4,0.2,D,5.0,"Filtración lenta, Sedimentación, Filtración lenta, Sedimentación, Sedimentación",0.2,D,2.0,70000.0,LITROS,12.0,MESES,0.2,D,,,,,,,0.0,D,0.6,LITROS POR SEGUNDO,No se realiza,No,,MILIGRAMOS POR LITRO,2019-07-30,No aplica,2019-07-30,No aplica,2019-07-30,0.0,0.0,0.9,0.1,0.25,2
2019-07-10,,ABASTO OLIVOS ALTOS,179109,Colombia,"CUNDINAMARCA,SAN JUAN DE RIOSECO,OLIVOS",CUNDINAMARCA,SAN JUAN DE RIOSECO,OLIVOS,4.78913,-74.57711,2115.0,25662000,,1990.0,1.0,1.0,OLIVOS PARTE ALTA,ASOCIACIÓN DE ACUEDUCTO LOS OLIVOS ALTO,0.0,0.0,,15000000.0,,SI,NO,NO,NO,NO,SI,1.0,Ojo de agua o manantial,0.35,LITROS POR SEGUNDO,0.0,D,1,1.0,A,2.0,"Sedimentación, Filtración rápida",1.0,A,1.0,55000.0,LITROS,12.0,MESES,0.4,C,,,,,,,0.0,D,0.15,LITROS POR SEGUNDO,No se realiza,No,,MILIGRAMOS POR LITRO,2019-07-30,No aplica,2019-07-30,No aplica,2019-07-30,0.0,0.0,0.8,0.5,0.325,2
2019-07-12,,ABASTO OJO DE AGUA EL CAUCHO,179110,Colombia,"CUNDINAMARCA,SAN JUAN DE RIOSECO,SANTA TERESA",CUNDINAMARCA,SAN JUAN DE RIOSECO,SANTA TERESA,4.88684,-74.59247,1745.0,25662000,,1995.0,1.0,1.0,SANTA TERESA SECTOR EL CAUCHO,ASOCIACIÓN DE SUSCRIPTORES DEL ACUEDUCTO OJO DE AGUA EL CAUCHO,172.0,43.0,,40000000.0,,SI,NO,NO,NO,NO,SI,2.0,Ojo de agua o manantial,0.67,LITROS POR SEGUNDO,0.7,C,4,1.0,A,1.0,Sedimentación,0.7,C,1.0,50000.0,LITROS,12.0,MESES,0.4,C,3.0,12.0,43.0,0.0,0.0,,1.0,A,0.4,LITROS POR SEGUNDO,No se realiza,"Sí, pero no de maner mayoritaria",,MILIGRAMOS POR LITRO,2019-07-30,No aplica,2019-07-30,No aplica,2019-07-30,1.0,0.7274,1.0,0.35,0.7694,2
2019-07-12,,ABASTO SANTA CRUZ,179112,Colombia,"CUNDINAMARCA,SAN JUAN DE RIOSECO,SANTA TERESA",CUNDINAMARCA,SAN JUAN DE RIOSECO,SANTA TERESA,4.890439,-74.61345,1710.0,25662000,,2000.0,1.0,1.0,SANTA TERESA SECTOR SANTA TERESA,ASOCIACIÓN DE USUARIOS DEL ACUEDUCTO VEREDAL SANTA CRUZ,36.0,9.0,,25000000.0,,SI,NO,NO,NO,NO,SI,1.0,Ojo de agua o manantial,0.25,LITROS POR SEGUNDO,0.7,C,3,1.0,A,1.0,Sedimentación,1.0,A,2.0,12000.0,LITROS,3.0,MESES,0.85,B,2.0,12.0,9.0,0.0,0.0,,1.0,A,0.1,LITROS POR SEGUNDO,No se realiza,No,,MILIGRAMOS POR LITRO,2019-07-30,No aplica,2019-07-30,No aplica,2019-07-30,1.0,0.8783,1.0,0.5,0.8446,2
2019-07-12,,ABASTO ALTO DEL ARADO,179115,Colombia,"CUNDINAMARCA,SAN JUAN DE RIOSECO,SANTA TERESA",CUNDINAMARCA,SAN JUAN DE RIOSECO,SANTA TERESA,4.87968,-74.61882,1693.0,26662000,,1995.0,2.0,1.0,"SANTA TERESA ALTO DEL ARADO, SANTA TERESA SECTOR SANTA TERESA",ASOCIACIÓN DE USUARIOS ACUEDUCTO VEREDAL ACUEDUCTO ALTO DEL ARADO,164.0,41.0,,35000000.0,1200000.0,SI,NO,NO,NO,NO,SI,3.0,Ojo de agua o manantial,0.85,LITROS POR SEGUNDO,0.23333333,D,3,0.6,C,1.0,Sedimentación,0.85,B,1.0,3000.0,LITROS,3.0,MESES,0.55,C,3.0,24.0,41.0,0.0,0.0,,0.7,C,0.42,LITROS POR SEGUNDO,No se realiza,No,,MILIGRAMOS POR LITRO,2019-07-30,No aplica,2019-07-30,No aplica,2019-07-30,0.4575,0.4818,1.0,0.425,0.5911,2
2019-07-18,,ABASTO SAN ANTONIO,179116,Colombia,"CUNDINAMARCA,SAN JUAN DE RIOSECO,SANTA TERESA",CUNDINAMARCA,SAN JUAN DE RIOSECO,SANTA TERESA,4.86528,-74.61614,1434.0,25662000,,2001.0,1.0,1.0,SANTA TERESA SECTOR SAN ANTONIO,ACUEDUCTO VEREDAL SAN ANTONIO,144.0,36.0,,45000000.0,,SI,NO,NO,NO,NO,SI,1.0,Quebrada,0.45,LITROS POR SEGUNDO,0.7,C,3,0.7,C,2.0,"Sedimentación, Filtración rápida",0.925,A,1.0,35000.0,LITROS,6.0,MESES,0.7,C,2.0,24.0,36.0,0.0,0.0,,1.0,A,0.3,LITROS POR SEGUNDO,No se realiza,No,,MILIGRAMOS POR LITRO,2019-07-30,No aplica,2019-07-30,No aplica,2019-07-30,1.0,0.7653,0.8,0.4625,0.7569,2
2019-07-18,,ABASTO LA SIRIA,179117,Colombia,"CUNDINAMARCA,SAN JUAN DE RIOSECO,SANTA TERESA",CUNDINAMARCA,SAN JUAN DE RIOSECO,SANTA TERESA,4.86588,-74.59683,1398.0,25662000,,1998.0,1.0,1.0,SANTA TERESA SECTOR LA SIRIA ,JUNTA ACUEDUCTO LA SIRIA,0.0,0.0,,18000000.0,,SI,NO,NO,NO,NO,SI,1.0,Ojo de agua o manantial,0.4,LITROS POR SEGUNDO,0.0,D,3,0.6666667,C,1.0,Sedimentación,0.7,C,2.0,45000.0,LITROS,12.0,MESES,0.3,D,,,,,,,0.0,D,0.1,LITROS POR SEGUNDO,No se realiza,No,,MILIGRAMOS POR LITRO,2019-07-30,No aplica,2019-07-30,No aplica,2019-07-30,0.0,0.0,0.8,0.35,0.2875,2
2019-07-18,,ABASTO LA MESITA,179119,Colombia,"CUNDINAMARCA,SAN JUAN DE RIOSECO,LA MESITA",CUNDINAMARCA,SAN JUAN DE RIOSECO,LA MESITA,4.83907,-74.59458,1616.0,25662000,,1995.0,2.0,1.0," LA MESITA, LA MESITA SECTOR PARAMITO ALTO ",ASOCIACIÓN DE USUARIOS ACUEDUCTO VEREDA LA MESITA,207.5,53.0,,45000000.0,,SI,NO,NO,NO,NO,SI,1.0,Quebrada,0.65,LITROS POR SEGUNDO,0.7,C,3,1.0,A,2.0,"Sedimentación, Filtración rápida",0.85,B,1.0,70000.0,LITROS,10.0,MESES,0.55,C,2.0,24.0,53.0,0.0,0.0,,1.0,A,0.4,LITROS POR SEGUNDO,No se realiza,No,,MILIGRAMOS POR LITRO,2019-07-30,No aplica,2019-07-30,No aplica,2019-07-30,1.0,0.7877,0.8,0.425,0.7532,2
2019-07-19,,ABASTO PARAMITO,179120,Colombia,"CUNDINAMARCA,SAN JUAN DE RIOSECO,LA MESITA",CUNDINAMARCA,SAN JUAN DE RIOSECO,LA MESITA,4.82491,-74.59703,1465.0,25662000,,2007.0,2.0,1.0,"LA MESITA SECTOR PARAMITO ALTO , LA MESITA SECTOR PARAMITO BAJO",ASOCIACIÓN ADMINISTRADORA DE ACUEDUCTO PARAMITO,0.0,0.0,,20000000.0,,SI,NO,NO,NO,SI,SI,1.0,Quebrada,2.1,LITROS POR SEGUNDO,0.0,D,1,0.0,D,,,,,1.0,15000.0,LITROS,12.0,MESES,0.2,D,,,,,,,0.0,D,0.0,LITROS POR SEGUNDO,No se realiza,No,,MILIGRAMOS POR LITRO,2019-07-30,No aplica,2019-07-30,No aplica,2019-07-30,0.0,0.0,0.8,0.0,0.2,2
2019-07-30,,ABASTO TESALIA,179121,Colombia,"CUNDINAMARCA,SAN JUAN DE RIOSECO,HATO",CUNDINAMARCA,SAN JUAN DE RIOSECO,HATO,4.79656,-74.61354,1135.0,25662000,,2002.0,1.0,1.0,EL HATO PARTE BAJA SECTOR TESALIA,JUNTA DE ACUEDUCTO HATO SECTOR TESALIA,92.0,23.0,,80000000.0,,SI,NO,NO,NO,SI,SI,2.0,Quebrada,2.65,LITROS POR SEGUNDO,0.35,D,4,1.0,A,2.0,"Sedimentación, Filtración rápida",1.0,A,1.0,50000.0,LITROS,6.0,MESES,0.85,B,2.0,24.0,23.0,0.0,0.0,,1.0,A,0.18,LITROS POR SEGUNDO,No se realiza,No,,MILIGRAMOS POR LITRO,2019-07-30,No aplica,2019-07-30,No aplica,2019-07-30,1.0,0.7385,0.8,0.5,0.7596,2
2019-07-24,,ABASTO EL HATO,179122,Colombia,"CUNDINAMARCA,SAN JUAN DE RIOSECO,HATO",CUNDINAMARCA,SAN JUAN DE RIOSECO,HATO,4.81094,-74.61253,1187.0,25662000,,1989.0,2.0,1.0,"EL HATO PARTE ALTA , EL HATO PARTE BAJA SECTOR TESALIA",ASOCIACIÓN DE ACUEDUCTO  DE LA VEREDA EL HATO,113.0,33.0,,70000000.0,1200000.0,SI,NO,NO,NO,SI,SI,2.0,Quebrada,2.55,LITROS POR SEGUNDO,0.2,D,3,0.8,B,1.0,Sedimentación,0.85,B,1.0,40000.0,LITROS,6.0,MESES,0.55,C,4.0,24.0,33.0,0.0,0.0,,1.0,A,0.2,LITROS POR SEGUNDO,No se realiza,No,,MILIGRAMOS POR LITRO,2019-07-30,No aplica,2019-07-30,No aplica,2019-07-30,1.0,0.5447,0.8,0.425,0.6924,2
2019-07-25,,ABASTO LAGUNITAS,179123,Colombia,"CUNDINAMARCA,SAN JUAN DE RIOSECO,LAGUNITAS",CUNDINAMARCA,SAN JUAN DE RIOSECO,LAGUNITAS,4.76209,-74.59511,1614.0,25662000,,1998.0,2.0,1.0,"LAGUNITAS PARTE ALTA SECTOR LA CAJITA, LAGUNITAS PARTE BAJA ",ASOCIACIÓN DE SUSCRIPTORES DEL SERVICIO DE ACUEDUCTO DE LA VEREDA LAGUNITAS,0.0,0.0,,80000000.0,40000000.0,SI,NO,NO,NO,SI,SI,1.0,Quebrada,1.95,LITROS POR SEGUNDO,1.0,A,3,1.0,A,1.0,Sedimentación,0.85,B,2.0,74000.0,LITROS,12.0,MESES,0.45,C,,,,,,,0.0,D,0.1,LITROS POR SEGUNDO,No se realiza,No,,MILIGRAMOS POR LITRO,2019-07-30,No aplica,2019-07-30,No aplica,2019-07-30,0.0,0.0,1.0,0.425,0.3563,2
2019-07-26,,ABASTO CAPOTE,179125,Colombia,"CUNDINAMARCA,SAN JUAN DE RIOSECO,EL CAPOTE",CUNDINAMARCA,SAN JUAN DE RIOSECO,EL CAPOTE,4.81854,-74.65501,1126.0,256662000,,2003.0,1.0,1.0,CAPOTE,ASOCIACIÓN DE USUARIOS ACUEDUCTO VEREDAL EL CAPOTE,116.0,29.0,,15000000.0,3000000.0,SI,NO,NO,NO,NO,SI,2.0,Ojo de agua o manantial,0.15,LITROS POR SEGUNDO,0.0,D,5,0.64,C,2.0,"Sedimentación, Filtración rápida",1.0,A,2.0,20000.0,LITROS,6.0,MESES,0.6,C,2.0,12.0,29.0,0.0,0.0,,1.0,A,0.07,LITROS POR SEGUNDO,No se realiza,No,,MILIGRAMOS POR LITRO,2019-07-30,No aplica,2019-07-30,No aplica,2019-07-30,1.0,0.0,0.8,0.5,0.575,2
2019-07-26,,ABASTO EL LIMON,179126,Colombia,"CUNDINAMARCA,SAN JUAN DE RIOSECO,EL LIMÓN",CUNDINAMARCA,SAN JUAN DE RIOSECO,EL LIMÓN,4.8587,-74.62812,1541.0,25662000,,1989.0,2.0,1.0,"EL LIMÓN PARTE ALTA , EL LIMÓN PARTE BAJA",ASOCIACIÓN DE USUARIOS ACUEDUCTO VEREDA EL LIMÓN ,254.0,73.0,,15000000.0,142000000.0,SI,NO,NO,NO,NO,SI,1.0,Ojo de agua o manantial,0.46,LITROS POR SEGUNDO,1.0,A,2,1.0,A,1.0,Filtración rápida,1.0,A,2.0,63000.0,LITROS,6.0,MESES,0.85,B,2.0,3.0,73.0,0.0,0.0,,1.0,A,0.5,LITROS POR SEGUNDO,No se realiza,No,,MILIGRAMOS POR LITRO,2019-07-30,No aplica,2019-07-30,No aplica,2019-07-30,1.0,0.9602,1.0,0.5,0.865,2
2019-07-31,,ACUEDUCTO LA MOYA,179154,Colombia,"CUNDINAMARCA,COTA,La Moya",CUNDINAMARCA,COTA,La Moya,4.826687,-74.105468,2636.0,25-214-000,,1962.0,8.0,1.0,"CUEVA DE LOS ZORROS, EL SALVIO, FRENTE ESCUELA, GALILEA, LA REGADERA, MANZANOS ALTOS , MANZANOS BAJOS , SAN NICOLÁS",JUNTA DE ACCIÓN COMUNAL LA MOYA- SERVICIO ACUEDUCTO VEREDAL,3426.0,866.0,Otros,20000000.0,1300000.0,SI,SI,NO,NO,NO,SI,1.0,Pozo Perforado,6.0,LITROS POR SEGUNDO,1.0,A,2,1.0,A,2.0,"Desinfección con cloro, Filtración lenta",1.0,A,5.0,47022.06,LITROS,0.95,MESES,1.0,A,7.0,12.428571428571429,866.0,866.0,866.0,,1.0,A,6.0,LITROS POR SEGUNDO,"Sí, pero no funciona",No,0.2,MILIGRAMOS POR LITRO,2019-03-27,Sí pasa,2019-05-29,No pasa,2019-07-31,0.3431,1.0,0.4,0.7,0.6108,2
2019-07-31,,ACUEDUCTO DE LAS VEREDAS SAN JORGE ALTO Y BARRO BLANCO ,179176,Colombia,"CUNDINAMARCA,ZIPAQUIRÁ,SAN JORGE",CUNDINAMARCA,ZIPAQUIRÁ,SAN JORGE,5.082389,-74.04988,3150.0,25-899-008,,1998.0,7.0,1.0,"CASELATA, CENTRO ALTO, LA CRUZ, LOS CHAVEZ, LOS PINOS , PULLON BARRO BLANCO, SAN JORGE CENTRO BAJO",ASOCIACION DE USUARIOS DEL SERVICIO DE AGUA DE LA VEREDA  SAN JORGE PARTE ALTA,4009.0,1000.0,Otros,20000000.0,170000.0,SI,NO,NO,NO,SI,SI,1.0,Quebrada,4.3,LITROS POR SEGUNDO,1.0,A,1,1.0,A,3.0,"Filtración lenta, Desinfección con cloro, Sedimentación",1.0,A,2.0,100378.54,LITROS,3.71,MESES,0.925,A,7.0,24.0,1000.0,1000.0,1000.0,,1.0,A,4.3,LITROS POR SEGUNDO,"Sí, y funciona",No,0.3,MILIGRAMOS POR LITRO,2019-06-13,No pasa,2019-07-31,No pasa,2019-07-31,0.626,0.9807,1.0,1.0,0.9017,2
2019-07-19,,ABASTO COMPERA,179182,Colombia,"CUNDINAMARCA,PACHO,LA COMPERA",CUNDINAMARCA,PACHO,LA COMPERA,5.09633,-74.159944,2131.0,25513000,,2001.0,9.0,1.0,"COMPERA, COMPERA BAJA, EL HATILLO, LA ESMERALDA, LA MOYA, LA PRIMAVERA, NUDILLO, SECTOR BUENOS AIRES, SECTOR LOS MANGOS",ASOCIACIÓN DE SUSCRIPTORES DEL ACUEDUCTO REGIONAL COMPERA,1717.4421060773675,495.0,,12000000.0,252000000.0,SI,NO,NO,NO,SI,SI,1.0,Río,23.0,LITROS POR SEGUNDO,0.0,D,4,0.85,B,1.0,Sedimentación,0.55,C,3.0,31900000.0,LITROS,4.0,MESES,0.8,B,3.0,24.0,495.0,0.0,0.0,,0.9,B,0.86,LITROS POR SEGUNDO,No se realiza,No,,MILIGRAMOS POR LITRO,2019-07-31,No aplica,2019-07-31,No aplica,2019-07-31,1.0,0.0,1.0,0.275,0.5687,2
2019-07-31,,ACUEDUCTO JARF - RIÓ FRIO ,179195,Colombia,"CUNDINAMARCA,ZIPAQUIRÁ,RIO FRIO",CUNDINAMARCA,ZIPAQUIRÁ,RIO FRIO,5.01623,-74.08606,3120.0,25-899-005,,1992.0,10.0,1.0,"BARRIO LOPEZ, CUARTELITO 1, CUARTELITO 2, EL CIMIENTO, EL COLEGIO, EL COLEGIO NUEVO RAMAL , LA GARRAPATA, MI RANCHITO, PATIO BONITO, PLAZA DE LAS OLLAS ",JUNTA ADMINISTRADORA DEL SERVICIO DEL AGUA POTABLE DE LA VEREDA RIO FRIO MUNICIPIO DE ZIPAQUIRA DEPARTAMENTO DE CUNDINAMARCA,823.0,224.0,,3200000.0,3000000.0,SI,NO,NO,NO,SI,SI,1.0,Quebrada,3.2,LITROS POR SEGUNDO,0.4,C,1,1.0,A,3.0,"Coagulación y Floculación, Filtración lenta, Sedimentación",0.85,B,3.0,40098.42,LITROS,4.0,MESES,0.85,B,8.0,24.0,224.0,224.0,224.0,,1.0,A,1.7,LITROS POR SEGUNDO,No se realiza,No,,MILIGRAMOS POR LITRO,2019-07-31,No aplica,2019-07-31,No aplica,2019-07-31,1.0,0.7636,0.4,0.425,0.6471,2
2019-07-26,,ABASTO MUCHAGUA MARIA,179277,Colombia,"CUNDINAMARCA,SAN JUAN DE RIOSECO,EL LIMÓN",CUNDINAMARCA,SAN JUAN DE RIOSECO,EL LIMÓN,4.87705,-74.62283,1528.0,25662000,,1997.0,2.0,1.0,"EL LIMÓN SECTOR LA MARÍA , EL LIMÓN SECTOR MUCHAGUA ",ASOCIACIÓN RURAL ACUEDUCTO MUCHAGUA- MARÍA,216.0,54.0,,85000000.0,40000000.0,SI,SI,NO,NO,NO,SI,4.0,Ojo de agua o manantial,0.94,LITROS POR SEGUNDO,0.2,D,9,0.93333334,A,1.0,Filtración rápida,0.7,C,7.0,92000.0,LITROS,6.0,MESES,0.85,B,5.0,10.4,54.0,0.0,0.0,,1.0,A,0.45,LITROS POR SEGUNDO,No se realiza,No,,MILIGRAMOS POR LITRO,2019-08-01,No aplica,2019-08-01,No aplica,2019-08-01,1.0,0.6311,0.9,0.35,0.7203,2
2019-07-26,,ABASTO SAN NICOLAS,179288,Colombia,"CUNDINAMARCA,SAN JUAN DE RIOSECO,SAN NICOLÁS",CUNDINAMARCA,SAN JUAN DE RIOSECO,SAN NICOLÁS,4.76879,-74.67505,1508.0,25662002,,1985.0,3.0,1.0,"HONDURAS ALTO, NORMANDIA, SAN NICOLAS ",ASOCIACIÓN DE USUARIOS DEL ACUEDUCTO VEREDAL SAN NICOLAS DE MUNICIPIO DE SAN JUAN DE RIOSECO,430.7,110.0,,85000000.0,17000000.0,SI,NO,NO,NO,NO,SI,3.0,Quebrada,1.2,LITROS POR SEGUNDO,1.0,A,4,0.85,B,1.0,Sedimentación,0.2,D,2.0,100000.0,LITROS,12.0,MESES,0.2,D,1.0,24.0,110.0,0.0,0.0,,1.0,A,0.85,LITROS POR SEGUNDO,No se realiza,No,,MILIGRAMOS POR LITRO,2019-08-01,No aplica,2019-08-01,No aplica,2019-08-01,1.0,0.6421,0.93333334,0.1,0.6689,2
2019-07-18,,ABASTO EL SALITRE PANTANO,179328,Colombia,"CUNDINAMARCA,TAUSA,El Salitre",CUNDINAMARCA,TAUSA,El Salitre,5.186784,-74.013825,3383.0,25793,,1988.0,1.0,1.0,SECTOR PANTANO,JUNTA DE ACCIÓN COMUNAL ACUEDUCTO VEREDA EL SALITRE,216.0,57.0,Plan Departamental de Agua,50000000.0,,SI,NO,NO,NO,SI,SI,1.0,Ojo de agua o manantial,3.0,LITROS POR SEGUNDO,1.0,A,2,1.0,A,1.0,Sedimentación,1.0,A,2.0,15000.0,LITROS,6.0,MESES,0.85,B,2.0,24.0,57.0,57.0,45.0,,0.7,C,0.8,LITROS POR SEGUNDO,No se realiza,No,,MILIGRAMOS POR LITRO,2019-08-02,No aplica,2019-08-02,No aplica,2019-08-02,1.0,0.8783,1.0,0.5,0.8446,2
2019-07-03,,ABASTO SAN PEDRO 3,179336,Colombia,"CUNDINAMARCA,GRANADA,LA VEINTIDOS",CUNDINAMARCA,GRANADA,LA VEINTIDOS,4.51856,-74.3606,2324.1,25-312-007,,1979.0,1.0,1.0,SAN PEDRO 3,ASOCIACIÓN DE USUARIOS ACUEDUCTO PARTE BAJA SAN PEDRO 3,148.0,35.0,,10000000.0,,SI,NO,NO,NO,NO,SI,1.0,Otras,2.0,LITROS POR SEGUNDO,0.7,C,1,1.0,A,,,,,1.0,0.0,LITROS,,MESES,0.0,D,2.0,24.0,35.0,0.0,0.0,,0.7,C,0.5,LITROS POR SEGUNDO,No se realiza,No,,MILIGRAMOS POR LITRO,2019-08-02,No aplica,2019-08-02,No aplica,2019-08-02,0.0,0.0,0.6,0.1,0.175,2
2019-07-24,,ABASTO EL BALU,179400,Colombia,"CUNDINAMARCA,GUADUAS,El Balu",CUNDINAMARCA,GUADUAS,El Balu,4.99837,-74.54195,1511.0,25320008,,1997.0,6.0,1.0,"BALU ALTO, EL BALU, LA CABAÑA ALTA, LA CABAÑA BAJA, SECTOR EL TRIGO , SECTOR LOS CRISTALES",ASOCIACIÓN USUARIOS DEL ACUEDUCTO DE LA VEREDA EL BALU DEL MUNICIPIO DE GUADUAS ,369.2906613685507,120.0,,30000000.0,,NO,SI,NO,NO,SI,SI,1.0,Quebrada,3.5,LITROS POR SEGUNDO,0.4,C,3,1.0,A,1.0,Sedimentación,0.55,C,3.0,180000000.0,LITROS,1.0,MESES,0.95,A,3.0,24.0,120.0,0.0,0.0,,0.4,C,0.3,LITROS POR SEGUNDO,No se realiza,No,,MILIGRAMOS POR LITRO,2019-08-04,No aplica,2019-08-04,No aplica,2019-08-04,1.0,0.6244,0.8,0.275,0.6749,2
2019-07-26,,ABASTO LA CABAÑA,179412,Colombia,"CUNDINAMARCA,GUADUAS,La Cabaña",CUNDINAMARCA,GUADUAS,La Cabaña,5.02991,-74.54516,1781.0,25320009,,1998.0,1.0,1.0,LA CABAÑA,ACUEDUCTO COMUNAL LA CABAÑA,91.0,26.0,,10000000.0,,NO,SI,NO,NO,NO,SI,1.0,Ojo de agua o manantial,2.5,LITROS POR SEGUNDO,0.7,C,2,0.4,C,1.0,Sedimentación,0.4,C,1.0,40000.0,LITROS,12.37,MESES,0.2,D,2.0,1.0,26.0,0.0,0.0,,0.7,C,0.05,LITROS POR SEGUNDO,No se realiza,No,,MILIGRAMOS POR LITRO,2019-08-05,No aplica,2019-08-05,No aplica,2019-08-05,1.0,0.445,0.8,0.2,0.6113,2
2019-07-29,,ABASTO JAVA,179451,Colombia,"CUNDINAMARCA,ALBÁN,Pantanillo",CUNDINAMARCA,ALBÁN,Pantanillo,4.883852,-74.423039,2207.2,25-019-002,,1993.0,11.0,1.0,"CHUGUACAL ALTO, CHUGUACAL BAJO, CHUGUACAL SECTOR ABADÍA, CIUDADELA , JALISCO, JAVA, LA FRONTERA, PANTANILLO, PANTANILLO SECTOR SANTA HELENA , ROBLEGAL, SINAI",ASOCIACION DE USUARIOS ACUEDUCTO JAVA ACUEJAVA,390.20768968456946,122.0,,11000000.0,17000000.0,SI,NO,NO,NO,SI,SI,1.0,Ojo de agua o manantial,0.65,LITROS POR SEGUNDO,1.0,A,9,1.0,A,1.0,Sedimentación,1.0,A,9.0,291270.0,LITROS,5.111111111111111,MESES,0.85,B,15.0,19.2,121.0,121.0,121.0,,1.0,A,0.65,LITROS POR SEGUNDO,No se realiza,No,,MILIGRAMOS POR LITRO,2019-08-05,No pasa,2019-08-05,No pasa,2019-08-05,1.0,0.9602,0.8,0.5,0.8151,2
2019-07-21,,ACUEDUCTO ASUSAGUA - GUACHAVITA,179494,Colombia,"CUNDINAMARCA,FÓMEQUE,GUACHAVITA",CUNDINAMARCA,FÓMEQUE,GUACHAVITA,4.47559,-73.82266,2899.1,25279000,,1988.0,15.0,1.0,"COASAVISTÁ 1,  GUACHAVITA 1, LAVADERO 1, MORTIÑAL 1, SECTOR ALTO DE CARACAS, SECTOR ALTO DE LA VIRGEN, SECTOR CARRIZAL 2, SECTOR GALLO VIEJO, SECTOR LADERAS , SECTOR LA ESCUELA , SECTOR LA SAMARIA, SECTOR MARGARITA, SECTOR MATADERO , SECTOR OYITAS , SECTOR PATIO BONITO ",ASOCIACIÓN DE USUARIOS ACUEDUCTO REGIONAL DE GUACHAVITA Y OTROS ASUSAGUA,1943.0,528.0,,,,SI,NO,NO,NO,SI,SI,1.0,Río,7.68,LITROS POR SEGUNDO,0.7,C,1,1.0,A,4.0,"Filtro a Presión, Sedimentación, Desinfección con cloro, Coagulación y Floculación",1.0,A,4.0,200000.0,LITROS,3.0,MESES,0.85,B,8.0,24.0,528.0,528.0,528.0,,0.875,B,7.68,LITROS POR SEGUNDO,"Sí, y funciona","Sí, pero no de maner mayoritaria",,MILIGRAMOS POR LITRO,2019-08-07,No aplica,2019-08-07,No aplica,2019-08-07,1.0,0.8494,0.6,1.0,0.8624,2
2019-07-12,,ACUEDUCTO DOIMA LA ESPERANZA,179498,Colombia,"CUNDINAMARCA,LA MESA,Doima",CUNDINAMARCA,LA MESA,Doima,4.6996,-74.434077,1200.0,25-386-001,,1979.0,2.0,1.0,"DOIMA, TOLU BAJO","ASOCIACIÓN DE USUARIOS DEL ACUEDUCTO RURAL COLECTIVO DE LAS VEREDAS DOIMA, LA ESPERANZA",800.0,200.0,Otros,1500000.0,40000000.0,SI,NO,NO,NO,SI,SI,1.0,Río,1.49,LITROS POR SEGUNDO,1.0,A,1,1.0,A,5.0,"Sedimentación, Coagulación y Floculación, Filtración rápida, Sedimentación, Desinfección con cloro",0.82,B,1.0,100000.0,LITROS,2.0,MESES,1.0,A,2.0,24.0,200.0,200.0,200.0,,0.7,C,1.3,LITROS POR SEGUNDO,"Sí, y funciona","Sí, pero no de maner mayoritaria",,MILIGRAMOS POR LITRO,2019-08-08,No aplica,2019-08-08,No aplica,2019-08-08,1.0,0.9147,1.0,0.91,0.9562,2
2019-07-19,,ABASTO DE LA VEREDA ALTO GRANDE INSPECCION DE LA ESPERANZA,179499,Colombia,"CUNDINAMARCA,LA MESA,ALTO GRANDE",CUNDINAMARCA,LA MESA,ALTO GRANDE,4.692641,-74.405843,1763.0,25 386 001,,1969.0,4.0,1.0,"ALTO GRANDE, ANATOLI, BUENA VISTA, DOIMA",ASOCIACIÓN DE USUARIOS DEL ACUEDUCTO DE LA VEREDA ALTO GRANDE INSPECCIÓN DE LA ESPERANZA,672.0,168.0,Otros,12000000.0,15000000.0,SI,NO,NO,NO,SI,SI,1.0,Quebrada,1.61,LITROS POR SEGUNDO,0.7,C,1,1.0,A,1.0,Sedimentación,0.55,C,3.0,139000.0,LITROS,8.0,MESES,0.7,C,4.0,24.0,168.0,168.0,168.0,,1.0,A,0.07,LITROS POR SEGUNDO,No se realiza,"Sí, pero no de maner mayoritaria",,MILIGRAMOS POR LITRO,2019-08-08,No aplica,2019-08-08,No aplica,2019-08-08,1.0,0.8367,0.6,0.275,0.6779,2
2019-07-11,,ACUEDUCTO RURAL DEL MUNICIPIO DE LA MESA ACUAESPERANZA ,179507,Colombia,"CUNDINAMARCA,LA MESA,ESPERANZA",CUNDINAMARCA,LA MESA,ESPERANZA,4.703522,-74.431843,1402.0,25 386 001,,1985.0,6.0,1.0,"ALTO GRANDE, DOIMA, INSPECCIÓN LA ESPERANZA SECTOR ALTO, INSPECCIÓN LA ESPERANZA SECTOR BAJO, LA PESQUERA, TOLU BAJO",ACUAESPERANZA,1140.0,285.0,Otros,1500000.0,40000000.0,SI,NO,NO,NO,SI,SI,1.0,Quebrada,2.5,LITROS POR SEGUNDO,1.0,A,1,1.0,A,5.0,"Sedimentación, Filtración rápida, Coagulación y Floculación, Desinfección con cloro, Sedimentación",1.0,A,1.0,100000.0,LITROS,2.0,MESES,0.85,B,1.0,24.0,285.0,285.0,285.0,,1.0,A,0.12,LITROS POR SEGUNDO,"Sí, y funciona","Sí, pero no de maner mayoritaria",0.04,MILIGRAMOS POR LITRO,2019-06-05,Sí pasa,2019-06-05,Sí pasa,2019-06-05,1.0,0.9602,0.8,1.0,0.9401,2
2019-07-12,,ACUEDUCTO LA ESPERANZA DOIMA OSPICIO SAN JAVIER,179508,Colombia,"CUNDINAMARCA,LA MESA,Doima",CUNDINAMARCA,LA MESA,Doima,4.696863,-74.4338606,1222.0,25 386 002,,1981.0,4.0,1.0,"DOIMA, INSPECCIÓN SAN JAVIER, LAS MARGARITAS, LA TRINITA","ASOCIACIÓN DE USUARIOS DEL ACUEDUCTO RURAL DE LAS VEREDAS DOIMA, EL HOSPICIO, SAN JAVIER ACUADOIMA",603.0,163.0,Otros,2.0,,SI,NO,NO,NO,NO,SI,1.0,Quebrada,1.2,LITROS POR SEGUNDO,1.0,A,1,1.0,A,5.0,"Filtración rápida, Sedimentación, Coagulación y Floculación, Sedimentación, Desinfección con cloro",0.91,A,1.0,48000.0,LITROS,2.0,MESES,1.0,A,1.0,24.0,163.0,163.0,163.0,,1.0,A,1.18,LITROS POR SEGUNDO,"Sí, y funciona",No,,MILIGRAMOS POR LITRO,2019-08-08,No aplica,2019-08-08,No aplica,2019-08-08,1.0,1.0,1.0,0.955,0.9888,2
2019-07-23,,ABASTO ANATOLI ACUANATOLI,179512,Colombia,"CUNDINAMARCA,LA MESA,Anatoli",CUNDINAMARCA,LA MESA,Anatoli,4.706396,-74.414335,2400.0,25 386 000,,1993.0,1.0,1.0,ANATOLI,ASOCIACIÓN DE USUARIOS DEL ACUEDUCTO ANATOLI ACUANATOLI,1164.0,291.0,Otros,1.0,116000000.0,SI,NO,NO,NO,SI,SI,2.0,Quebrada,3.53,LITROS POR SEGUNDO,1.0,A,2,0.7,C,2.0,"Sedimentación, Sedimentación",1.0,A,2.0,60000.0,LITROS,2.0,MESES,0.85,B,2.0,24.0,291.0,291.0,291.0,,0.7,C,2.02,LITROS POR SEGUNDO,No se realiza,"Sí, pero no de maner mayoritaria",,MILIGRAMOS POR LITRO,2019-08-08,No aplica,2019-08-08,No aplica,2019-08-08,1.0,0.8033,0.8,0.5,0.7758,2
2019-07-23,,ACUEDUCTO AVECHÍN - CHINIA,179513,Colombia,"CUNDINAMARCA,FÓMEQUE,CHINIA",CUNDINAMARCA,FÓMEQUE,CHINIA,4.54084,-73.85294,2562.4,25279000,,1999.0,2.0,1.0,"ALTO DE LA LAGUNA, ALTO DE LA VIRGEN",ASOCIACION ACUEDUCTO VEREDA CHINIA AVECHIN,523.0,145.0,Otros,49944841.0,40000000.0,SI,NO,NO,NO,SI,SI,1.0,Quebrada,1.42,LITROS POR SEGUNDO,1.0,A,1,1.0,A,1.0,Sedimentación,0.7,C,2.0,80000.0,LITROS,1.0,MESES,1.0,A,2.0,24.0,145.0,145.0,145.0,,1.0,A,1.42,LITROS POR SEGUNDO,No se realiza,"Sí, pero no de maner mayoritaria",,MILIGRAMOS POR LITRO,2019-08-08,No aplica,2019-08-08,No aplica,2019-08-08,1.0,1.0,0.8,0.35,0.7875,2
2019-07-23,,ABASTO DEL SERVICIO DE AGUA DE LA VEREDA BUENAVISTA ,179569,Colombia,"CUNDINAMARCA,LA MESA",CUNDINAMARCA,LA MESA,,4.68824,-74.388874,1930.0,25 386 000,,1984.0,2.0,1.0,"BUENA VISTA, DOIMA",ACUEDUCTO BUENAVISTA,820.0,205.0,Otros,5000000.0,,SI,NO,NO,NO,SI,SI,1.0,Quebrada,2.97,LITROS POR SEGUNDO,1.0,A,1,1.0,A,1.0,Sedimentación,0.55,C,4.0,64000.0,LITROS,2.0,MESES,0.85,B,4.0,24.0,205.0,205.0,205.0,,1.0,A,1.42,LITROS POR SEGUNDO,No se realiza,No,,MILIGRAMOS POR LITRO,2019-08-09,No aplica,2019-08-09,No aplica,2019-08-09,1.0,0.9602,1.0,0.275,0.8088,2
2019-07-27,,ACUEDUCTO ASOUNIÓN  - LA UNIÓN ,179581,Colombia,"CUNDINAMARCA,FÓMEQUE,GRAMAL",CUNDINAMARCA,FÓMEQUE,GRAMAL,4.54083,-73.85292,2560.7,25279000,,1972.0,8.0,1.0,"CARRIZAL 1, CENTRO POBLADO LA UNIÓN, GRAMAL, HATOVIEJO, RIO BLANCO , RIO NEGRO, SECTOR COACHA, UCUATOQUE",ASOCIACION DE USUARIOS PARA EL MANTENIMIENTO DE LAS INSTALACIONES DEL ACUEDUCTO LA UNION ASOUNION,1813.0,478.0,,,212000000.0,SI,NO,NO,NO,SI,SI,1.0,Quebrada,6.16,LITROS POR SEGUNDO,1.0,A,1,1.0,A,1.0,Sedimentación,0.7,C,4.0,170000.0,LITROS,3.0,MESES,0.85,B,7.0,24.0,478.0,478.0,478.0,,1.0,A,6.16,LITROS POR SEGUNDO,"Sí, pero no funciona","Sí, pero no de maner mayoritaria",,MILIGRAMOS POR LITRO,2019-08-09,No aplica,2019-08-09,No aplica,2019-08-09,1.0,0.9602,0.8,0.55,0.8276,2
2019-07-10,,ACUEDUCTO ACUAPESQUERA,179588,Colombia,"CUNDINAMARCA,LA MESA,ALTO GRANDE",CUNDINAMARCA,LA MESA,ALTO GRANDE,4.705138,-74.421525,1433.0,25 386 000,,2001.0,5.0,1.0,"ALTO GRANDE, DOIMA, INSPECCIÓN LA ESPERANZA SECTOR ALTO, LA PESQUERA, TOLU BAJO",ACUAPESQUERA,280.0,70.0,Otros,15000000.0,,SI,NO,NO,NO,NO,SI,1.0,Río,0.79,LITROS POR SEGUNDO,0.7,C,1,0.7,C,5.0,"Filtración rápida, Sedimentación, Filtración rápida, Sedimentación, Coagulación y Floculación",0.91,A,1.0,48000.0,LITROS,2.0,MESES,1.0,A,1.0,24.0,70.0,70.0,70.0,,1.0,A,0.48,LITROS POR SEGUNDO,"Sí, y funciona","Sí, pero no de maner mayoritaria",,MILIGRAMOS POR LITRO,2019-08-10,No aplica,2019-08-10,No aplica,2019-08-10,1.0,0.8367,0.8,0.955,0.8979,2
2019-07-29,,ABASTO CATALAMONTE,179593,Colombia,"CUNDINAMARCA,TENA",CUNDINAMARCA,TENA,,4.683668,-74.375826,2010.0,25 797 000,,2006.0,2.0,1.0,"CATALAMONTE, LAGUNETA ALTA",ACUEDUCTO CATALAMONTE,500.0,125.0,Otros,45000000.0,,SI,NO,NO,NO,NO,SI,1.0,Quebrada,1.52,LITROS POR SEGUNDO,0.7,C,1,1.0,A,1.0,Sedimentación,0.85,B,1.0,151.42,LITROS,2.0,MESES,1.0,A,1.0,24.0,125.0,0.0,0.0,,1.0,A,0.87,LITROS POR SEGUNDO,No se realiza,"Sí, pero no de maner mayoritaria",,MILIGRAMOS POR LITRO,2019-08-10,No aplica,2019-08-10,No aplica,2019-08-10,0.0076,0.9147,1.0,0.425,0.5868,2
2019-07-29,,ABASTO LAGUNETA BAJA,179617,Colombia,"CUNDINAMARCA,TENA,Laguneta",CUNDINAMARCA,TENA,Laguneta,4.682316,-74.369793,2061.0,25 797 000,,1984.0,2.0,1.0,"CATALAMONTE, LAGUNETA BAJA",ASOCIACIÓN DEL ACUEDUCTO LAGUNETA PARTE BAJA ACUALAGUNETA,320.0,80.0,Otros,7000000.0,40000000.0,SI,NO,NO,NO,NO,NO,1.0,Quebrada,0.59,LITROS POR SEGUNDO,0.7,C,1,1.0,A,1.0,Sedimentación,0.55,C,1.0,72000.0,LITROS,2.0,MESES,1.0,A,1.0,24.0,80.0,80.0,80.0,,1.0,A,0.55,LITROS POR SEGUNDO,No se realiza,"Sí, pero no de maner mayoritaria",,MILIGRAMOS POR LITRO,2019-08-10,No aplica,2019-08-10,No aplica,2019-08-10,1.0,0.9147,0.8,0.275,0.7474,2
2019-07-29,,ABASTO ACUEDUCTO EL MANATIAL,179633,Colombia,"CUNDINAMARCA,TENA,Santa Barbara",CUNDINAMARCA,TENA,Santa Barbara,4.66512,-74.340565,2165.0,25 797 000,,1999.0,2.0,1.0,"LAGUNETA ALTA, SANTA BARBARA",ASOCIACIÓN DE USUARIOS ACUEDUCTO EL MANANTIAL,144.0,36.0,Otros,2000000.0,,SI,NO,NO,NO,NO,NO,1.0,Quebrada,1.18,LITROS POR SEGUNDO,0.7,C,1,0.7,C,,,,,1.0,16000.0,LITROS,2.0,MESES,1.0,A,1.0,24.0,36.0,0.0,0.0,,1.0,A,0.23,LITROS POR SEGUNDO,No se realiza,"Sí, pero no de maner mayoritaria",,MILIGRAMOS POR LITRO,2019-08-11,No aplica,2019-08-11,No aplica,2019-08-11,1.0,0.8367,1.0,0.2,0.7592,2
2019-07-29,,ACUEDUCTO  DE LAS VEREDAS CATIVA-LAGUNETA- Y SANTA BARBARA CALABAR,179634,Colombia,"CUNDINAMARCA,TENA,Cativa",CUNDINAMARCA,TENA,Cativa,4.683668,-74.375826,2100.0,25 797 000,,1972.0,3.0,1.0,"CATIVA, LAGUNETA ALTA, SANTA BARBARA","ACUEDUCTO CALABAR CATIVA, LAGUNETA Y SANTA BARBARA.",728.0,182.0,Otros,5000000.0,,SI,NO,NO,NO,NO,SI,1.0,Quebrada,5.3,LITROS POR SEGUNDO,1.0,A,1,1.0,A,4.0,"Sedimentación, Desinfección con cloro, Coagulación y Floculación, Filtración lenta",1.0,A,1.0,62000.0,LITROS,2.0,MESES,1.0,A,1.0,24.0,182.0,182.0,182.0,,1.0,A,1.52,LITROS POR SEGUNDO,No se realiza,"Sí, pero no de maner mayoritaria",,MILIGRAMOS POR LITRO,2019-08-11,No aplica,2019-08-11,No aplica,2019-08-11,1.0,1.0,0.6,0.5,0.775,2
2019-07-29,,ABASTO VEREDA SANTA BARBARA ,179672,Colombia,"CUNDINAMARCA,TENA,Santa Barbara",CUNDINAMARCA,TENA,Santa Barbara,4.663785,-74.357137,1660.0,25 797 000,,1992.0,1.0,1.0,SANTA BARBARA,ACUEDUCTO SANTA BARBARA,528.0,132.0,Otros,3000000.0,,SI,NO,NO,NO,NO,SI,1.0,Quebrada,1.0,LITROS POR SEGUNDO,1.0,A,1,0.7,C,2.0,"Sedimentación, Sedimentación",0.55,C,2.0,85000.0,LITROS,2.0,MESES,0.85,B,1.0,24.0,132.0,0.0,0.0,,0.7,C,0.91,LITROS POR SEGUNDO,No se realiza,"Sí, pero no de maner mayoritaria",,MILIGRAMOS POR LITRO,2019-08-11,No aplica,2019-08-11,No aplica,2019-08-11,1.0,0.8033,1.0,0.275,0.7696,2
2019-07-24,,ABASTO LA HONDA,179698,Colombia,"CUNDINAMARCA,TENA,La Honda",CUNDINAMARCA,TENA,La Honda,4.668371,-74.399557,1800.0,25 797 000,,1984.0,2.0,1.0,"CATIVA, LA HONDA",ACUEDUCTO Y ALCANTARILLADO LA HONDA,1008.0,252.0,Otros,3000000.0,,SI,NO,NO,NO,NO,SI,1.0,Quebrada,1.08,LITROS POR SEGUNDO,0.7,C,1,0.7,C,1.0,Sedimentación,0.55,C,1.0,50000.0,LITROS,2.0,MESES,0.85,B,2.0,24.0,252.0,0.0,0.0,,0.7,C,0.07,LITROS POR SEGUNDO,"Sí, y funciona","Sí, pero no de maner mayoritaria",,MILIGRAMOS POR LITRO,2019-08-11,No aplica,2019-08-11,No aplica,2019-08-11,1.0,0.7348,1.0,0.775,0.8774,2
2019-07-29,,ACUEDUCTO SAN ISIDRO,179708,Colombia,"CUNDINAMARCA,TENA",CUNDINAMARCA,TENA,,4.676536,-74.34896,2050.0,25 797 000,,1997.0,3.0,1.0,"LAGUNETA ALTA, LAGUNETA BAJA, SANTA BARBARA",ACUEDUCTO SAN ISIDRO,524.0,131.0,,7000000.0,,SI,NO,NO,NO,NO,SI,1.0,Quebrada,1.53,LITROS POR SEGUNDO,1.0,A,1,1.0,A,5.0,"Sedimentación, Filtración lenta, Sedimentación, Coagulación y Floculación, Desinfección con cloro",0.94,A,1.0,50000.0,LITROS,2.0,MESES,1.0,A,1.0,24.0,131.0,131.0,131.0,,1.0,A,0.9,LITROS POR SEGUNDO,"Sí, y funciona",No,,MILIGRAMOS POR LITRO,2019-08-11,No aplica,2019-08-11,No aplica,2019-08-11,1.0,1.0,1.0,0.97,0.9925,2
2019-07-29,,ABASTO EL TAMBO ALTO DE LA CAPILLA ASATAC TENA CUNDINAMARCA,179719,Colombia,"CUNDINAMARCA,TENA",CUNDINAMARCA,TENA,,4.650061,-74.37285,1561.0,25 797 000,,1999.0,2.0,1.0,"CATIVA, LA HONDA",ASOCIACION DE SUSCRIPTORES-ASATAC ACUEDUCTO EL TAMBO ALTO DE LA CAPILLA EL TAMBO,668.0,167.0,Otros,10000000.0,40000000.0,SI,NO,NO,NO,NO,SI,1.0,Quebrada,1.25,LITROS POR SEGUNDO,1.0,A,1,1.0,A,,,,,1.0,32000.0,LITROS,2.0,MESES,0.85,B,3.0,12.0,167.0,0.0,0.0,,0.7,C,1.15,LITROS POR SEGUNDO,No se realiza,"Sí, pero no de maner mayoritaria",,MILIGRAMOS POR LITRO,2019-08-12,No aplica,2019-08-12,No aplica,2019-08-12,1.0,0.8783,0.8,0.2,0.7196,2
2019-08-12,,ABASTO MAVE LA JUDEA,179789,Colombia,"CUNDINAMARCA,VILLETA,MAVE",CUNDINAMARCA,VILLETA,MAVE,4.959899,-74.478639,2368.0,25-019-000,,1967.0,6.0,1.0,"GUAYACUNDO ALTO SECTOR LA RECEBERA, GUAYACUNDO BAJO, MAVE SECTOR ALTO DE TORRES , MAVE SECTOR LA JUDEA PARTE ALTA , MAVE SECTOR LA JUDEA PARTE BAJA, SANTA ROSA ",JUNTA DE ACUEDUCTO MAVE LA JUDEA,162.87575757575758,55.0,,300000.0,86000000.0,SI,NO,NO,NO,NO,SI,2.0,Ojo de agua o manantial,0.7,LITROS POR SEGUNDO,0.5,C,2,1.0,A,1.0,Sedimentación,0.55,C,2.0,214000.0,LITROS,3.5,MESES,0.85,B,3.0,24.0,55.0,0.0,0.0,,0.9,B,0.5,LITROS POR SEGUNDO,No se realiza,No,,MILIGRAMOS POR LITRO,2019-08-13,No pasa,2019-08-13,No pasa,2019-08-13,1.0,0.7864,0.5,0.275,0.6403,2
2019-08-03,,ABASTO DE AGUA MINAS DE YESO,179865,Colombia,"CUNDINAMARCA,GACHALÁ,Minas De Yeso",CUNDINAMARCA,GACHALÁ,Minas De Yeso,4.67511,-73.48574,1890.0,25-293-007,,1990.0,3.0,1.0,"JUNCAL, MINAS, TEQUENDAMA",JUNTA DE ACCION COMUNAL MINAS DE YESO,38.6,13.0,,2700000.0,5000000.0,SI,NO,NO,NO,SI,SI,1.0,Ojo de agua o manantial,0.15,METROS CÚBICOS POR SEGUNDO,1.0,A,1,1.0,A,,,,,1.0,8000.0,LITROS,12.37,MESES,0.35,D,3.0,24.0,13.0,0.0,0.0,Menor de 100 m,0.7,C,0.13,LITROS POR SEGUNDO,No se realiza,No,,MILIGRAMOS POR LITRO,2019-08-15,No aplica,2019-08-15,No aplica,2019-08-15,1.0,0.7035,1.0,0.1,0.7009,2
2019-08-03,,ABASTO DE AGUA LOS ALPES,179870,Colombia,"CUNDINAMARCA,GACHALÁ,Tunja",CUNDINAMARCA,GACHALÁ,Tunja,4.693314,-73.49108,1799.0,25-293-000,,1990.0,1.0,1.0,LOS ALPES,JUNTA DE ACCIÓN COMUNAL TUNJA,28.6,11.0,,,,SI,NO,NO,NO,SI,SI,1.0,Ojo de agua o manantial,0.03,METROS CÚBICOS POR SEGUNDO,0.7,C,1,0.7,C,,,,,1.0,14000.0,LITROS,,MESES,0.2,D,3.0,24.0,11.0,0.0,0.0,Mayor de 100 m,0.7,C,0.13,LITROS POR SEGUNDO,No se realiza,No,,MILIGRAMOS POR LITRO,2019-08-15,No aplica,2019-08-15,No aplica,2019-08-15,1.0,0.5118,1.0,0.1,0.653,2
2019-08-03,,ABASTO DE AGUA MATA DE FIQUE,179899,Colombia,"CUNDINAMARCA,GACHALÁ,Tunja",CUNDINAMARCA,GACHALÁ,Tunja,4.698653,-73.49219,1795.0,25-293-000,,1990.0,1.0,1.0,MATA DE FIQUE,JUNTA DE ACCIÓN COMUNAL TUNJA,31.0,9.0,,,,SI,NO,NO,NO,SI,SI,1.0,Ojo de agua o manantial,0.03,METROS CÚBICOS POR SEGUNDO,0.7,C,1,0.0,D,,,,,1.0,8000.0,LITROS,24.74,MESES,0.35,D,1.0,24.0,9.0,0.0,0.0,Menor de 100 m,0.7,C,0.09,LITROS POR SEGUNDO,No se realiza,No,,MILIGRAMOS POR LITRO,2019-08-16,No aplica,2019-08-16,No aplica,2019-08-16,1.0,0.0,1.0,0.1,0.525,2
2019-08-03,,ABASTO DE AGUA PANTANOS,179900,Colombia,"CUNDINAMARCA,GACHALÁ,Tunja",CUNDINAMARCA,GACHALÁ,Tunja,4.704178,-73.501455,1710.0,,,1980.0,1.0,1.0,EL PANTANO,JUNTA DE ACCIÓN COMUNAL TUNJA,75.0,24.0,,,,SI,NO,NO,NO,SI,SI,1.0,Ojo de agua o manantial,1.0,LITROS POR SEGUNDO,0.7,C,1,0.7,C,,,,,1.0,10000.0,LITROS,6.0,MESES,0.7,C,1.0,24.0,16.0,0.0,0.0,Menor de 100 m,0.7,C,0.17,LITROS POR SEGUNDO,No se realiza,No,,MILIGRAMOS POR LITRO,2019-08-16,No aplica,2019-08-16,No aplica,2019-08-16,1.0,0.7,1.0,0.1,0.7,2
2019-08-03,,ABASTO DE AGUA PEÑA NEGRA,179906,Colombia,"CUNDINAMARCA,GACHALÁ,Tunja",CUNDINAMARCA,GACHALÁ,Tunja,4.701597,-73.49592,1699.0,,,1990.0,1.0,1.0,PEÑA NEGRA,JUNTA DE ACCIÓN COMUNAL TUNJA,36.0,9.0,,,,SI,NO,NO,NO,SI,SI,1.0,Ojo de agua o manantial,0.03,METROS CÚBICOS POR SEGUNDO,0.7,C,1,0.7,C,,,,,1.0,10000.0,LITROS,12.37,MESES,0.35,D,1.0,24.0,9.0,0.0,0.0,Mayor de 100 m,0.7,C,0.04,LITROS POR SEGUNDO,No se realiza,No,,MILIGRAMOS POR LITRO,2019-08-16,No aplica,2019-08-16,No aplica,2019-08-16,1.0,0.5886,1.0,0.1,0.6722,2
2019-08-03,,ABASTO DE AGUA EL BENJAMIN,179919,Colombia,"CUNDINAMARCA,GACHALÁ,Tunja",CUNDINAMARCA,GACHALÁ,Tunja,4.701,-73.49181,1826.0,25-293-000,,1990.0,1.0,1.0,BENJAMÍN,JUNTA DE ACCIÓN COMUNAL TUNJA,14.8,4.0,,,,SI,NO,NO,NO,SI,SI,1.0,Ojo de agua o manantial,1.0,LITROS POR SEGUNDO,0.0,D,1,0.0,D,,,,,1.0,3400.0,LITROS,12.37,MESES,0.35,D,1.0,24.0,4.0,0.0,0.0,Menor de 100 m,0.7,C,0.03,LITROS POR SEGUNDO,No se realiza,No,,MILIGRAMOS POR LITRO,2019-08-16,No aplica,2019-08-16,No aplica,2019-08-16,1.0,0.0,1.0,0.1,0.525,2
2019-08-04,,ABASTO DE AGUA PIEDRA GORDA ALTA ,179952,Colombia,"CUNDINAMARCA,GACHALÁ,Piedras Gordas",CUNDINAMARCA,GACHALÁ,Piedras Gordas,4.62454,-73.61942,2280.0,25-293-000,,1990.0,1.0,1.0,PIEDRA GORDA ALTA,JUNTA DE ACCIÓN COMUNAL PIEDRA GORDA,20.0,6.0,,700000.0,,SI,NO,NO,NO,SI,SI,1.0,Ojo de agua o manantial,1.0,LITROS POR SEGUNDO,0.0,D,1,0.0,D,,,,,1.0,0.0,LITROS,,MESES,0.0,D,1.0,24.0,6.0,0.0,0.0,Menor de 100 m,0.7,C,0.09,LITROS POR SEGUNDO,No se realiza,No,,MILIGRAMOS POR LITRO,2019-08-17,No aplica,2019-08-17,No aplica,2019-08-17,0.0,0.0,1.0,0.1,0.275,2
2019-08-08,,ABASTO DE AGUA EL JUCUAL,179956,Colombia,"CUNDINAMARCA,GUASCA",CUNDINAMARCA,GUASCA,,4.79828,-73.90015,2946.0,25-322-00,,1994.0,4.0,1.0,"BETANIA, PERICOS, PUEBLO VIEJO, SAN FRANCISCO",ASOCIACION DE USUARIOS DEL PEQUEÑO DISTRITO DE RIEGO Y ABREVADERO JUCUAL,306.88,78.0,,,,SI,NO,NO,NO,SI,SI,1.0,Quebrada,5.0,LITROS POR SEGUNDO,0.0,D,1,1.0,A,1.0,Sedimentación,1.0,A,2.0,80000.0,LITROS,6.0,MESES,0.7,C,4.0,24.0,78.0,0.0,0.0,Menor de 100 m,0.7,C,0.87,LITROS POR SEGUNDO,No se realiza,No,,MILIGRAMOS POR LITRO,2019-08-17,No aplica,2019-08-17,No aplica,2019-08-17,1.0,0.0,0.6,0.5,0.525,2
2019-08-05,,ABASTO DE AGUA PIEDRA GORDA BAJA,180206,Colombia,"CUNDINAMARCA,GACHALÁ,Piedras Gordas",CUNDINAMARCA,GACHALÁ,Piedras Gordas,4.636871,-73.62361,2106.0,25-293-000,,1980.0,1.0,1.0,PIEDRA GORDA BAJA,JUNTA DE ACCIÓN COMUNAL PIEDRA GORDA,80.0,20.0,,,,SI,NO,NO,NO,NO,SI,2.0,Ojo de agua o manantial,1.5,LITROS POR SEGUNDO,0.35,D,2,0.4,C,,,,,1.0,0.0,LITROS,,MESES,0.0,D,2.0,24.0,20.0,0.0,0.0,Menor de 100 m,0.4,C,0.26,LITROS POR SEGUNDO,No se realiza,No,,MILIGRAMOS POR LITRO,2019-08-22,No aplica,2019-08-22,No aplica,2019-08-22,0.0,0.0,1.0,0.1,0.275,2
2019-08-26,,ABASTO MEUSA,180377,Colombia,"CUNDINAMARCA,SOPÓ,Meusa",CUNDINAMARCA,SOPÓ,Meusa,4.85663,-73.93926,2585.0,25-758-004,,2014.0,3.0,1.0,"GALVIS, LA ESCUELA, LOS SANDOVAL ",NACEDERO VEREDA MEUSA,274.0,72.0,Otros,7000000.0,800000.0,SI,SI,NO,NO,SI,SI,1.0,Ojo de agua o manantial,0.66,LITROS POR SEGUNDO,1.0,A,1,1.0,A,,,,,1.0,20000.0,LITROS,6.0,MESES,0.85,B,3.0,2.0,72.0,72.0,72.0,,1.0,A,0.4,LITROS POR SEGUNDO,No se realiza,No,0.03,MILIGRAMOS POR LITRO,2014-02-24,No pasa,2019-08-26,No pasa,2019-08-26,1.0,0.9602,0.8,0.1,0.7151,2
2019-08-15,,ACUEDUCTO REGIONAL # 4,180389,Colombia,"CUNDINAMARCA,GUACHETÁ,Miña",CUNDINAMARCA,GUACHETÁ,Miña,5.456233,-73.665553,2814.0,25317,,1989.0,6.0,1.0,"GACHA, GACHETA EL CARMEN, MIÑA BAJO, NENGUA, TAGUA, TICHA",ASOCIACIÓN DE USUARIOS DEL ACUEDUCTO REGIONAL # 4,2670.0,670.0,Plan Departamental de Agua,300000000.0,40000000.0,SI,NO,NO,NO,SI,SI,1.0,Quebrada,20.0,LITROS POR SEGUNDO,1.0,A,2,1.0,A,1.0,Coagulación y Floculación,1.0,A,4.0,240000.0,LITROS,6.0,MESES,0.85,B,6.0,24.0,670.0,670.0,670.0,Menor de 100 m,1.0,A,11.0,LITROS POR SEGUNDO,"Sí, y funciona",No,0.02,MILIGRAMOS POR LITRO,2019-08-15,Sí pasa,2019-08-16,Sí pasa,2019-08-15,1.0,0.9602,0.8,1.0,0.9401,2
2021-12-03,,SISTEMA DE ACUEDUCTO VEREDA SANTABARBARA GACHANCIPA,180415,Colombia,"CUNDINAMARCA,GACHANCIPÁ,SANTA BARBARA",CUNDINAMARCA,GACHANCIPÁ,SANTA BARBARA,4.98295,-73.87356,2672.0,,,1994.0,5.0,1.0,"LOS FONSECA, LOS SARMIENTO, LOS SOLER, LOS VALDERRAMA, LOS VILLAMIL",ASOCIACIÓN DE SUSCRIPTORES DEL ACUEDUCTO VEREDA SANTA BARBARA GACHANCIPA,896.0,235.0,Otros,1000000.0,42500000.0,SI,SI,NO,NO,NO,SI,2.0,Ojo de agua o manantial,3.8,LITROS POR SEGUNDO,1.0,A,4,1.0,A,5.0,"Aireación (oxidación), Desinfección con cloro, Filtración lenta, Coagulación y Floculación, Desinfección con cloro",1.0,A,6.0,150151.42,LITROS,3.0,MESES,0.85,B,5.0,24.0,235.0,235.0,235.0,Mayor de 100 m,1.0,A,3.0,LITROS POR SEGUNDO,"Sí, y funciona",No,0.49,MILIGRAMOS POR LITRO,2021-12-06,No aplica,2018-10-06,No aplica,2018-10-06,1.0,0.9602,0.9,1.0,0.965,2
2019-08-09,,ACUEDUCTO CAROLINA ALTA ,180419,Colombia,"CUNDINAMARCA,SOPÓ,La Carolina",CUNDINAMARCA,SOPÓ,La Carolina,4.916377,-73.931176,2754.0,25-758-000,,1989.0,5.0,1.0,"BELLA VISTA, DURÁN , LOS RIVAS, SECTOR GOMEZ, ZAPATA",JUNTA DE ACCION COMUNAL VEREDA LA CAROLINA DEL MUNICIPIO DE SOPO,586.0,154.0,Otros,25000000.0,8000000.0,SI,NO,NO,NO,NO,SI,5.0,Ojo de agua o manantial,0.95,LITROS POR SEGUNDO,1.0,A,5,1.0,A,,,,,5.0,120000.0,LITROS,3.0,MESES,0.85,B,5.0,2.0,154.0,154.0,154.0,,1.0,A,0.16,LITROS POR SEGUNDO,No se realiza,No,0.0,MILIGRAMOS POR LITRO,2018-11-13,No pasa,2019-08-26,No pasa,2019-08-26,1.0,0.9602,0.68,0.1,0.6851,2
2019-08-02,,ABASTO CAMPOALEGRE,180420,Colombia,"CUNDINAMARCA,CHAGUANÍ,CAMPO ALEGRE",CUNDINAMARCA,CHAGUANÍ,CAMPO ALEGRE,4.91145,-74.60224,1299.0,25168000,,2003.0,1.0,1.0,CAMPOALEGRE,ASOCIACIÓN DE SUSCRIPTORES DEL ACUEDUCTO VEREDAL CAMPOALEGRE,224.0,56.0,,35000000.0,,SI,NO,NO,NO,NO,SI,1.0,Ojo de agua o manantial,1.5,LITROS POR SEGUNDO,0.7,C,2,0.7,C,1.0,Sedimentación,1.0,A,1.0,83000.0,LITROS,6.0,MESES,0.7,C,1.0,24.0,56.0,0.0,0.0,,0.7,C,0.4,LITROS POR SEGUNDO,No se realiza,No,,MILIGRAMOS POR LITRO,2019-08-26,No aplica,2019-08-26,No aplica,2019-08-26,1.0,0.7,0.6,0.5,0.7,2
2019-08-02,,ABASTO HELECHAL,180421,Colombia,"CUNDINAMARCA,CHAGUANÍ,Helechal",CUNDINAMARCA,CHAGUANÍ,Helechal,4.89685,-74.59354,1645.0,25168000,,2015.0,1.0,1.0,HELECHAL PARTE BAJA,ASOCIACIÓN DE SUSCRIPTORES ACUEDUCTO VEREDAL HELECHAL,0.0,0.0,,5000000.0,,SI,NO,NO,NO,NO,SI,1.0,Ojo de agua o manantial,0.7,LITROS POR SEGUNDO,0.0,D,1,0.4,C,,,,,1.0,2000.0,LITROS,6.0,MESES,0.85,B,,,,,,,0.0,D,0.15,LITROS POR SEGUNDO,No se realiza,No,,MILIGRAMOS POR LITRO,2019-08-26,No aplica,2019-08-26,No aplica,2019-08-26,0.0,0.0,0.6,0.0,0.15,2
2019-08-02,,ABASTO POLONIA ,180422,Colombia,"CUNDINAMARCA,CHAGUANÍ,Llanadas",CUNDINAMARCA,CHAGUANÍ,Llanadas,4.98713,-74.5905,1289.0,25168003,,2003.0,4.0,1.0,"LA TABLA, LLANADAS SECTOR  LA POLONIA, MONTEFRIO BAJO, MONTEFRIO PARTE MEDIA","ASOCIACIÓN DE SUSCRIPTORES DEL ACUEDUCTO DE LA VEREDA LA POLONIA, LA TABLA, LLANADAS Y MONTEFRIO- ASOMOPOLLATA",639.1111111111111,162.0,,150000000.0,40000000.0,SI,NO,NO,NO,SI,SI,2.0,Ojo de agua o manantial,2.1,LITROS POR SEGUNDO,1.0,A,2,1.0,A,2.0,"Sedimentación, Sedimentación",1.0,A,11.0,147000.0,LITROS,3.0,MESES,0.85,B,17.0,24.0,162.0,0.0,0.0,,1.0,A,1.2,LITROS POR SEGUNDO,No se realiza,No,,MILIGRAMOS POR LITRO,2019-08-26,No aplica,2019-08-26,No aplica,2019-08-26,1.0,0.9602,1.0,0.5,0.865,2
2019-08-15,,ABASTO MELGAS ALTO,180424,Colombia,"CUNDINAMARCA,CHAGUANÍ,Melgas",CUNDINAMARCA,CHAGUANÍ,Melgas,4.94006,-74.58219,1375.0,25168004,,1991.0,1.0,1.0,MELGAS ALTO,ASOCIACIÓN DE USUARIOS ACUEDUCTO DE MELGAS ALTO,240.0,62.0,,30000000.0,,SI,NO,NO,NO,NO,SI,1.0,Quebrada,0.85,LITROS POR SEGUNDO,1.0,A,3,0.4,C,2.0,"Sedimentación, Filtración rápida",0.85,B,7.0,85000.0,LITROS,6.857142857142857,MESES,0.71428573,B,8.0,24.0,62.0,0.0,0.0,,0.7,C,0.45,LITROS POR SEGUNDO,No se realiza,No,,MILIGRAMOS POR LITRO,2019-08-26,No aplica,2019-08-26,No aplica,2019-08-26,1.0,0.6687,0.8,0.425,0.7234,2
2019-08-14,,ABASTO MELGAS BAJO,180427,Colombia,"CUNDINAMARCA,CHAGUANÍ,Melgas",CUNDINAMARCA,CHAGUANÍ,Melgas,4.930961,-74.593529,1046.0,25168004,,1995.0,1.0,1.0,MELGAS BAJO,ASOCIACIÓN DE USUARIOS DEL SERVICIO DE ACUEDUCTO MELGAS BAJO- ASOAMELBA,65.0,31.0,,30000000.0,,SI,NO,NO,NO,NO,SI,1.0,Quebrada,0.65,LITROS POR SEGUNDO,0.0,D,2,1.0,A,1.0,Filtración rápida,1.0,A,1.0,20000.0,LITROS,6.0,MESES,0.55,C,1.0,24.0,34.0,0.0,0.0,,1.0,A,0.1,LITROS POR SEGUNDO,No se realiza,No,,MILIGRAMOS POR LITRO,2019-08-26,No aplica,2019-08-26,No aplica,2019-08-26,1.0,0.0,0.8,0.5,0.575,2
2019-07-24,,ABASTO OLIVOS BAJO,180429,Colombia,"CUNDINAMARCA,SAN JUAN DE RIOSECO,OLIVOS",CUNDINAMARCA,SAN JUAN DE RIOSECO,OLIVOS,4.786746,-74.60401,1428.0,25662000,,2001.0,1.0,1.0,OLIVOS BAJOS,ASOCIACIÓN DE USUARIOS DEL ACUEDUCTO LA COTRUYO,0.0,0.0,,10000000.0,,SI,NO,NO,NO,NO,SI,1.0,Ojo de agua o manantial,0.25,LITROS POR SEGUNDO,0.7,C,2,1.0,A,1.0,Sedimentación,0.85,B,1.0,5000.0,LITROS,12.0,MESES,0.7,C,,,,,,,0.0,D,0.1,LITROS POR SEGUNDO,No se realiza,No,,MILIGRAMOS POR LITRO,2019-08-26,No aplica,2019-08-26,No aplica,2019-08-26,0.0,0.0,0.8,0.425,0.3063,2
2019-08-08,,ABASTO PEDREGAL,180431,Colombia,"CUNDINAMARCA,CHAGUANÍ,Pedregal",CUNDINAMARCA,CHAGUANÍ,Pedregal,4.96037,-74.61585,1053.0,25168000,,2006.0,2.0,1.0,"PEDREGAL ALTO, PEDREGAL BAJO",ASOCIACIÓN DE SUSCRIPTORES DEL ACUEDUCTO DE LA VEREDA PEDREGAL ALTO Y BAJO,72.0,30.0,,70000000.0,,SI,NO,NO,NO,NO,SI,2.0,Ojo de agua o manantial,0.3,LITROS POR SEGUNDO,0.7,C,9,1.0,A,2.0,"Sedimentación, Sedimentación",0.7,C,6.0,7000.0,LITROS,6.0,MESES,0.6,C,4.0,24.0,33.0,0.0,0.0,,1.0,A,0.25,LITROS POR SEGUNDO,No se realiza,No,,MILIGRAMOS POR LITRO,2019-08-26,No aplica,2019-08-26,No aplica,2019-08-26,1.0,0.805,0.8,0.35,0.7388,2
2019-08-08,,ABASTO MONTEFRIO,180432,Colombia,"CUNDINAMARCA,CHAGUANÍ,MONTE FRIO",CUNDINAMARCA,CHAGUANÍ,MONTE FRIO,4.9671,-74.59399,1121.0,25168000,,1998.0,1.0,1.0,MONTEFRIO,ASOCIACIÓN DE SUSCRIPTORES DEL ACUEDUCTO DE LA VEREDA DE MONTEFRIO BAJO- ASOAMON,60.56666666666666,23.0,,20000000.0,30000000.0,SI,NO,NO,NO,NO,SI,1.0,Quebrada,0.25,LITROS POR SEGUNDO,0.0,D,2,1.0,A,1.0,Sedimentación,0.7,C,8.0,34000.0,LITROS,6.0,MESES,0.85,B,6.0,24.0,23.0,0.0,0.0,,1.0,A,0.16,LITROS POR SEGUNDO,No se realiza,No,,MILIGRAMOS POR LITRO,2019-08-27,No aplica,2019-08-27,No aplica,2019-08-27,1.0,0.0,0.8,0.35,0.5375,2
2019-08-08,,ABASTO EL RINCON,180433,Colombia,"CUNDINAMARCA,CHAGUANÍ,Rincon",CUNDINAMARCA,CHAGUANÍ,Rincon,4.95607,-74.57696,1351.0,25168006,,2005.0,1.0,1.0,EL RINCÓN,ASOCIACIÓN DE SUSCRIPTORES DEL ACUEDUCTO EL RINCÓN,216.0,54.0,,25000000.0,40000000.0,SI,NO,NO,NO,SI,SI,3.0,Ojo de agua o manantial,0.85,LITROS POR SEGUNDO,0.6666667,C,5,1.0,A,3.0,"Sedimentación, Sedimentación, Sedimentación",1.0,A,1.0,23000.0,LITROS,6.0,MESES,0.85,B,1.0,24.0,54.0,0.0,0.0,,1.0,A,0.4,LITROS POR SEGUNDO,No se realiza,No,,MILIGRAMOS POR LITRO,2019-08-27,No aplica,2019-08-27,No aplica,2019-08-27,1.0,0.8676,0.93333334,0.5,0.8252,2
2019-08-08,,ABASTO EL RETIRO,180435,Colombia,"CUNDINAMARCA,CHAGUANÍ,Retiro",CUNDINAMARCA,CHAGUANÍ,Retiro,4.91082,-74.57942,1511.0,25168000,,1994.0,1.0,1.0,EL RETIRO,ASOCIACIÓN DE SUSCRIPTORES DEL ACUEDUCTO LA VEREDA EL RETIRO,132.0,33.0,,30000000.0,60000000.0,SI,NO,NO,NO,NO,SI,1.0,Quebrada,0.52,LITROS POR SEGUNDO,0.0,D,3,1.0,A,3.0,"Sedimentación, Sedimentación, Filtración rápida",0.56666666,C,5.0,55000.0,LITROS,6.0,MESES,0.55,C,3.0,12.0,33.0,0.0,0.0,,1.0,A,0.25,LITROS POR SEGUNDO,No se realiza,No,,MILIGRAMOS POR LITRO,2019-08-27,No aplica,2019-08-27,No aplica,2019-08-27,1.0,0.0,0.8,0.2833,0.5208,2
2019-08-14,,ABASTO NUQUIA ,180439,Colombia,"CUNDINAMARCA,CHAGUANÍ,Nuquia",CUNDINAMARCA,CHAGUANÍ,Nuquia,4.90793,-74.609309,1318.0,25168005,,1986.0,2.0,1.0,"NUQUIA SECTOR LA CAROLINA, NUQUIA SECTOR NUQUIA",ASOCIACIÓN DE USUARIOS DEL ACUEDUCTO NUQUIA - ASONUQUIA,167.0,80.0,,40000000.0,,SI,NO,NO,NO,NO,SI,1.0,Ojo de agua o manantial,0.3,LITROS POR SEGUNDO,0.7,C,3,0.4,C,1.0,Sedimentación,0.7,C,2.0,60000.0,LITROS,12.0,MESES,0.4,C,2.0,24.0,80.0,0.0,0.0,Menor de 100 m,0.7,C,0.2,LITROS POR SEGUNDO,No se realiza,No,,MILIGRAMOS POR LITRO,2019-08-27,No aplica,2019-08-27,No aplica,2019-08-27,1.0,0.5292,0.8,0.35,0.6698,2
2019-08-07,,ABASTO LA TABLA,180440,Colombia,"CUNDINAMARCA,CHAGUANÍ,La Tabla",CUNDINAMARCA,CHAGUANÍ,La Tabla,4.995081,-74.59213,1322.0,25168000,,2006.0,1.0,1.0,LA TABLA SECTOR ALTO DE GUADUAS,ASOCIACIÓN DE SUSCRIPTORES DEL ACUEDUCTO VEREDA LA TABLA - SECTOR ALTO DE GUADUAS,100.0,25.0,,60000000.0,40000000.0,SI,NO,NO,NO,NO,SI,1.0,Quebrada,0.35,LITROS POR SEGUNDO,0.0,D,1,1.0,A,,,,,3.0,6000.0,LITROS,6.0,MESES,0.85,B,3.0,24.0,25.0,0.0,0.0,,1.0,A,0.2,LITROS POR SEGUNDO,No se realiza,No,,MILIGRAMOS POR LITRO,2019-08-27,No aplica,2019-08-27,No aplica,2019-08-27,1.0,0.0,0.8,0.1,0.475,2
2019-11-13,,ABASTO LA VICTORIA,180442,Colombia,"CUNDINAMARCA,JERUSALÉN,La Victoria",CUNDINAMARCA,JERUSALÉN,La Victoria,4.630839,-74.603111,1450.0,25368000,,2009.0,3.0,1.0,"LA VICTORIA SECTOR ALTO, LA VICTORIA SECTOR BAJO, LA VICTORIA SECTOR CENTRO",ASOCIACIÓN DE ACUEDUCTO LA VICTORIA ,146.0,43.0,,25000000.0,,SI,NO,NO,NO,NO,SI,1.0,Ojo de agua o manantial,0.4,LITROS POR SEGUNDO,0.4,C,1,0.7,C,1.0,Filtración lenta,0.85,B,1.0,50000.0,LITROS,6.0,MESES,0.85,B,1.0,8.0,43.0,0.0,0.0,Mayor de 100 m,0.7,C,0.38,LITROS POR SEGUNDO,No se realiza,No,,MILIGRAMOS POR LITRO,2019-08-27,No aplica,2019-08-27,No aplica,2019-08-27,1.0,0.6389,0.8,0.425,0.716,2
2019-08-26,,ACUEDUCTO SAN MARTIN,180449,Colombia,"CUNDINAMARCA,GACHANCIPÁ,SAN MARTIN",CUNDINAMARCA,GACHANCIPÁ,SAN MARTIN,5.02573,-73.86563,2566.0,25-295-000,,1991.0,4.0,1.0,"EL REDIL SECTOR I, EL REDIL SECTOR II, ESCUELA SAN MARTIN , LOS VAQUERO",ASOCIACION DE USUARIOS DEL SERVICIO DE ACUEDUCTO DE LA VEREDA SAN MARTIN DEL MUNICIPIO GACHANCIPA DEPARTAMENTO E CUNDINAMARCA,1520.0,380.0,Otros,70000000.0,8000000.0,SI,SI,NO,NO,SI,SI,1.0,Río,0.81,LITROS POR SEGUNDO,1.0,A,1,1.0,A,6.0,"Sedimentación, Coagulación y Floculación, Desinfección con cloro, Filtración rápida, Filtración lenta, Filtración rápida",1.0,A,2.0,190000.0,LITROS,6.0,MESES,0.85,B,4.0,24.0,380.0,380.0,380.0,,1.0,A,0.81,LITROS POR SEGUNDO,"Sí, y funciona",No,,MILIGRAMOS POR LITRO,2019-07-03,Sí pasa,2019-07-03,Sí pasa,2019-07-03,1.0,0.9602,0.2,1.0,0.7901,2
2019-08-27,,ACUEDUCTO SAN BARTOLOME ,180460,Colombia,"CUNDINAMARCA,GACHANCIPÁ,SAN BARTOLOME",CUNDINAMARCA,GACHANCIPÁ,SAN BARTOLOME,4.98646,-73.86787,2622.0,25-295-007,,1994.0,4.0,1.0,"LA CURVA DE LA M, LA PORQUERA, SAN BARTOLOMÉ ALTO, SAN BARTOLOME BAJO",ASOCIACION DE USUARIOS ACUEDUCTO VEREDA SAN BARTOLOME,432.0,104.0,Otros,4000000.0,78000000.0,SI,SI,NO,NO,NO,SI,1.0,Ojo de agua o manantial,0.75,LITROS POR SEGUNDO,1.0,A,2,1.0,A,1.0,Desinfección con cloro,0.5,C,7.0,228500.0,LITROS,3.0,MESES,0.85,B,4.0,8.0,104.0,104.0,104.0,,1.0,A,0.7,LITROS POR SEGUNDO,"Sí, y funciona",No,,MILIGRAMOS POR LITRO,2019-08-27,No aplica,2019-08-27,No aplica,2019-08-27,1.0,0.9602,0.8,0.75,0.8776,2
2019-08-30,,ACUEDUCTO REGIONAL No 1,180703,Colombia,"CUNDINAMARCA,GUACHETÁ,Pueblo Viejo",CUNDINAMARCA,GUACHETÁ,Pueblo Viejo,5.38409,-73.65693,3180.0,25317,,1992.0,11.0,1.0,"EL CHORRERON, FALDA DE MOLINO, FRONTERA, FRONTERA ALTO, LA CASCAJERA, LA MANA, PEÑAS, PUEBLO VIEJO , RABANAL, SAN ANTONIO , SANTUARIO",ASOCIACIÓN  DE USUARIOS DEL ACUEDUCTO REGIONAL #1,2229.0,558.0,Plan Departamental de Agua,250000000.0,180000000.0,SI,NO,NO,NO,SI,SI,1.0,Quebrada,35.0,LITROS POR SEGUNDO,1.0,A,1,1.0,A,1.0,Aireación (oxidación),0.7,C,5.0,480000.0,LITROS,6.0,MESES,0.85,B,11.0,24.0,560.0,107.0,107.0,Menor de 100 m,1.0,A,11.0,LITROS POR SEGUNDO,"Sí, y funciona",No,0.05,MILIGRAMOS POR LITRO,2019-07-05,Sí pasa,2019-07-18,Sí pasa,2019-07-20,1.0,0.9602,0.8,0.85,0.9026,2
2019-08-30,,ABASTO JERICO Y SALITRE ,180706,Colombia,"CUNDINAMARCA,SUSA,Aposentos",CUNDINAMARCA,SUSA,Aposentos,5.41529,-73.82647,2700.0,25317,,1992.0,2.0,1.0,"JERICO, SALITRE",ASOCIACIÓN DE USUARIOS DE ACUEDUCTO DONATO Y MEJORAS-JERICO Y SALITRE,160.0,47.0,Plan Departamental de Agua,140000000.0,40000000.0,SI,NO,NO,NO,SI,SI,1.0,Río,18.0,LITROS POR SEGUNDO,1.0,A,2,1.0,A,2.0,"Sedimentación, Filtración rápida",0.775,B,2.0,80000.0,LITROS,6.0,MESES,0.85,B,2.0,24.0,47.0,47.0,47.0,Menor de 100 m,1.0,A,1.1,LITROS POR SEGUNDO,No se realiza,No,,MILIGRAMOS POR LITRO,2019-08-30,No aplica,2019-08-30,No aplica,2019-08-30,1.0,0.9602,0.8,0.3875,0.7869,2
2019-08-27,,ACUEDUCTO LAS ORQUÍDEAS DE CHATASUGÁ,180770,Colombia,"CUNDINAMARCA,CHOACHÍ,Chatasuga",CUNDINAMARCA,CHOACHÍ,Chatasuga,4.61431,-73.86779,2713.7,25181000,,2009.0,3.0,1.0,"SECTOR LA CAPILLA , SECTOR LOS TANQUES, SECTOR PEÑA NEGRA ",ACUEDUCTO DE AGUA POTABLE LAS ORQUIDEAS DE LA VEREDA CHATASUGA,499.0,118.0,,500000000.0,,SI,NO,NO,NO,SI,SI,1.0,Quebrada,1.2,LITROS POR SEGUNDO,1.0,A,1,1.0,A,4.0,"Filtración rápida, Sedimentación, Coagulación y Floculación, Desinfección con cloro",0.2,D,3.0,115300.0,LITROS,2.0,MESES,0.85,B,3.0,24.0,118.0,118.0,118.0,Mayor de 100 m,1.0,A,1.2,LITROS POR SEGUNDO,"Sí, pero no funciona",No,,MILIGRAMOS POR LITRO,2019-09-02,No aplica,2019-09-02,No aplica,2019-09-02,1.0,0.9602,0.8,0.3,0.7651,2
2019-08-30,,ABASTO VEREDAL PANTANO DE CARLOS,180776,Colombia,"CUNDINAMARCA,CÁQUEZA,Pantano De Carlos",CUNDINAMARCA,CÁQUEZA,Pantano De Carlos,4.39587,-73.95018,1873.3,25151000,,2008.0,2.0,1.0,"PANTANO DE CARLOS 1, SECTOR CUATRO CAMINOS",ASOCIACION DE USUARIOS ACUEDUCTO VEREDA PANTANO DE CARLOS PARTE BAJA,238.0,72.0,,8000000.0,,SI,NO,NO,NO,NO,SI,1.0,Ojo de agua o manantial,1.1,LITROS POR SEGUNDO,1.0,A,1,1.0,A,7.0,"Sedimentación, Sedimentación, Sedimentación, Sedimentación, Desinfección con cloro, Filtración rápida, Sedimentación",1.0,A,2.0,27000.0,LITROS,2.0,MESES,1.0,A,2.0,24.0,72.0,72.0,72.0,Mayor de 100 m,1.0,A,1.1,LITROS POR SEGUNDO,"Sí, y funciona","Sí, pero no de maner mayoritaria",,MILIGRAMOS POR LITRO,2019-09-02,No aplica,2019-09-02,No aplica,2019-09-02,1.0,1.0,1.0,1.0,1.0,2
2019-08-12,,ACUEDUCTO AGUAS DEL CAPIRA,180932,Colombia,"CUNDINAMARCA,GUADUAS,Puerto Bogota",CUNDINAMARCA,GUADUAS,Puerto Bogota,5.20706,-74.7278,918.0,25320003,,1979.0,14.0,1.0,"CALLE QUINTA, COLINAS, SECTOR BODEGA, SECTOR BRISAS, SECTOR CAMPO DE FUTBOL, SECTOR CAPILLA, SECTOR CARRERA SEXTA, SECTOR EL ESCALON, SECTOR LA AVENTURA, SECTOR LA CAIMANA, SECTOR MANZO, SECTOR MATADERO, SECTOR PATIO BONITO, SECTOR REMOLINO",EMPRESAS DE SERVICIOS PÚBLICOS AGUAS DEL CAPIRA SA. ESP,4361.0,1168.0,Otros,50000000.0,80000000.0,NO,SI,NO,NO,SI,SI,2.0,Pozo Perforado,19.0,LITROS POR SEGUNDO,0.7,C,4,0.25,D,4.0,"Sedimentación, Desinfección con cloro, Coagulación y Floculación, Filtración lenta",1.0,A,2.0,560000.0,LITROS,1.0,MESES,1.0,A,3.0,8.0,1168.0,1168.0,1168.0,Menor de 100 m,0.0,D,2.5,LITROS POR SEGUNDO,"Sí, y funciona",No,,MILIGRAMOS POR LITRO,2019-09-04,No aplica,2019-09-04,No aplica,2019-09-04,1.0,0.0,0.8,1.0,0.7,2
2019-08-27,,"ABASTO DEL SERVICIO DE LAS VEREDAS LAS MERCEDES, SAN AGUSTIN, SAN PABLO PARTE ALTA, SAN JOSE Y BAQUERO DEL MUNICIPIO DE NOCAIMA.",180945,Colombia,"CUNDINAMARCA,NOCAIMA,Baquero",CUNDINAMARCA,NOCAIMA,Baquero,4.799872,-74.461384,1180.5,25-491-000,,1999.0,5.0,1.0,"BAQUERO, LAS MERCEDES PARTE ALTA, SAN ANGUSTIN PARTE ALTA , SAN JOSE, SAN PABLO PARTE ALTA","ASOCIACION DE USUARIOS DEL SERVICIO DE ACUEDUCTO DE LAS VEREDAS LAS MERCEDES, SAN AGUSTIN SAN PABLO PARTE ALTA, SAN JOSE Y BAQUERO DEL MUNICIPIO DE NOCAMIMA",485.88235294117646,131.0,,50000000.0,7200000.0,SI,NO,NO,NO,NO,SI,2.0,Ojo de agua o manantial,1.5,LITROS POR SEGUNDO,1.0,A,6,1.0,A,3.0,"Sedimentación, Sedimentación, Sedimentación",1.0,A,3.0,80000.0,LITROS,4.0,MESES,0.85,B,18.0,20.444444444444443,150.0,150.0,150.0,Mayor de 100 m,0.98333335,A,1.5,LITROS POR SEGUNDO,No se realiza,No,,MILIGRAMOS POR LITRO,2019-09-04,No aplica,2019-09-04,No aplica,2019-09-04,1.0,0.9562,0.6,0.5,0.7641,2
2019-08-22,,ACUEDUCTO DE LA PAZ DE CALAMOIMA  ,181140,Colombia,"CUNDINAMARCA,GUADUAS,La Paz",CUNDINAMARCA,GUADUAS,La Paz,5.21459,-74.62833,1046.0,25320002,,1999.0,10.0,1.0,"CENTRO DE LA PAZ, JORGE ELIECER GAITAN, SECTIR  LA PRIMAVERA, SECTOR  EL COMERCIO, SECTOR EL  TULIPAN, SECTOR  LA ESTRELLA, SECTOR LA INMACULADA, SECTOR MATADERO, SECTOR SAN ANTONIO, SECTOR SAN FRANCISCO","ASOCIACIÓN DE USUARIOS DEL ACUEDUCTO DE LA PAZ DE CALAMOIMA ""USUACOP""",867.0,274.0,,10000000.0,35000000.0,SI,NO,NO,NO,SI,SI,5.0,Fuente,1.87,GALONES POR MINUTO,1.0,A,4,0.85,B,4.0,"Filtración rápida, Desinfección con cloro, Sedimentación, Coagulación y Floculación",1.0,A,1.0,10000000.0,LITROS,1.0,MESES,1.0,A,2.0,24.0,274.0,274.0,274.0,Menor de 100 m,1.0,A,0.4,LITROS POR SEGUNDO,"Sí, y funciona",No,,MILIGRAMOS POR LITRO,2019-09-06,No aplica,2019-09-06,No aplica,2019-09-06,1.0,0.9602,0.36,1.0,0.83,2
2019-08-26,,ABASTO DOMICILIARIO FERRA - FERRALARADA,181197,Colombia,"CUNDINAMARCA,CHOACHÍ,Ferralarada",CUNDINAMARCA,CHOACHÍ,Ferralarada,4.56553,-73.89427,2276.3,25181000,,1996.0,3.0,1.0,"BARRONEGRO, FERRALARADA ALTA, FERRALARADA BAJA",ASOCIACION DE USUARIOS DEL ACUEDUCTO RURAL PARA USO DOMESTICO DE LA VEREDA FERRALARADA,407.0,117.0,,33000000.0,10000000.0,SI,NO,NO,NO,SI,SI,1.0,Quebrada,1.1,LITROS POR SEGUNDO,0.7,C,1,0.7,C,1.0,Sedimentación,0.5,C,1.0,20000.0,LITROS,1.0,MESES,1.0,A,4.0,24.0,180.0,180.0,180.0,Mayor de 100 m,1.0,A,1.1,LITROS POR SEGUNDO,No se realiza,No,,MILIGRAMOS POR LITRO,2019-09-07,No aplica,2019-09-07,No aplica,2019-09-07,1.0,0.8367,1.0,0.25,0.7717,2
2019-09-07,,"ABASTO DE LA ASOCIACIÓN DE USUARIOS DE LAS VEREDAS CAÑUTAL, LOMA LARGA Y VOLCAN ALTO",181199,Colombia,"CUNDINAMARCA,NOCAIMA,Cañutal",CUNDINAMARCA,NOCAIMA,Cañutal,5.054884,-74.362995,1301.0,25-491-000,,1992.0,7.0,1.0,"CAÑUTAL BAJO, CAÑUTAL MEDIO, CAÑUTAL PARTE ALTA, LOMALARGA BAJO, LOMALARGA PARTE ALTA, VOLCÁN ALTO , VOLCAN BAJO","ASOCIACION DE USUARIOS DEL ACUEDUCTO DE LAS VEREDAS CAÑUTAL BAJO, LOMALARGA Y VOLCAN ALTO",245.20289855072463,76.0,Otros,50000000.0,99700000.0,SI,NO,NO,NO,NO,SI,1.0,Quebrada,1.0,LITROS POR SEGUNDO,1.0,A,3,1.0,A,4.0,"Sedimentación, Filtración rápida, Sedimentación, Coagulación y Floculación",1.0,A,2.0,106000.0,LITROS,6.0,MESES,0.85,B,5.0,24.0,76.0,71.0,63.0,Menor de 100 m,1.0,A,0.99,LITROS POR SEGUNDO,"Sí, pero no funciona",No,,MILIGRAMOS POR LITRO,2019-09-07,No pasa,2019-09-07,No pasa,2019-09-07,1.0,0.9602,0.2,0.7,0.715,2
2019-08-22,,ACUEDUCTO VEREDAL PETALUMA ,181201,Colombia,"CUNDINAMARCA,CACHIPAY,PATALUMA ALTA",CUNDINAMARCA,CACHIPAY,PATALUMA ALTA,4.757173,-74.418372,2660.0,25 123 000,,1995.0,1.0,1.0,PETALUMA ALTA,ASOCIACIÓN DE SUSCRIPTORES DEL ACUEDUCTO RURAL PETALUMA,340.0,85.0,Otros,5000000.0,,SI,NO,NO,NO,SI,SI,1.0,Quebrada,81.0,LITROS POR SEGUNDO,0.7,C,1,0.7,C,4.0,"Sedimentación, Desinfección con cloro, Filtración rápida, Coagulación y Floculación",0.8875,B,1.0,108000.0,LITROS,2.0,MESES,0.85,B,1.0,24.0,85.0,85.0,85.0,Mayor de 100 m,1.0,A,0.55,LITROS POR SEGUNDO,"Sí, y funciona","Sí, pero no de maner mayoritaria",,MILIGRAMOS POR LITRO,2019-09-08,No aplica,2019-09-08,No aplica,2019-09-08,1.0,0.8033,0.8,0.9437,0.8867,2
2019-08-23,,ACUEDUCTO ACUAPEÑANEGRA,181203,Colombia,"CUNDINAMARCA,CACHIPAY,PEÑA NEGRA",CUNDINAMARCA,CACHIPAY,PEÑA NEGRA,4.750915,-74.434158,1700.0,25 123 001,,1984.0,19.0,1.0,"BAIBEN, CALANDAIMA ALTA, CALANDAIMA BAJA, CAYUNDA, EL CANEY, EL ESPINAL, INSPECCIÓN DE PEÑA NEGRA, LA LAGUNA, LA MARIA ALTA, LA RECEBERA, LA UCHUTA, SAN ANTONIO ALTO, SAN ANTONIO BAJO, SAN CAYETANO, SAN JERONIMO, SAN JUANITO, SECTOR AGUA DULCE , SECTOR LA PALMERA, TOCAREMA ALTA",ASOCIACIÓN DE SUSCRIPTORES DEL ACUEDUCTO REGIONAL DE PEÑA NEGRA MUNICIPIO DE CACHIPAY ANOLAIMA Y LA MESA,4333.0,1098.0,Otros,12000000.0,40000000.0,SI,NO,NO,NO,NO,NO,1.0,Río,924.0,LITROS POR SEGUNDO,1.0,A,3,1.0,A,5.0,"Desinfección con cloro, Sedimentación, Filtración lenta, Sedimentación, Coagulación y Floculación",0.9,B,4.0,216000.0,LITROS,2.0,MESES,1.0,A,4.0,24.0,1098.0,1098.0,1098.0,Mayor de 100 m,1.0,A,6.6,LITROS POR SEGUNDO,"Sí, y funciona","Sí, pero no de maner mayoritaria",0.29,MILIGRAMOS POR LITRO,2019-06-11,No pasa,2019-09-08,No pasa,2019-09-08,1.0,1.0,0.8,0.95,0.9375,2
2019-08-21,,ABASTO ACUAMILI,181204,Colombia,"CUNDINAMARCA,ANOLAIMA",CUNDINAMARCA,ANOLAIMA,,4.811021,-74.4236333,2145.0,25 040 000,,2000.0,5.0,1.0,"EL LIMONAL, LA ESMERALDA, MILAN, MONTE LARGO, SAN JERONIMO","ASOCIACIÓN DE USUARIOS DEL ACUEDUCTO DE LAS VEREDAS LA ESMERALDA MONTE LARGO, SAN JERÓNIMO, MILÁN EL LIMONAL ACUAMILI",1194.0,314.0,Otros,20000000.0,40000000.0,SI,NO,NO,NO,SI,SI,1.0,Río,100.0,LITROS POR SEGUNDO,1.0,A,1,1.0,A,1.0,Sedimentación,1.0,A,2.0,300000.0,LITROS,2.0,MESES,1.0,A,3.0,24.0,314.0,314.0,314.0,Mayor de 100 m,1.0,A,1.45,LITROS POR SEGUNDO,No se realiza,"Sí, pero no de maner mayoritaria",,MILIGRAMOS POR LITRO,2019-09-08,No aplica,2019-09-08,No aplica,2019-09-08,1.0,1.0,1.0,0.5,0.875,2
2019-08-21,,ACUEDUCTO ACUAVER E.S.P,181205,Colombia,"CUNDINAMARCA,ANOLAIMA,Calandaima",CUNDINAMARCA,ANOLAIMA,Calandaima,4.767399,-74.421716,1834.0,25 040 000,,1992.0,4.0,1.0,"CALANDAIMA ALTA, LA MARIA ALTA, SAN CAYETANO, SAN JUANITO","ASOCIACIÓN DE USUARIOS DE LAS VEREDAS LA MARIA CALANDAIMA, SAN JUANITO Y SAN CAYETANO ACUAVER",1760.0,440.0,Otros,20000000.0,,SI,NO,NO,NO,SI,SI,1.0,Río,56.0,LITROS POR SEGUNDO,1.0,A,1,1.0,A,4.0,"Desinfección con cloro, Filtración lenta, Sedimentación, Coagulación y Floculación",0.8125,B,4.0,154740.0,LITROS,2.0,MESES,1.0,A,4.0,24.0,440.0,440.0,440.0,Mayor de 100 m,1.0,A,0.11,LITROS POR SEGUNDO,"Sí, y funciona","Sí, pero no de maner mayoritaria",1.5,MILIGRAMOS POR LITRO,2019-07-18,Sí pasa,2019-07-18,Sí pasa,2019-07-18,1.0,1.0,1.0,0.9062,0.9766,2
2019-08-22,,ABASTO SAN JOSE MULTIVEREDAL,181207,Colombia,"CUNDINAMARCA,CACHIPAY",CUNDINAMARCA,CACHIPAY,,4.75713,-74.418028,2600.0,25 123 000,,2005.0,5.0,1.0,"EL PROGRESO, PETALUMA ALTA, PETALUMA BAJA, SAN JOSE, SAN MATEO",ACUEDUCTO SAN JOSE MULTIVEREDAL ACUASANJOSE,1420.0,355.0,,8000000.0,40000000.0,SI,NO,NO,NO,SI,SI,1.0,Quebrada,81.88,LITROS POR SEGUNDO,1.0,A,1,0.7,C,1.0,Sedimentación,0.85,B,3.0,195000.0,LITROS,2.0,MESES,0.85,B,3.0,24.0,355.0,355.0,355.0,Mayor de 100 m,0.7,C,2.9,LITROS POR SEGUNDO,"Sí, y funciona","Sí, pero no de maner mayoritaria",,MILIGRAMOS POR LITRO,2019-09-08,No aplica,2019-09-08,No aplica,2019-09-08,1.0,0.8033,0.8,0.925,0.8821,2
2019-08-23,,ACUEDUCTO ASOCIACION DE USUARIOS  TOCAREMA Y EL RETIRO,181217,Colombia,"CUNDINAMARCA,CACHIPAY",CUNDINAMARCA,CACHIPAY,,4.767399,-74.421716,1834.0,25 123 000,,1983.0,4.0,1.0,"EL RETIRO, LA ESPERANZA, TOCAREMA ALTA, TOCAREMA BAJA",ASOCIACIÓN DE USUARIOS DEL ACUEDUCTO TOCAREMA Y EL RETIRO,1234.0,322.0,Otros,6000000.0,,SI,NO,NO,NO,NO,NO,1.0,Río,56.0,LITROS POR SEGUNDO,1.0,A,1,1.0,A,5.0,"Sedimentación, Desinfección con cloro, Coagulación y Floculación, Filtración lenta, Sedimentación",0.97,A,5.0,183000.0,LITROS,2.0,MESES,1.0,A,4.0,24.0,322.0,322.0,322.0,Mayor de 100 m,1.0,A,2.26,LITROS POR SEGUNDO,"Sí, y funciona","Sí, pero no de maner mayoritaria",0.3,MILIGRAMOS POR LITRO,2019-07-18,Sí pasa,2019-07-18,Sí pasa,2019-07-18,1.0,1.0,1.0,0.985,0.9962,2
2019-08-23,,ACUEDUCTO FAIMSYS,181218,Colombia,"CUNDINAMARCA,CACHIPAY",CUNDINAMARCA,CACHIPAY,,4.75088,-74.43267,1742.0,25 123 000,,1985.0,5.0,1.0,"EL NARANJAL, LA VIRGEN, MERCADILLO, MESITAS DE SANTA INES, SAN MATEO",FUNDACIÓN ACUEDUCTO INTERVEREDAL MESITAS DE SANTA INES Y SAN MATEO FAIMSYS,1484.0,380.0,Otros,5000000.0,,SI,NO,NO,NO,SI,SI,1.0,Río,80.0,LITROS POR SEGUNDO,1.0,A,1,1.0,A,5.0,"Sedimentación, Sedimentación, Coagulación y Floculación, Filtración lenta, Desinfección con cloro",1.0,A,5.0,243000.0,LITROS,2.0,MESES,1.0,A,6.0,24.0,380.0,380.0,380.0,Mayor de 100 m,0.8333333,B,2.28,LITROS POR SEGUNDO,"Sí, y funciona","Sí, pero no de maner mayoritaria",1.37,MILIGRAMOS POR LITRO,2019-07-04,Sí pasa,2019-07-04,Sí pasa,2019-07-04,1.0,0.9554,0.8,1.0,0.9388,2
2019-08-21,,ACUEDUCTO OFICINA DE SERVICIOS PUBLICOS DE CACHIPAY  SISTEMA 1,181220,Colombia,"CUNDINAMARCA,CACHIPAY,Vereda Cayunda",CUNDINAMARCA,CACHIPAY,Vereda Cayunda,4.7288561,-74.4607836,2000.0,25 123 000,,2010.0,5.0,1.0,"CAYUNDA, EL PROGRESO, MERCADILLO, SAN JOSE, SAN MATEO",OFICINA DE SERVICIOS PUBLICOS DE CACHIPAY,902.0,230.0,Otros,10000000.0,,SI,NO,NO,NO,SI,SI,1.0,Quebrada,50.0,LITROS POR SEGUNDO,0.7,C,1,0.7,C,5.0,"Filtración lenta, Sedimentación, Coagulación y Floculación, Sedimentación, Desinfección con cloro",0.97,A,1.0,60000.0,LITROS,2.0,MESES,1.0,A,1.0,24.0,285.0,285.0,285.0,Mayor de 100 m,0.7,C,0.17,LITROS POR SEGUNDO,"Sí, y funciona","Sí, pero no de maner mayoritaria",1.52,MILIGRAMOS POR LITRO,2019-08-03,Sí pasa,2019-08-03,Sí pasa,2019-08-03,1.0,0.7653,1.0,0.985,0.9376,2
2019-08-20,,ACUEDUCTO OFICINA DE SERVICIOS PUBLICOS DE CACHIPAY SISTEMA N 2 ,181238,Colombia,"CUNDINAMARCA,CACHIPAY",CUNDINAMARCA,CACHIPAY,,4.7380846,-74.4481363,1800.0,25 123 000,,2010.0,2.0,1.0,"MESITAS DE SANTA INES, PUERTO LOPEZ",OFICINA DE SERVICIOS PUBLICOS DE CACHIPAY,680.0,170.0,Otros,12000000.0,,SI,NO,NO,NO,SI,SI,1.0,Quebrada,15.5,LITROS POR SEGUNDO,0.7,C,1,0.7,C,4.0,"Sedimentación, Coagulación y Floculación, Desinfección con cloro, Filtración rápida",1.0,A,1.0,360000.0,LITROS,2.0,MESES,1.0,A,2.0,24.0,115.0,115.0,115.0,Mayor de 100 m,0.7,C,11.5,LITROS POR SEGUNDO,"Sí, y funciona","Sí, pero no de maner mayoritaria",,MILIGRAMOS POR LITRO,2019-09-09,No aplica,2019-09-09,No aplica,2019-09-09,1.0,0.7653,1.0,1.0,0.9413,2
2019-09-05,,ABASTO DEL SERVICIO DE LAS VEREDAS CAJÓN  FLORIDA ,181270,Colombia,"CUNDINAMARCA,NOCAIMA,Cajon",CUNDINAMARCA,NOCAIMA,Cajon,5.051913,-74.401992,865.5,25-491-001,,1998.0,9.0,1.0,"ALTO DE PAJAS, EL CAJON PARTE ALTA, EL CAJON PARTE BAJA, EL CAJON PARTE MEDIA, FLORIDA ALTA, FLORIDA BAJA, ILO , LOS TOTUMOS, POTOSÍ ",ASOCIACIÓN DE USUARIOS DEL SERVICIO DE ACUEDUCTO DE LAS VEREDAS CAJON FLORIDA ,792.298124098124,230.0,,50000000.0,110000000.0,SI,NO,NO,NO,NO,SI,1.0,Quebrada,2.0,LITROS POR SEGUNDO,1.0,A,7,0.95714283,A,5.0,"Sedimentación, Sedimentación, Sedimentación, Filtración lenta, Coagulación y Floculación",0.79,B,3.0,100000.0,LITROS,3.0,MESES,0.85,B,18.0,24.0,230.0,230.0,218.0,Menor de 100 m,1.0,A,2.0,LITROS POR SEGUNDO,"Sí, pero no funciona",No,,MILIGRAMOS POR LITRO,2019-09-09,No aplica,2019-09-09,No aplica,2019-09-09,1.0,0.9497,0.6,0.595,0.7862,2
2019-08-07,,"ABASTO VEREDAL LA HONDA, TISINCE Y EL TRIUNFO",181392,Colombia,"CUNDINAMARCA,ARBELÁEZ",CUNDINAMARCA,ARBELÁEZ,,4.218675,-74.416688,1892.3,25-053,,1990.0,3.0,1.0,"EL TRIUNFO, LA HONDA, TISINCE ",ASOCIACION DE USUARIOS DEL ACUEDUCTO LA HONDA TISINCE Y EL TRIUNFO,867.0,212.0,,15000000.0,,SI,NO,NO,NO,NO,SI,1.0,Quebrada,0.5,LITROS POR SEGUNDO,1.0,A,1,0.7,C,,,,,1.0,8000.0,LITROS,4.0,MESES,0.85,B,3.0,24.0,212.0,0.0,0.0,Menor de 100 m,1.0,A,0.3,LITROS POR SEGUNDO,No se realiza,"Sí, pero no de maner mayoritaria",,MILIGRAMOS POR LITRO,2019-09-11,No aplica,2019-09-11,No aplica,2019-09-11,0.1726,0.8783,1.0,0.2,0.5627,2
2019-08-09,,ABASTO ASOAQUOROS,181403,Colombia,"CUNDINAMARCA,ARBELÁEZ,Santa Barbara",CUNDINAMARCA,ARBELÁEZ,Santa Barbara,4.25135,-74.37263,1886.8,25-053,,1978.0,10.0,1.0,"ARENAL, CASA BLANCA, LA ARABIA, LA OLLA, LEGIA, SALITRE ALTO, SALITRE BAJO, SAN LUIS , SAN RAFAEL, ZARAGOZA ",ASOCIACIÓN DE USUARIOS DEL ACUEDUCTO QUEBRADA DE OROS ,795.7142857142857,208.0,,10000000.0,5000000.0,SI,NO,NO,NO,NO,SI,1.0,Quebrada,1.2,LITROS POR SEGUNDO,1.0,A,1,1.0,A,,,,,1.0,60000.0,LITROS,6.0,MESES,0.7,C,3.0,24.0,213.0,0.0,0.0,Menor de 100 m,0.7,C,1.0,LITROS POR SEGUNDO,No se realiza,No,,MILIGRAMOS POR LITRO,2019-09-11,No aplica,2019-09-11,No aplica,2019-09-11,1.0,0.8367,1.0,0.1,0.7342,2
2019-08-28,,ACUEDUCTO ASUARU - PUEBLO VIEJO,181404,Colombia,"CUNDINAMARCA,UBAQUE,PUEBLO VIEJO",CUNDINAMARCA,UBAQUE,PUEBLO VIEJO,4.48852,-73.97356,2207.3,25841000,,1984.0,13.0,1.0,"CACIQUE, CACIQUE IZQUIERDO, FISTEGA, GANGO, LUCIGA, MOLINO, RIO NEGRO, SAN AGUSTIN ALTO, SAN AGUSTIN BAJO, SANTA ANA ALTA, SANTA ANA BAJA, SECTOR ROMERO ALTO , SECTOR ROMERO BAJO ",ASOCIACION DE USUARIOS ACUEDUCTO RURAL LUCIGA ROMERO Y OTROS ASUARU,5648.0,1412.0,,,,SI,NO,NO,NO,SI,SI,1.0,Río,11.5,LITROS POR SEGUNDO,0.7,C,1,1.0,A,4.0,"Filtración rápida, Desinfección con cloro, Coagulación y Floculación, Sedimentación",1.0,A,6.0,418000.0,LITROS,6.0,MESES,0.85,B,7.0,24.0,1412.0,1412.0,1412.0,Mayor de 100 m,1.0,A,11.5,LITROS POR SEGUNDO,"Sí, y funciona","Sí, pero no de maner mayoritaria",0.3,MILIGRAMOS POR LITRO,2019-07-11,Sí pasa,2019-07-11,Sí pasa,2019-07-11,1.0,0.8783,0.8,1.0,0.9196,2
2019-09-11,,ACUEDUCTO DE LA VEREDA RURAL EL PIRUCHO DE NOCAIMA,181408,Colombia,"CUNDINAMARCA,NOCAIMA,San Cayetano",CUNDINAMARCA,NOCAIMA,San Cayetano,5.059136,-74.37257,1066.0,25-491-000,,1995.0,5.0,1.0,"JAGUAL PARTE ALTA, JAGUAL PARTE BAJA, SAN CAYETANO PARTE ALTA, SAN CAYETANO PARTE BAJA, VOLCÁN MEDIO",ASOCIACION ACUEDUCTO RURAL EL PIRUCHO DE NOCAIMA,218.10833333333332,62.0,,2000000.0,15200000.0,SI,NO,NO,NO,SI,SI,1.0,Quebrada,1.6,LITROS POR SEGUNDO,1.0,A,3,1.0,A,3.0,"Sedimentación, Sedimentación, Filtración lenta",0.95,A,2.0,60000.0,LITROS,6.0,MESES,0.85,B,2.0,24.0,62.0,62.0,62.0,Menor de 100 m,1.0,A,1.6,LITROS POR SEGUNDO,"Sí, pero no funciona",No,,MILIGRAMOS POR LITRO,2019-09-11,No aplica,2019-09-11,No aplica,2019-09-11,1.0,0.9602,0.8,0.675,0.8588,2
2019-08-14,,"ABASTO SAN LUIS, SAN PATRICIO Y PORTONES",181436,Colombia,"CUNDINAMARCA,ARBELÁEZ,San Luis",CUNDINAMARCA,ARBELÁEZ,San Luis,4.2178139,-74.4023805,2008.0,25-053-000,,1969.0,5.0,1.0,"PORTONES, SAN LUIS ALTO, SAN LUIS BAJO, SAN LUIS MEDIO, SAN PATRICIO","ASOCIACION DE USUARIOS DEL ACUEDUCTO VEREDAL SAN LUIS,SAN PATRICIO,Y PORTONES ",638.85,172.0,,15000000.0,17000000.0,SI,NO,NO,NO,NO,SI,1.0,Quebrada,0.5,LITROS POR SEGUNDO,1.0,A,3,1.0,A,,,,,2.0,110000.0,LITROS,4.0,MESES,0.85,B,3.0,24.0,172.0,0.0,0.0,Menor de 100 m,0.7,C,0.3,LITROS POR SEGUNDO,No se realiza,"Sí, pero no de maner mayoritaria",,MILIGRAMOS POR LITRO,2019-09-11,No aplica,2019-09-11,No aplica,2019-09-11,1.0,0.8783,1.0,0.2,0.7696,2
2019-08-21,,ABASTO EL PROGRESO,181437,Colombia,"CUNDINAMARCA,ARBELÁEZ,San Miguel",CUNDINAMARCA,ARBELÁEZ,San Miguel,4.2022667,-74.401661,1985.7,25-053,,2002.0,2.0,1.0,"SAN MIGUEL, SANTA ROSA",ACUEDUCTO COMUNITARIO EL PROGRESO ,55.733333333333334,16.0,,3000000.0,12000000.0,SI,NO,NO,NO,SI,SI,1.0,Quebrada,0.5,LITROS POR SEGUNDO,1.0,A,1,0.7,C,,,,,1.0,0.0,LITROS,,MESES,0.0,D,1.0,24.0,16.0,0.0,0.0,Menor de 100 m,0.7,C,0.3,LITROS POR SEGUNDO,No se realiza,No,,MILIGRAMOS POR LITRO,2019-09-11,No aplica,2019-09-11,No aplica,2019-09-11,0.0,0.0,1.0,0.1,0.275,2
2019-09-18,,ABASTO LOMA LARGA,181913,Colombia,"CUNDINAMARCA,PULÍ,LOMA LARGA",CUNDINAMARCA,PULÍ,LOMA LARGA,4.672573,-74.719782,1310.0,25-580-000,,2003.0,3.0,1.0,"EL PLACER, LOMA LARGA SECTOR 1, LOMA LARGA SECTOR 2",ASOCIACIÓN DE USUARIOS ACUEDUCTO VEREDAL LOMA LARGA- EL PLACER,101.0,32.0,,25000000.0,40000000.0,SI,NO,NO,NO,NO,SI,1.0,Ojo de agua o manantial,0.35,LITROS POR SEGUNDO,1.0,A,2,1.0,A,1.0,Sedimentación,1.0,A,2.0,39000.0,LITROS,6.0,MESES,0.85,B,3.0,2.0,32.0,0.0,0.0,Mayor de 100 m,1.0,A,0.3,LITROS POR SEGUNDO,No se realiza,No,,MILIGRAMOS POR LITRO,2019-09-24,No aplica,2019-09-24,No aplica,2019-09-24,1.0,0.9602,1.0,0.5,0.865,2
2019-09-18,,ABASTO TALIPA,181915,Colombia,"CUNDINAMARCA,PULÍ,Talipa",CUNDINAMARCA,PULÍ,Talipa,4.62877,-74.72709,1103.0,25-580-005,,2004.0,3.0,1.0,"TALIPA ALTO, TALIPA BAJO, TALIPA CENTRO",ASOCIACIÓN DE USUARIOS VEREDA TALIPA,115.155,35.0,,20000000.0,,SI,SI,NO,NO,NO,SI,1.0,Ojo de agua o manantial,0.35,LITROS POR SEGUNDO,1.0,A,1,1.0,A,,,,,1.0,50000.0,LITROS,6.0,MESES,0.85,B,1.0,24.0,35.0,0.0,0.0,Mayor de 100 m,1.0,A,0.35,LITROS POR SEGUNDO,No se realiza,No,,MILIGRAMOS POR LITRO,2019-09-24,No aplica,2019-09-24,No aplica,2019-09-24,1.0,0.9602,0.8,0.0,0.6901,2
2019-08-28,,ABASTO ARPAYOVE,181919,Colombia,"CUNDINAMARCA,GUAYABAL DE SÍQUIMA,PAJONAL",CUNDINAMARCA,GUAYABAL DE SÍQUIMA,PAJONAL,4.84305,-74.49098,1829.0,25328000,,1992.0,10.0,1.0,"CHINIATA SECTOR ALTO LA MUCHA, CHINIATA SECTOR CHINIATA, EL TRIGO, EL TRIGO SECTOR SAN RAFAEL, GARITA, PAJONAL, PERIQUITO SECTOR SAN FELIPE, PICACHO ALTO, PICACHO BAJO, SAN CRISTOBAL",ASOCIACIÓN REGIONAL DE PAJONAL Y OTRAS VEREDAS,1797.4,468.0,,35000000.0,55000000.0,SI,NO,NO,NO,SI,SI,1.0,Ojo de agua o manantial,4.38,LITROS POR SEGUNDO,1.0,A,2,1.0,A,1.0,Sedimentación,1.0,A,9.0,360000.0,LITROS,6.0,MESES,0.85,B,9.0,24.0,497.0,497.0,497.0,Mayor de 100 m,1.0,A,4.38,LITROS POR SEGUNDO,No se realiza,No,,MILIGRAMOS POR LITRO,2019-09-24,No aplica,2019-09-24,No aplica,2019-09-24,1.0,0.9602,1.0,0.5,0.865,2
2019-09-11,,ABASTO MANOA CAJÓN,181920,Colombia,"CUNDINAMARCA,GUAYABAL DE SÍQUIMA,MANOA",CUNDINAMARCA,GUAYABAL DE SÍQUIMA,MANOA,4.90717,-74.47696,1461.0,25328000,,1992.0,2.0,1.0,"CAJON, MANOA",ASOCIACIÓN DE USUARIOS DEL ACUEDUCTO MANOA-CAJON,236.92307692307693,65.0,,15000000.0,,SI,NO,NO,NO,NO,SI,1.0,Quebrada,0.45,LITROS POR SEGUNDO,0.0,D,2,0.4,C,1.0,Sedimentación,0.4,C,1.0,40000.0,LITROS,12.0,MESES,0.55,C,1.0,8.0,65.0,0.0,0.0,Mayor de 100 m,0.4,C,0.45,LITROS POR SEGUNDO,No se realiza,No,,MILIGRAMOS POR LITRO,2019-09-24,No aplica,2019-09-24,No aplica,2019-09-24,1.0,0.0,0.8,0.2,0.5,2
2019-08-28,,ABASTO EL TRIGO,181923,Colombia,"CUNDINAMARCA,GUAYABAL DE SÍQUIMA,EL TRIGO",CUNDINAMARCA,GUAYABAL DE SÍQUIMA,EL TRIGO,4.84016,-74.459,2090.0,25 - 328 - 001,,1966.0,1.0,1.0,EL TRIGO,ASOCIACIÓN DE USUARIOS DEL ACUEDUCTO Y ALCANTARILLADO EL TRIGO,240.0,60.0,,10000000.0,,SI,NO,NO,NO,NO,SI,1.0,Quebrada,0.6,LITROS POR SEGUNDO,0.7,C,2,0.4,C,1.0,Sedimentación,0.7,C,2.0,9600.0,LITROS,6.0,MESES,0.7,C,1.0,12.0,60.0,0.0,0.0,Mayor de 100 m,0.4,C,0.45,LITROS POR SEGUNDO,No se realiza,No,,MILIGRAMOS POR LITRO,2019-09-24,No aplica,2019-09-24,No aplica,2019-09-24,1.0,0.5292,0.8,0.35,0.6698,2
2019-09-11,,ABASTO TRINIDAD,181924,Colombia,"CUNDINAMARCA,GUAYABAL DE SÍQUIMA,TRINIDAD",CUNDINAMARCA,GUAYABAL DE SÍQUIMA,TRINIDAD,4.92197,-74.48043,1524.0,25328000,,1978.0,1.0,1.0,LA TRINIDAD					,ASOCIACIÓN DE AFILIADOS DEL ACUEDUCTO RURAL DE LA VEREDA TRINIDAD,216.0,54.0,,30000000.0,,SI,NO,NO,NO,NO,SI,1.0,Ojo de agua o manantial,0.4,LITROS POR SEGUNDO,0.4,C,2,0.4,C,1.0,Sedimentación,0.4,C,1.0,40000.0,LITROS,12.0,MESES,0.4,C,1.0,8.0,54.0,0.0,0.0,Mayor de 100 m,0.4,C,0.42,LITROS POR SEGUNDO,No se realiza,No,,MILIGRAMOS POR LITRO,2019-09-24,No aplica,2019-09-24,No aplica,2019-09-24,1.0,0.4,0.8,0.2,0.6,2
2019-09-24,,ABASTO PUBLICO DE AGUA VEREDA ALTO DEL AGUILA,181927,Colombia,"CUNDINAMARCA,ZIPAQUIRÁ,ALTO DEL AGUILA",CUNDINAMARCA,ZIPAQUIRÁ,ALTO DEL AGUILA,5.10142,-74.0141,3462.0,,,1997.0,4.0,1.0,"ALTO DEL  AGUILA - ESCUELA, MONTELLANO, POZO AZUL, SAN JORGE PARTE ALTA",ASOCIACION DE USUARIOS DEL SISTEMA DE ACUEDUCTO GRANJA DON BENITO,254.0,100.0,Otros,1800000.0,600000.0,SI,NO,NO,NO,SI,SI,1.0,Ojo de agua o manantial,1.7,LITROS POR SEGUNDO,1.0,A,1,1.0,A,1.0,Sedimentación,1.0,A,1.0,50000.0,LITROS,4.0,MESES,0.85,B,4.0,24.0,100.0,100.0,100.0,Mayor de 100 m,1.0,A,2.0,LITROS POR SEGUNDO,No se realiza,"Sí, pero no de maner mayoritaria",,MILIGRAMOS POR LITRO,2019-09-24,No pasa,2019-09-24,No pasa,2019-09-24,1.0,0.9602,1.0,0.5,0.865,2
2019-09-24,,ABASTO DE AGUA RURAL EL CARRIZAL,181939,Colombia,"CUNDINAMARCA,GACHETÁ,Resguardo Ii",CUNDINAMARCA,GACHETÁ,Resguardo Ii,4.824869,-73.634706,1903.0,25-297-000,,1970.0,2.0,1.0,"RESGUARDO, SECTOR CARRIZAL","ASOCIACION DE SUSCRIPTORES ACUEDUCTO RURAL EL CARRIZAL ""ASOCARRIZAL""",200.0,50.0,,0.0,,SI,NO,NO,NO,SI,SI,1.0,Ojo de agua o manantial,0.7,LITROS POR SEGUNDO,0.7,C,2,0.7,C,1.0,Sedimentación,0.85,B,2.0,76800.0,LITROS,24.74,MESES,0.35,D,3.0,24.0,65.0,0.0,0.0,Mayor de 100 m,0.7,C,0.87,LITROS POR SEGUNDO,No se realiza,No,,MILIGRAMOS POR LITRO,2019-09-24,No aplica,2019-09-24,No aplica,2019-09-24,1.0,0.5886,1.0,0.425,0.7534,2
2019-08-28,,ABASTO CHINIATA,181940,Colombia,"CUNDINAMARCA,GUAYABAL DE SÍQUIMA,CHINIATA",CUNDINAMARCA,GUAYABAL DE SÍQUIMA,CHINIATA,4.84209,-74.48319,1893.0,25328000,,1985.0,2.0,1.0,"CHINIATA SECTOR ALTO LA MUCHA, CHINIATA SECTOR CHINIATA",ASOCIACIÓN DE USUARIOS VEREDA CHINIATA,200.0,50.0,,12000000.0,,SI,NO,NO,NO,NO,SI,1.0,Quebrada,0.6,LITROS POR SEGUNDO,1.0,A,2,0.4,C,1.0,Sedimentación,1.0,A,1.0,6000.0,LITROS,6.0,MESES,0.7,C,1.0,12.0,50.0,0.0,0.0,Mayor de 100 m,0.4,C,0.4,LITROS POR SEGUNDO,No se realiza,No,,MILIGRAMOS POR LITRO,2019-09-24,No aplica,2019-09-24,No aplica,2019-09-24,0.7499,0.5785,0.6,0.5,0.6071,2
2019-09-11,,ABASTO BUENOS AIRES,181942,Colombia,"CUNDINAMARCA,GUAYABAL DE SÍQUIMA,TORRES",CUNDINAMARCA,GUAYABAL DE SÍQUIMA,TORRES,4.936528,-74.485021,1450.0,25328000,,1999.0,1.0,1.0,TORRES SECTOR SAN CAYETANO,ACUEDUCTO BUENOS AIRES DE LA VEREDA TORRES,91.0,33.0,,30000000.0,,SI,NO,NO,NO,NO,NO,1.0,Ojo de agua o manantial,0.3,LITROS POR SEGUNDO,0.4,C,1,0.4,C,,,,,1.0,70000.0,LITROS,12.0,MESES,0.55,C,1.0,2.0,38.0,0.0,0.0,Mayor de 100 m,0.4,C,0.3,LITROS POR SEGUNDO,No se realiza,No,,MILIGRAMOS POR LITRO,2019-09-24,No aplica,2019-09-24,No aplica,2019-09-24,1.0,0.4331,0.2,0.1,0.4333,2
2019-09-11,,ABASTO FUENTE CRISTALINA,181944,Colombia,"CUNDINAMARCA,GUAYABAL DE SÍQUIMA,TRINIDAD",CUNDINAMARCA,GUAYABAL DE SÍQUIMA,TRINIDAD,4.92564,-74.48181,1561.0,25328000,,1984.0,1.0,1.0,TORRES CENTRO,ASOCIACIÓN DE ACUEDUCTO FUENTE CRISTALINA,212.0,53.0,,12000000.0,,SI,NO,NO,NO,NO,SI,1.0,Ojo de agua o manantial,0.45,LITROS POR SEGUNDO,1.0,A,1,1.0,A,1.0,Sedimentación,1.0,A,1.0,20000.0,LITROS,6.0,MESES,0.85,B,2.0,8.0,53.0,0.0,0.0,Mayor de 100 m,1.0,A,0.4,LITROS POR SEGUNDO,No se realiza,No,,MILIGRAMOS POR LITRO,2019-09-24,No aplica,2019-09-24,No aplica,2019-09-24,1.0,0.9602,1.0,0.5,0.865,2
2019-09-24,,ABASTO SAN FELIPE,181945,Colombia,"CUNDINAMARCA,GUAYABAL DE SÍQUIMA,TRINIDAD",CUNDINAMARCA,GUAYABAL DE SÍQUIMA,TRINIDAD,4.92645,-74.48151,1553.0,25328000,,1997.0,1.0,1.0,TRINIDAD SECTOR SAN FELIPE,ASOCIACIÓN DE USUARIOS DEL SERVICIO DE AGUA POTABLE VEREDAS TRINIDAD Y TORRES SAN FELIPE,57.42222222222222,38.0,,22000000.0,,SI,NO,NO,NO,NO,SI,1.0,Ojo de agua o manantial,0.4,LITROS POR SEGUNDO,1.0,A,1,1.0,A,1.0,Sedimentación,1.0,A,1.0,10000.0,LITROS,6.0,MESES,0.85,B,1.0,12.0,38.0,0.0,0.0,Mayor de 100 m,1.0,A,0.38,LITROS POR SEGUNDO,No se realiza,No,,MILIGRAMOS POR LITRO,2019-09-24,No aplica,2019-09-24,No aplica,2019-09-24,1.0,0.9602,0.8,0.5,0.8151,2
2019-09-25,,ACUEDUCTO JOSE MARÍA VALAGUER,181951,Colombia,"CUNDINAMARCA,SIMIJACA,Taquira",CUNDINAMARCA,SIMIJACA,Taquira,5.477961,-73.830021,2692.0,25745003,,1992.0,6.0,1.0,"EL PLAN, LA ESTACIÓN , LA GLORIETA, PANTANO, TAQUIRA, TIMINGUITA",ASOCIACIÓN GREMIAL DEL PRO ACUEDUCTO   INTERVEREDAL JOSE MARÍA ESCRIBA DE VALAGUER,2012.1185185185186,508.0,Otros,200000000.0,,SI,NO,NO,NO,SI,SI,1.0,Quebrada,14.0,LITROS POR SEGUNDO,1.0,A,1,1.0,A,1.0,Coagulación y Floculación,1.0,A,2.0,190000.0,LITROS,6.0,MESES,0.85,B,6.0,24.0,510.0,510.0,510.0,Mayor de 100 m,1.0,A,6.5,LITROS POR SEGUNDO,"Sí, y funciona",No,0.05,MILIGRAMOS POR LITRO,2019-09-25,Sí pasa,2019-09-25,Sí pasa,2019-09-25,1.0,0.9602,0.8,1.0,0.9401,2
2019-09-25,,ACUEDUCTO ASUAPARGUA,181953,Colombia,"CUNDINAMARCA,GUACHETÁ,Punta Grande",CUNDINAMARCA,GUACHETÁ,Punta Grande,5.334984,-73.7553,2695.0,25317,,1992.0,6.0,1.0,"LA ISLA, LA ISLA ALTO, PAICAGUITA, PUNTA GRANDE, PUNTA GRANDE BAJO, SIATAMA","ASOCIACION DE USUARIOS DEL ACUEDUCTO REGIONAL VEREDA  PUNTA GRANDE GUACHETA ""ASUAPARGUA""",1380.0,346.0,Plan Departamental de Agua,200000000.0,,NO,SI,NO,NO,SI,SI,1.0,Río,35.0,LITROS POR SEGUNDO,1.0,A,2,1.0,A,1.0,Coagulación y Floculación,1.0,A,3.0,240000.0,LITROS,6.0,MESES,0.85,B,6.0,24.0,348.0,348.0,348.0,Mayor de 100 m,1.0,A,7.0,LITROS POR SEGUNDO,"Sí, y funciona",No,0.05,MILIGRAMOS POR LITRO,2019-09-25,Sí pasa,2018-11-02,Sí pasa,2019-05-05,1.0,0.9602,1.0,1.0,0.99,2
2022-04-23,,ABASTO  PUBLICO DE AGUA VEREDA MURCA,181959,Colombia,"CUNDINAMARCA,GACHALÁ,MURCA",CUNDINAMARCA,GACHALÁ,MURCA,4.69151,-73.48603,1937.4,,,1992.0,4.0,1.0,"BEJARANO, CALDERÓN, GARZÓN, ROMERO",GESTIÓN COMUNITARIA - VEREDA MURCA,205.0,50.0,,45000000.0,,SI,NO,NO,NO,NO,SI,1.0,Ojo de agua o manantial,0.65,LITROS POR SEGUNDO,0.7,C,1,0.7,C,,,,,1.0,15000.0,LITROS,6.0,MESES,0.7,C,2.0,24.0,50.0,0.0,0.0,Mayor de 100 m,0.7,C,0.9,LITROS POR SEGUNDO,No se realiza,"Sí, de maner mayoritaria",,MILIGRAMOS POR LITRO,,No aplica,2019-09-25,No aplica,2019-09-25,1.0,0.7,1.0,0.5,0.8,2
2019-09-13,,ABASTO DE AGUA ZAQUE-CUSAQUIN,181982,Colombia,"CUNDINAMARCA,GACHETÁ,Cusaquin",CUNDINAMARCA,GACHETÁ,Cusaquin,4.8369,-73.66143,1912.0,25-297-000,,1989.0,5.0,1.0,"SAN ANTONIO, SAN ISIDRO, SAN JOSE, SECTOR LA CHAMBA, YONAMA",ASOCIACION DE USUARIOS DEL ACUEDUCTO ZAQUE CUSAQUIN,1260.0,315.0,,,,SI,NO,NO,NO,SI,SI,2.0,Río,7.0,METROS CÚBICOS POR SEGUNDO,0.85,B,4,0.7,C,2.0,"Sedimentación, Sedimentación",0.55,C,1.0,60000.0,LITROS,6.0,MESES,0.85,B,6.0,24.0,315.0,0.0,0.0,Mayor de 100 m,0.7,C,2.78,LITROS POR SEGUNDO,No se realiza,No,,MILIGRAMOS POR LITRO,2019-09-25,No aplica,2019-09-25,No aplica,2019-09-25,1.0,0.7714,0.8,0.275,0.7116,2
2019-09-14,,ABASTO DE AGUA SAN MIGUEL,182010,Colombia,"CUNDINAMARCA,GACHETÁ,Zaque",CUNDINAMARCA,GACHETÁ,Zaque,4.834483,-73.706225,2363.0,25-297-000,,1990.0,2.0,1.0,"SAN MIGUEL, SECTOR SAN BERNARDO",COMITE DE ACUEDUCTO SAN MIGUEL,120.0,30.0,Otros,3000000.0,,SI,NO,NO,NO,SI,SI,2.0,Ojo de agua o manantial,0.7,LITROS POR SEGUNDO,0.7,C,2,0.7,C,,,,,1.0,27000.0,LITROS,24.74,MESES,0.35,D,3.0,24.0,30.0,0.0,0.0,Mayor de 100 m,0.46666667,C,0.35,LITROS POR SEGUNDO,No se realiza,No,,MILIGRAMOS POR LITRO,2019-09-25,No aplica,2019-09-25,No aplica,2019-09-25,1.0,0.5319,0.8,0.1,0.608,2
2019-09-15,,ABASTO DE AGUA SAN BERNARDO LAS CRUCES,182022,Colombia,"CUNDINAMARCA,GACHETÁ,Zaque",CUNDINAMARCA,GACHETÁ,Zaque,4.830806,-73.695439,2201.0,25-297-000,,1963.0,2.0,1.0,"CRUCES, SECTOR SAN BERNARDO",JUNTA DE ACUEDUCTO AGUA BLANCA SAN BERNARDO DE LAS CRUCES,169.14285714285714,50.0,,,,SI,NO,NO,NO,NO,NO,1.0,Ojo de agua o manantial,0.8,LITROS POR SEGUNDO,1.0,A,1,0.7,C,,,,,1.0,30000.0,LITROS,6.0,MESES,0.7,C,1.0,24.0,50.0,0.0,0.0,Mayor de 100 m,0.7,C,0.43,LITROS POR SEGUNDO,No se realiza,No,,MILIGRAMOS POR LITRO,2019-09-25,No aplica,2019-09-25,No aplica,2019-09-25,1.0,0.7653,0.8,0.1,0.6663,2
2019-09-18,,ABASTO EL PALMAR,182024,Colombia,"CUNDINAMARCA,PULÍ,PALMAR",CUNDINAMARCA,PULÍ,PALMAR,4.66392,-74.73083,935.0,25-580-000,,1995.0,1.0,1.0,EL PALMAR,ACUEDUCTO EL PALMAR,0.0,0.0,,15000000.0,,SI,NO,NO,NO,NO,SI,1.0,Ojo de agua o manantial,0.35,LITROS POR SEGUNDO,0.7,C,2,0.0,D,1.0,Sedimentación,0.5,C,1.0,18000.0,LITROS,12.0,MESES,0.2,D,1.0,0.0,10.0,0.0,0.0,Mayor de 100 m,0.0,D,0.35,LITROS POR SEGUNDO,No se realiza,No,,MILIGRAMOS POR LITRO,2019-09-25,No aplica,2019-09-25,No aplica,2019-09-25,0.0,0.0,1.0,0.25,0.3125,2
2019-09-18,,ABASTO LOMA TENDIDA,182026,Colombia,"CUNDINAMARCA,PULÍ,LOMA TENDIDA",CUNDINAMARCA,PULÍ,LOMA TENDIDA,4.71379,-74.69202,1439.0,25-580-000,,2000.0,1.0,1.0,LOMATENDIDA,ACUEDUCTO LOMATENDIDA ,200.0,50.0,,20000000.0,,SI,NO,NO,NO,NO,SI,1.0,Quebrada,0.55,LITROS POR SEGUNDO,0.7,C,1,1.0,A,1.0,Sedimentación,1.0,A,3.0,90000.0,LITROS,6.0,MESES,0.85,B,3.0,12.0,50.0,0.0,0.0,Mayor de 100 m,1.0,A,0.4,LITROS POR SEGUNDO,No se realiza,No,,MILIGRAMOS POR LITRO,2019-09-25,No aplica,2019-09-25,No aplica,2019-09-25,1.0,0.8783,0.8,0.5,0.7946,2
2019-09-18,,ABASTO EL CARMEN,182028,Colombia,"CUNDINAMARCA,PULÍ,El Carmen",CUNDINAMARCA,PULÍ,El Carmen,4.73684,-74.67973,1309.0,25580000,,1994.0,2.0,1.0,"EL CARMEN SECTOR ALTO, EL CARMEN SECTOR BAJO",ASOCIACIÓN ADMINISTRADORA ACUEDUCTO VEREDA EL CARMEN ,139.0,50.0,,25000000.0,,SI,NO,NO,NO,NO,SI,2.0,Quebrada,0.63,LITROS POR SEGUNDO,0.7,C,2,1.0,A,2.0,"Sedimentación, Sedimentación",0.85,B,2.0,100000.0,LITROS,6.0,MESES,0.7,C,2.0,24.0,50.0,0.0,0.0,Mayor de 100 m,1.0,A,0.35,LITROS POR SEGUNDO,No se realiza,No,,MILIGRAMOS POR LITRO,2019-09-25,No aplica,2019-09-25,No aplica,2019-09-25,1.0,0.8367,0.8,0.425,0.7654,2
2019-09-18,,ACUEDUCTO ASOHONDA,182098,Colombia,"CUNDINAMARCA,CHÍA,Yerbabuena",CUNDINAMARCA,CHÍA,Yerbabuena,4.83109,-74.01086,2962.0,25-175-008,,2009.0,6.0,1.0,"CAMINO NEGRO, EL COLEGIO, EL ESPEJO , LA CAPILLA, PAN DE AZUCAR, PETACA",ASOCIACION DE USUSARIOS DEL ACUEDUCTO QUEBRANDA HONDA DE LA VEREDA YERBABUENA,531.0,147.0,Otros,120000000.0,600000.0,SI,NO,NO,NO,SI,SI,1.0,Quebrada,1.33,LITROS POR SEGUNDO,1.0,A,1,1.0,A,1.0,Sedimentación,1.0,A,1.0,72000.0,LITROS,6.0,MESES,0.85,B,4.0,8.0,147.0,147.0,147.0,Mayor de 100 m,1.0,A,1.3,LITROS POR SEGUNDO,No se realiza,No,,MILIGRAMOS POR LITRO,2019-09-26,No aplica,2019-09-26,No aplica,2019-09-26,1.0,0.9602,1.0,0.5,0.865,2
2019-09-19,,ABASTO DE AGUA SAGRADO CORAZÓN,182106,Colombia,"CUNDINAMARCA,UBALÁ,SAGRADO CORAZÓN",CUNDINAMARCA,UBALÁ,SAGRADO CORAZÓN,4.740958,-73.543392,2110.0,25-839-000,,1990.0,4.0,1.0,"CUARTO DEL ROSARIO, PIE DE LOMA, SECTOR PIEDRA DE SAL, TABOR",ASOCIACION DE USUARIOS DEL SERVICIO DE ACUEDUCTO DE LA VEREDA SAGRADO CORAZON,254.29147465437788,82.0,,1500000.0,,SI,NO,NO,NO,SI,SI,1.0,Quebrada,5.0,LITROS POR SEGUNDO,0.7,C,1,1.0,A,,,,,1.0,60000.0,LITROS,6.0,MESES,0.85,B,1.0,24.0,82.0,0.0,0.0,Mayor de 100 m,1.0,A,1.74,LITROS POR SEGUNDO,No se realiza,No,,MILIGRAMOS POR LITRO,2019-09-26,No aplica,2019-09-26,No aplica,2019-09-26,1.0,0.8783,1.0,0.1,0.7446,2
2019-09-19,,ABASTO DE AGUA ASOSAGUPO,182112,Colombia,"CUNDINAMARCA,UBALÁ,SAN PABLO",CUNDINAMARCA,UBALÁ,SAN PABLO,4.733972,-73.512031,2014.0,,,2001.0,6.0,1.0,"ALTO SAN PABLO, BUENA VISTA, NAZARETH, SAN JOSE BAJO, SAN PABLO BAJO, SECTOR ALTO SAN JOSE","ASOCIACION DE USUARIOS DEL SERVICIO DE ACUEDUCTO DE LAS VEREDAS SANTA MARIA-SAN JOSE Y SAN PABLO ""ASOSAGUPO""",523.6470588235294,130.0,,,,SI,NO,NO,NO,SI,SI,1.0,Quebrada,1.2,METROS CÚBICOS POR SEGUNDO,0.0,D,1,0.0,D,1.0,Sedimentación,1.0,A,1.0,180000.0,LITROS,6.0,MESES,0.85,B,5.0,24.0,130.0,0.0,0.0,Mayor de 100 m,1.0,A,1.74,LITROS POR SEGUNDO,No se realiza,No,,MILIGRAMOS POR LITRO,2019-09-26,No aplica,2019-09-26,No aplica,2019-09-26,1.0,0.0,0.8,0.5,0.575,2
2019-09-26,,ACUEDUCTO ACUVE,182113,Colombia,"CUNDINAMARCA,ZIPAQUIRÁ,Empalizado",CUNDINAMARCA,ZIPAQUIRÁ,Empalizado,5.08259,-74.04311,3316.0,,,2002.0,3.0,1.0,"SECTOR  CASTAÑEDA , SECTOR  MALAGON, SECTOR  ROJAS",ASOCIACION DE USUARIOS DEL SERVICIO DE ACUEDUCTO DE LA VEREDA EMPALIZADO DEL MUNICIPIO DE ZIPAQUIRA,290.0,80.0,,,200000.0,SI,NO,NO,NO,SI,SI,1.0,Quebrada,4.5,LITROS POR SEGUNDO,1.0,A,2,1.0,A,1.0,Sedimentación,1.0,A,3.0,206000.0,LITROS,2.0,MESES,1.0,A,4.0,24.0,80.0,0.0,0.0,Mayor de 100 m,1.0,A,4.5,LITROS POR SEGUNDO,No se realiza,No,,MILIGRAMOS POR LITRO,2019-09-26,No aplica,2019-09-26,No aplica,2019-09-26,1.0,1.0,1.0,0.5,0.875,2
2019-09-20,,ABASTO DE AGUA VEREDAL DE SAN ISIDRO,182114,Colombia,"CUNDINAMARCA,UBALÁ,SAN ISIDRO",CUNDINAMARCA,UBALÁ,SAN ISIDRO,4.745961,-73.550275,2123.0,25-839-000,,2011.0,4.0,1.0,"LA ESCUELA, SAN ISIDRO ALTO, SAN ISIDRO BAJO, SECTOR EL LUCHAL","ASOCIACION DE USUARIOS DEL ACUEDUCTO REGIONAL SAN ISIDRO  ""ASOCUARCIA""",360.51428571428573,95.0,Otros,450000000.0,44000000.0,SI,NO,NO,NO,SI,SI,1.0,Quebrada,0.3,METROS CÚBICOS POR SEGUNDO,1.0,A,1,1.0,A,1.0,Sedimentación,1.0,A,1.0,473.18,LITROS,6.0,MESES,0.85,B,2.0,24.0,95.0,0.0,0.0,Mayor de 100 m,1.0,A,0.87,LITROS POR SEGUNDO,No se realiza,No,,MILIGRAMOS POR LITRO,2019-09-26,No aplica,2019-09-26,No aplica,2019-09-26,0.0328,0.9602,1.0,0.5,0.6233,2
2019-09-26,,ACUEDUCTO EL TRIUNFO,182144,Colombia,"CUNDINAMARCA,ZIPAQUIRÁ,VENTALARGA",CUNDINAMARCA,ZIPAQUIRÁ,VENTALARGA,5.081912,-74.044931,3290.0,25899,,2002.0,1.0,1.0,VENTA LARGA,ASOCIACION DE USUSARIOS DEL ACUEDUCTO EL TRIUNFO,74.0,40.0,Otros,60000000.0,10000000.0,SI,NO,NO,NO,SI,SI,1.0,Quebrada,0.72,LITROS POR SEGUNDO,1.0,A,2,1.0,A,1.0,Desinfección con cloro,0.2,D,1.0,60000.0,LITROS,12.37,MESES,0.2,D,1.0,24.0,40.0,33.0,33.0,Mayor de 100 m,1.0,A,0.05,LITROS POR SEGUNDO,"Sí, y funciona",No,,MILIGRAMOS POR LITRO,2018-12-19,No pasa,2019-09-26,No aplica,2019-09-26,1.0,0.6687,1.0,0.6,0.8172,2
2019-09-25,,ACUEDUCTO DISTRITO DE RIEGO,182146,Colombia,"CUNDINAMARCA,TOCANCIPÁ,EL PORVENIR",CUNDINAMARCA,TOCANCIPÁ,EL PORVENIR,4.99252,-73.91594,2591.0,25-817-014,,1997.0,2.0,1.0,"CETINA, LA ESCUELA ",DISTRITO DE RIEGO TOCANCIPA VEREDA EL PORVENIR,204.0,50.0,Otros,15000000.0,600000.0,SI,SI,NO,NO,SI,SI,1.0,Pozo Perforado,0.3,LITROS POR SEGUNDO,0.7,C,2,1.0,A,3.0,"Filtración lenta, Aireación (oxidación), Filtración rápida",0.55,C,2.0,145000.0,LITROS,1.0,MESES,1.0,A,2.0,8.0,50.0,0.0,0.0,Mayor de 100 m,0.4,C,0.3,LITROS POR SEGUNDO,No se realiza,No,,MILIGRAMOS POR LITRO,2019-09-26,No aplica,2019-09-26,No aplica,2019-09-26,1.0,0.7274,0.2,0.275,0.5506,2
2019-09-25,,ACUEDUCTO EL ROBLE,182148,Colombia,"CUNDINAMARCA,GACHANCIPÁ,EL ROBLE",CUNDINAMARCA,GACHANCIPÁ,EL ROBLE,4.98035,-73.88314,2587.0,25-295-006,,2000.0,9.0,1.0,"BERNALES, BETANIA, EL RINCONCITO, GARNICA, LA MANA BAJA , MANA ALTA, PARTE BAJA , SAN MARINO , ZAPATICO",ASOCIACIÓN  DE SUSCRIPTORES DEL SERVICIO DE ACUEDUCTO DE LA VEREDA EL ROBLE,2070.0,520.0,Otros,5000000.0,48000000.0,SI,SI,NO,NO,SI,SI,2.0,Pozo Perforado,12.5,LITROS POR SEGUNDO,1.0,A,2,1.0,A,2.0,"Desinfección con cloro, Aireación (oxidación)",0.775,B,3.0,224000.0,LITROS,6.0,MESES,0.85,B,6.0,24.0,520.0,520.0,520.0,Mayor de 100 m,1.0,A,6.5,LITROS POR SEGUNDO,"Sí, y funciona",No,,MILIGRAMOS POR LITRO,2019-09-26,No aplica,2019-09-26,No aplica,2019-09-26,1.0,0.9602,0.6,0.8875,0.8619,2
2019-09-27,,ABASTO INTEGRADO MIÑA,182187,Colombia,"CUNDINAMARCA,GUACHETÁ,Miña",CUNDINAMARCA,GUACHETÁ,Miña,5.407436,-73.690255,2685.0,25317,,1992.0,1.0,1.0,MIÑA,ACUEDUCTO INTEGRADO MIÑA,360.0,90.0,Plan Departamental de Agua,80000000.0,,SI,NO,NO,NO,SI,SI,1.0,Ojo de agua o manantial,1.5,LITROS POR SEGUNDO,0.0,D,1,1.0,A,1.0,Sedimentación,1.0,A,1.0,113.56,LITROS,6.0,MESES,0.7,C,1.0,24.0,90.0,0.0,0.0,Mayor de 100 m,1.0,A,0.9,LITROS POR SEGUNDO,No se realiza,No,,MILIGRAMOS POR LITRO,2019-09-27,No aplica,2019-09-27,No aplica,2019-09-27,0.0079,0.0,0.8,0.5,0.327,2
2019-09-17,,ACUEDUCTO ASOCIACIÓN DE USUARIOS DEL ACUEDUCTO DE LAS VEREDAS LA LAGUNA LA ESMERALDA Y OTRAS ,182285,Colombia,"CUNDINAMARCA,ANOLAIMA,La Laguna",CUNDINAMARCA,ANOLAIMA,La Laguna,4.793974,-74.455455,1619.0,25 040 000,,1991.0,5.0,1.0,"BOQUERON DE ILO, LA LAGUNA, PLATANAL, SAN ISIDRO, SANTA BARBARA","ASOCIACIÓN DE USUARIOS DEL ACUEDUCTO LA LAGUNA, LA ESMERALDA Y OTROS",808.0,202.0,Otros,1000000.0,,SI,NO,NO,NO,NO,NO,1.0,Quebrada,20.0,LITROS POR SEGUNDO,0.7,C,1,0.7,C,5.0,"Coagulación y Floculación, Sedimentación, Desinfección con cloro, Filtración lenta, Sedimentación",0.82,B,4.0,137000.0,LITROS,2.0,MESES,1.0,A,4.0,24.0,202.0,202.0,202.0,Mayor de 100 m,0.7,C,2.7,LITROS POR SEGUNDO,"Sí, y funciona","Sí, pero no de maner mayoritaria",0.04,MILIGRAMOS POR LITRO,2019-05-10,No pasa,2019-09-30,No pasa,2019-09-30,1.0,0.7653,0.2,0.91,0.7188,2
2019-09-20,,"ACUEDUCTO REGIONAL RANCHERIA, PEÑAS, FRONTERA Y CABRERA",182293,Colombia,"CUNDINAMARCA,GUACHETÁ,Rancheria",CUNDINAMARCA,GUACHETÁ,Rancheria,5.40552,-73.651626,3006.0,25317,,1992.0,10.0,1.0,"ARRAYANES, CABRERA, CABRERA SECTOR ALTO, EL ALTO , FRONTERA ALTO, PEÑAS SECTOR ALTO, PEÑAS SECTOR BAJO, RANCHERIA, SANTUARIO BAJO, SANTUARIO LA ESPERANZA","ASOCIACIÓN DE USUARIOS DEL ACUEDUCTO REGIONAL VEREDAS:RANCHERIA,PEÑAS,FRONTERA Y CABRERA",1480.3495145631068,390.0,Otros,150000000.0,60000000.0,SI,NO,NO,NO,SI,SI,1.0,Ojo de agua o manantial,12.0,LITROS POR SEGUNDO,1.0,A,2,1.0,A,1.0,Filtración rápida,1.0,A,5.0,125000.0,LITROS,6.0,MESES,0.85,B,10.0,24.0,393.0,393.0,393.0,Mayor de 100 m,1.0,A,6.0,LITROS POR SEGUNDO,"Sí, y funciona",No,0.05,MILIGRAMOS POR LITRO,2019-08-30,Sí pasa,2019-08-30,Sí pasa,2019-08-30,1.0,0.9602,0.8,1.0,0.9401,2
2019-09-16,,ACUEDUCTO ASOCIACION DE SUSCRIPTORES SAN AGUSTIN ,182311,Colombia,"CUNDINAMARCA,ANOLAIMA,San Agustin",CUNDINAMARCA,ANOLAIMA,San Agustin,4.80776,-74.457028,1783.0,25 040 000,,2001.0,1.0,1.0,SAN AGUSTIN,ASOCIACIÓN DE SUSCRIPTORES ACUEDUCTO SAN AGUSTIN,748.0,187.0,,3500000.0,,SI,NO,NO,NO,NO,SI,1.0,Quebrada,12.0,LITROS POR SEGUNDO,0.7,C,1,0.7,C,8.0,"Coagulación y Floculación, Sedimentación, Coagulación y Floculación, Desinfección con cloro, Sedimentación, Sedimentación, Filtración lenta, Filtración lenta",0.9625,A,3.0,130000.0,LITROS,2.0,MESES,1.0,A,2.0,24.0,187.0,187.0,187.0,Mayor de 100 m,1.0,A,2.5,LITROS POR SEGUNDO,"Sí, y funciona","Sí, pero no de maner mayoritaria",,MILIGRAMOS POR LITRO,2019-09-30,No aplica,2019-09-30,No aplica,2019-09-30,1.0,0.8367,0.6,0.9812,0.8545,2
2019-09-18,,ABASTO VEREDAL SAN RAFAEL SANTA BARBARA Y SANTA ANA,182372,Colombia,"CUNDINAMARCA,ANOLAIMA,Vereda Santa Barbara",CUNDINAMARCA,ANOLAIMA,Vereda Santa Barbara,4.835285,-74.436651,2283.0,25 040 000,,2005.0,3.0,1.0,"SAN RAFAEL , SANTA ANA, SANTA BARBARA","ASOCIACIÓN DE USUARIOS DEL ACUEDUCTO VEREDAL SAN RAFAEL, SANTA BARBARA Y SANTA ANA AQUASAN",892.0,223.0,,25000000.0,,SI,NO,NO,NO,NO,SI,1.0,Quebrada,10.0,LITROS POR SEGUNDO,1.0,A,1,1.0,A,1.0,Sedimentación,0.85,B,1.0,143000.0,LITROS,6.0,MESES,0.85,B,2.0,24.0,223.0,223.0,223.0,Mayor de 100 m,1.0,A,1.6,LITROS POR SEGUNDO,No se realiza,"Sí, pero no de maner mayoritaria",,MILIGRAMOS POR LITRO,2019-10-01,No aplica,2019-10-01,No aplica,2019-10-01,1.0,0.9602,0.6,0.425,0.7463,2
2022-03-22,,ABASTO DE AGUA DEL ESPINO,182383,Colombia,"CUNDINAMARCA,FOSCA,EL ESPINO,EL ESPINO ALTO",CUNDINAMARCA,FOSCA,"EL ESPINO,EL ESPINO ALTO",4.333294,-73.909565,1885.0,2528100402,,1980.0,2.0,1.0,"EL CRUCE, EL ESPINO ALTO",GESTIÓN COMUNITARIA AGUAS DEL ESPINO,86.0,28.0,Otros,4000000.0,5000000.0,SI,NO,NO,NO,NO,SI,1.0,Otras,4.0,LITROS POR SEGUNDO,0.0,D,1,1.0,A,,,,,1.0,40000.0,LITROS,3.0,MESES,0.85,B,2.0,24.0,28.0,0.0,0.0,Mayor de 100 m,1.0,A,4.0,LITROS POR SEGUNDO,No se realiza,"Sí, pero no de maner mayoritaria",,MILIGRAMOS POR LITRO,,No aplica,2019-10-01,No aplica,2019-10-01,1.0,0.0,0.8,0.2,0.5,2
2022-04-17,,ABASTO VEREDA PALOQUEMAO PARTE ALTA,182503,Colombia,"CUNDINAMARCA,ZIPACÓN,PALO QUEMAO - ZELANDIA",CUNDINAMARCA,ZIPACÓN,PALO QUEMAO - ZELANDIA,4.730458,-74.4074,2200.0,,,1986.0,4.0,1.0,"EL CHIRIMOLLO, LA ESCUELA, QUEBRADA EL OBISPO, SECTOR MALVINAS",ASOCIACIÓN DE USUARIOS DE ACUEDUCTO DE LA VEREDA PALOQUEMADO PARTE ALTA MUNICIPIO ZIPACON,242.0,54.0,Otros,700000.0,40000000.0,SI,NO,NO,NO,NO,SI,1.0,Quebrada,3.0,LITROS POR SEGUNDO,0.7,C,1,1.0,A,1.0,Sedimentación,0.85,B,4.0,60000.0,LITROS,1.0,MESES,1.0,A,1.0,24.0,54.0,0.0,0.0,Mayor de 100 m,1.0,A,3.0,LITROS POR SEGUNDO,No se realiza,No,,MILIGRAMOS POR LITRO,,No aplica,2019-10-03,No aplica,2019-10-03,1.0,0.9147,0.8,0.425,0.7849,2
2019-09-16,,ACUEDUCTO ASOAPUEBLOVIEJO - PUEBLO VIEJO,182504,Colombia,"CUNDINAMARCA,ZIPACÓN,PUEBLO VIEJO",CUNDINAMARCA,ZIPACÓN,PUEBLO VIEJO,4.78009,-74.38007,2790.2,25898002,,1969.0,6.0,1.0,"SECTOR CHUSCAL , SECTOR CITAS , SECTOR HERRERAS, SECTOR MOLINA , SECTOR PATIBOLAS, SECTOR SALTO DEL CONEJO ",ASOCIACIÓN DE USUARIOS DEL ACUEDUCTO PUEBLO VIEJO-ASOPUEBLOVIEJO,448.0,137.0,,,,SI,NO,NO,NO,NO,SI,1.0,Ojo de agua o manantial,2.0,LITROS POR SEGUNDO,1.0,A,1,1.0,A,3.0,"Filtración rápida, Coagulación y Floculación, Desinfección con cloro",1.0,A,3.0,120000.0,LITROS,3.0,MESES,0.85,B,6.0,24.0,137.0,137.0,137.0,Mayor de 100 m,1.0,A,2.0,LITROS POR SEGUNDO,"Sí, y funciona",No,,MILIGRAMOS POR LITRO,2019-10-03,No aplica,2019-10-03,No aplica,2019-10-03,1.0,0.9602,1.0,1.0,0.99,2
2019-09-19,,ACUEDUCTO ASOBERMEO ,182506,Colombia,"CUNDINAMARCA,FACATATIVÁ,BERMEO",CUNDINAMARCA,FACATATIVÁ,BERMEO,4.85576,-74.29898,2762.3,25269000,,2004.0,9.0,1.0,"ARRAYANES ALTO, ARRAYANES BAJO, BERMEO ALTO, BERMEO BAJO, SECTOR ALTAMIRA, SECTOR LA ESCUELA, SECTOR MOYOS, SECTOR PASO ANCHO ALTO, SECTOR PASO ANCHO BAJO ",ASOCIACIÓN DE USUARIOS ACUEDUCTO BERMEO ASOBERMEO ,2011.0,526.0,,,,SI,SI,NO,NO,NO,SI,1.0,Pozo Perforado,13.0,LITROS POR SEGUNDO,1.0,A,2,1.0,A,4.0,"Sedimentación, Desinfección con cloro, Filtración rápida, Coagulación y Floculación",1.0,A,10.0,340000.0,LITROS,3.0,MESES,0.85,B,8.0,24.0,526.0,526.0,470.0,Mayor de 100 m,1.0,A,13.0,LITROS POR SEGUNDO,"Sí, y funciona","Sí, pero no de maner mayoritaria",1.5,MILIGRAMOS POR LITRO,2019-07-05,No pasa,2019-10-03,No pasa,2019-10-03,1.0,0.9602,0.8,1.0,0.9401,2
2019-09-26,,ACUEDUCTO TIERRA MORADA,182508,Colombia,"CUNDINAMARCA,FACATATIVÁ,Tierra Morada",CUNDINAMARCA,FACATATIVÁ,Tierra Morada,4.87343,-74.28379,2950.8,25269000,,2009.0,8.0,1.0,"SECTOR ESCUELA ALTA, SECTOR ESCUELA BAJA, SECTOR LINEA 3, SECTOR MIRADOR, SECTOR TIERRA GRATA ALTA, TIERRA MORADA ALTA, TIERRA MORADA BAJA, TIERRA MORADA LINEA CENTRO","ASOCIACIÓN DE ACUEDUCTO Y ALCANTARILLADO VEREDA TIERRA MORADA, FACATATIVA",1420.0,387.0,,,30000000.0,SI,SI,NO,NO,NO,NO,1.0,Pozo Perforado,5.0,LITROS POR SEGUNDO,1.0,A,1,1.0,A,4.0,"Sedimentación, Filtración rápida, Coagulación y Floculación, Desinfección con cloro",1.0,A,3.0,400000.0,LITROS,1.0,MESES,1.0,A,8.0,2.0,387.0,387.0,327.0,Mayor de 100 m,1.0,A,5.0,LITROS POR SEGUNDO,"Sí, y funciona",No,0.06,MILIGRAMOS POR LITRO,2019-08-20,No pasa,2019-10-03,No pasa,2019-10-03,1.0,1.0,0.8,1.0,0.95,2
2019-10-03,,ABASTO VEREDA SANTA BARBARA,182514,Colombia,"CUNDINAMARCA,QUEBRADANEGRA,Santa Barbara",CUNDINAMARCA,QUEBRADANEGRA,Santa Barbara,5.085296,-74.471128,1370.0,25-592-000,,1994.0,8.0,1.0,"CARRASCO, EL CHIPO, EL SILENCIO, EL ZAPOTAL, JAGUAL, SANTA BARABARA PARTE ALTA, SANTA BARBARA BAJA, SANTA BARBARA CENTRO",ASOCIACION DE USUARIOS ACUEDUCTO VEREDA SANTA BARBARA,135.9060606060606,52.0,,6000000.0,41000000.0,SI,NO,NO,NO,SI,SI,1.0,Ojo de agua o manantial,0.8,LITROS POR SEGUNDO,0.7,C,1,0.0,D,,,,,1.0,25000.0,LITROS,6.0,MESES,0.55,C,5.0,24.0,48.0,48.0,48.0,Menor de 100 m,1.0,A,0.8,LITROS POR SEGUNDO,No se realiza,No,,MILIGRAMOS POR LITRO,2019-10-03,No pasa,2019-10-03,No pasa,2019-10-03,1.0,0.0,0.4,0.1,0.375,2
2019-09-17,,ABASTO VEREDAL REVENTONES ASUACED,182546,Colombia,"CUNDINAMARCA,ANOLAIMA",CUNDINAMARCA,ANOLAIMA,,4.835285,-74.436651,2283.0,25 040 000,,2000.0,10.0,1.0,"BOQUERON DE ILO, CHINIATA, EL DESCANSO, EL RETIRO, LA LUCHIMA, PALO BLANCO, PLATANAL, RINCON SANTO, SAN AGUSTIN, SANTO DOMINGO ALTO",ASOCIACION DE USUARIOS ACUEDUCTO VEREDAL REVENTONES ASUACED,2651.0,692.0,Otros,25000000.0,,SI,NO,NO,NO,NO,SI,1.0,Quebrada,10.0,LITROS POR SEGUNDO,1.0,A,1,0.7,C,1.0,Sedimentación,0.85,B,3.0,317000.0,LITROS,2.0,MESES,1.0,A,7.0,24.0,692.0,692.0,692.0,Mayor de 100 m,0.7,C,4.7,LITROS POR SEGUNDO,No se realiza,"Sí, pero no de maner mayoritaria",,MILIGRAMOS POR LITRO,2019-10-03,No aplica,2019-10-03,No aplica,2019-10-03,1.0,0.8367,0.8,0.425,0.7654,2
2019-09-15,,"ABASTO VEREDAS BALSILLAS, LOS BALSOS,CORAMA SAN ISIDRO ,MATIMA  BALCOSOMA",182701,Colombia,"CUNDINAMARCA,ANOLAIMA,Balsillas",CUNDINAMARCA,ANOLAIMA,Balsillas,4.794021,-74.438684,1650.0,25 040 000,,2012.0,5.0,1.0,"BALSILLAS, CORAMA, LOS BALSOS, MATIMA, SAN ISIDRO","ASOCIACIÓN DE USUARIOS DEL ACUEDUCTO DE LAS VEREDAS BALSILLAS, LOS BALSOS, CORAMA, SAN ISIDRO Y MATIMA BALCOSAMA",1621.0,411.0,Otros,50000000.0,,SI,NO,NO,NO,NO,SI,1.0,Quebrada,13.0,LITROS POR SEGUNDO,1.0,A,2,1.0,A,1.0,Sedimentación,1.0,A,3.0,200000.0,LITROS,2.0,MESES,0.85,B,5.0,24.0,411.0,411.0,411.0,Mayor de 100 m,0.7,C,2.8,LITROS POR SEGUNDO,No se realiza,"Sí, pero no de maner mayoritaria",,MILIGRAMOS POR LITRO,2019-10-06,No aplica,2019-10-06,No aplica,2019-10-06,1.0,0.8783,0.8,0.5,0.7946,2
2019-09-06,,ABASTO EL PALMAR – RINCÓN SANTO,182714,Colombia,"CUNDINAMARCA,BITUIMA,Rincon Santo",CUNDINAMARCA,BITUIMA,Rincon Santo,4.79567,-74.52463,1833.0,25095000,,1985.0,2.0,1.0,"RINCÓN SANTO PARTE ALTA, RINCÓN SANTO -SECTOR EL PALMAR ",ASOCIACIÓN DE SUSCRIPTORES DEL ACUEDUCTO EL PALMAR RINCÓN SANTO,292.0,73.0,,15000000.0,,SI,NO,NO,NO,NO,NO,1.0,Quebrada,0.45,LITROS POR SEGUNDO,0.4,C,2,0.7,C,1.0,Sedimentación,0.85,B,3.0,80000.0,LITROS,8.0,MESES,0.55,C,3.0,8.0,73.0,0.0,0.0,Mayor de 100 m,1.0,A,0.5,LITROS POR SEGUNDO,No se realiza,No,,MILIGRAMOS POR LITRO,2019-10-07,No aplica,2019-10-07,No aplica,2019-10-07,1.0,0.6264,0.8,0.425,0.7128,2
2019-08-21,,ABASTO APOSENTOS,182715,Colombia,"CUNDINAMARCA,BITUIMA,Aposentos",CUNDINAMARCA,BITUIMA,Aposentos,4.84655,-74.53668,1619.0,25095000,,1980.0,5.0,2.0,"APOSENTOS PARTE ALTA, APOSENTOS PARTE BAJA, EL BARRIO, VOLCAN ALTO, VOLCAN PARTE BAJA					","ASOCIACION DE USUARIOS DEL ACUEDUCTO VEREDAL APOSENTOS, ASOCIACIÓN DE USUARIOS DEL ACUEDUCTO VOLCÁN APOSENTOS ",310.3235294117647,105.0,,40000000.0,40000000.0,SI,NO,NO,NO,NO,SI,1.0,Quebrada,1.7,LITROS POR SEGUNDO,1.0,A,2,1.0,A,1.0,Sedimentación,0.85,B,6.0,100037.85,LITROS,6.0,MESES,0.85,B,7.0,24.0,95.0,95.0,95.0,Mayor de 100 m,1.0,A,1.1,LITROS POR SEGUNDO,No se realiza,No,,MILIGRAMOS POR LITRO,2019-10-07,No aplica,2019-10-07,No aplica,2019-10-07,1.0,0.9602,1.0,0.425,0.8463,2
2019-08-16,,ABASTO CAMBULAR,182716,Colombia,"CUNDINAMARCA,BITUIMA,Cambular",CUNDINAMARCA,BITUIMA,Cambular,4.88951,-74.53806,1651.0,25095000,,1999.0,3.0,1.0,"CAMBULAR, CAMBULAR SECTOR ALTO DE LA CRUZ, PERIQUITO SECTOR SAN FELIPE 2",ASOCIACIÓN DE USUARIOS DEL SERVICIO DE ACUEDUCTO DE LA VEREDA CAMBULAR- ASUACACEPE,254.4,68.0,,25000000.0,,SI,NO,NO,NO,NO,SI,1.0,Quebrada,0.5,LITROS POR SEGUNDO,0.7,C,1,0.4,C,1.0,Sedimentación,0.4,C,2.0,120000.0,LITROS,6.0,MESES,0.7,C,4.0,4.0,68.0,0.0,0.0,Mayor de 100 m,1.0,A,0.65,LITROS POR SEGUNDO,No se realiza,No,,MILIGRAMOS POR LITRO,2019-10-07,No aplica,2019-10-07,No aplica,2019-10-07,1.0,0.6654,0.6,0.2,0.6164,2
2019-09-04,,ABASTO EL PROGRESO - ASUAPROGRE,182717,Colombia,"CUNDINAMARCA,BITUIMA,PROGRESO",CUNDINAMARCA,BITUIMA,PROGRESO,4.79518,-74.555932,1970.0,25095000,,2003.0,1.0,1.0,EL PROGRESO PARTE BAJA,ASOCIACIÓN DE USUARIOS DEL ACUEDUCTO DE LA VEREDA EL PROGRESO- ASUAPROGRE,57.39999999999999,14.0,,15000000.0,,SI,NO,NO,NO,SI,SI,1.0,Quebrada,1.7,LITROS POR SEGUNDO,1.0,A,1,1.0,A,1.0,Sedimentación,1.0,A,1.0,30000.0,LITROS,6.0,MESES,0.85,B,1.0,24.0,14.0,0.0,0.0,Mayor de 100 m,1.0,A,0.15,LITROS POR SEGUNDO,No se realiza,No,,MILIGRAMOS POR LITRO,2019-10-07,No aplica,2019-10-07,No aplica,2019-10-07,1.0,0.9602,0.6,0.5,0.7651,2
2019-09-04,,ABASTO GALLINAZO,182718,Colombia,"CUNDINAMARCA,BITUIMA,Montaña",CUNDINAMARCA,BITUIMA,Montaña,4.79644,-74.55482,1958.0,25095000,,2002.0,4.0,1.0,"APOSENTOS PARTE ALTA, CARACOL, GUALIVA ALTO, MONTAÑA PARTE BAJA",ASOCIACIÓN DE USUARIOS DEL ACUEDUCTO ASUAGALLINAZO,317.4117647058824,85.0,,15000000.0,,SI,NO,NO,NO,NO,SI,1.0,Quebrada,0.95,LITROS POR SEGUNDO,1.0,A,2,1.0,A,1.0,Sedimentación,1.0,A,3.0,15113.56,LITROS,6.0,MESES,0.85,B,4.0,24.0,85.0,0.0,0.0,Mayor de 100 m,1.0,A,0.04,LITROS POR SEGUNDO,No se realiza,No,,MILIGRAMOS POR LITRO,2019-10-07,No aplica,2019-10-07,No aplica,2019-10-07,1.0,0.9602,0.6,0.5,0.7651,2
2019-09-04,,ABASTO GUALIVA,182719,Colombia,"CUNDINAMARCA,BITUIMA,Gualiva",CUNDINAMARCA,BITUIMA,Gualiva,4.80223,-74.55129,1775.0,25095000,,1998.0,2.0,1.0,"GUALIVA BAJO, GUALIVA MEDIO",ASOCIACIÓN DE USUARIOS DEL SERVICIO DE ACUEDUCTO DE LA VEREDA GUALIVA,98.0,47.0,,25000000.0,,SI,NO,NO,NO,NO,SI,1.0,Quebrada,2.1,LITROS POR SEGUNDO,1.0,A,2,1.0,A,1.0,Sedimentación,1.0,A,1.0,90000.0,LITROS,6.0,MESES,0.85,B,1.0,24.0,54.0,0.0,0.0,Mayor de 100 m,1.0,A,0.45,LITROS POR SEGUNDO,No se realiza,No,,MILIGRAMOS POR LITRO,2019-10-07,No aplica,2019-10-07,No aplica,2019-10-07,1.0,0.9602,1.0,0.5,0.865,2
2019-09-04,,ABASTO LA SIERRA,182721,Colombia,"CUNDINAMARCA,BITUIMA,LA SIERRA",CUNDINAMARCA,BITUIMA,LA SIERRA,4.79181,-74.55457,2037.0,25095003,,1998.0,3.0,1.0,"EL PROGRESO SECTOR ALTO, LA SIERRA SECTOR 1, LA SIERRA SECTOR 2",ASOCIACIÓN DE USUARIOS DE ACUEDUCTO LA SIERRA 1,799.0,210.0,,40000000.0,,SI,SI,NO,NO,SI,SI,1.0,Ojo de agua o manantial,2.5,LITROS POR SEGUNDO,1.0,A,1,1.0,A,,,,,2.0,74000.0,LITROS,6.0,MESES,0.85,B,2.0,24.0,205.0,205.0,205.0,Mayor de 100 m,1.0,A,1.45,LITROS POR SEGUNDO,No se realiza,No,,MILIGRAMOS POR LITRO,2019-10-07,No aplica,2019-10-07,No aplica,2019-10-07,1.0,0.9602,1.0,0.0,0.74,2
2019-08-16,,ABASTO PERIQUITO,182723,Colombia,"CUNDINAMARCA,BITUIMA,Periquito",CUNDINAMARCA,BITUIMA,Periquito,4.8801,-74.5409,1432.0,25095000,,1985.0,1.0,1.0,PERIQUITO SECTOR SANTA ROSA,ASOCIACIÓN DE ACUEDUCTO EL RENACER DE LA VEREDA PERIQUITO- ALBIPER,180.0,45.0,,20000000.0,,SI,NO,NO,NO,NO,SI,1.0,Quebrada,0.4,LITROS POR SEGUNDO,0.0,D,2,0.4,C,1.0,Sedimentación,0.2,D,2.0,15000.0,LITROS,6.0,MESES,0.85,B,2.0,8.0,45.0,0.0,0.0,Mayor de 100 m,0.7,C,0.32,LITROS POR SEGUNDO,No se realiza,No,,MILIGRAMOS POR LITRO,2019-10-07,No aplica,2019-10-07,No aplica,2019-10-07,1.0,0.0,0.8,0.1,0.475,2
2019-08-16,,ABASTO CENTRO - ASUAVECEN,182727,Colombia,"CUNDINAMARCA,BITUIMA,Centro",CUNDINAMARCA,BITUIMA,Centro,4.890697,-74.535784,1550.0,25095000,,2001.0,1.0,1.0,VEREDA CENTRO PARTE ALTA,ASOCIACIÓN DE USUARIOS DE ACUEDUCTO DE LA VEREDA CENTRO- AUSAVECEN,196.2962962962963,50.0,,10000000.0,40000000.0,SI,NO,NO,NO,NO,SI,1.0,Quebrada,1.18,LITROS POR SEGUNDO,0.0,D,1,0.7,C,1.0,Sedimentación,0.55,C,1.0,10000.0,LITROS,6.0,MESES,0.7,C,2.0,24.0,50.0,50.0,50.0,Mayor de 100 m,0.7,C,0.4,LITROS POR SEGUNDO,No se realiza,No,,MILIGRAMOS POR LITRO,2019-10-07,No aplica,2019-10-07,No aplica,2019-10-07,1.0,0.0,0.6,0.275,0.4688,2
2019-09-04,,ABASTO LAS MANITAS,182731,Colombia,"CUNDINAMARCA,BITUIMA",CUNDINAMARCA,BITUIMA,,4.793098,-74.518615,1729.0,25095000,,1990.0,1.0,1.0,RINCÓN SANTO PARTE ALTA,ASOCIACIÓN LAS MANITAS 1,100.0,25.0,,20000000.0,,SI,NO,NO,NO,NO,NO,1.0,Ojo de agua o manantial,0.3,LITROS POR SEGUNDO,0.0,D,1,0.7,C,1.0,Sedimentación,0.5,C,2.0,65000.0,LITROS,12.0,MESES,0.2,D,1.0,4.0,25.0,0.0,0.0,Mayor de 100 m,0.4,C,0.38,LITROS POR SEGUNDO,No se realiza,No,,MILIGRAMOS POR LITRO,2019-10-07,No aplica,2019-10-07,No aplica,2019-10-07,1.0,0.0,0.8,0.25,0.5125,2
2019-09-19,,ABASTO LA CHACARA,182738,Colombia,"CUNDINAMARCA,BELTRÁN,La Chacara",CUNDINAMARCA,BELTRÁN,La Chacara,4.75561,-74.72934,981.0,25086005,,1985.0,1.0,1.0,LA CHACARA,JUNTA DE ACCIÓN COMUNAL VEREDA LA CHACARA,86.0,23.0,,15000000.0,,SI,NO,NO,NO,NO,SI,1.0,Ojo de agua o manantial,0.18,LITROS POR SEGUNDO,0.0,D,1,0.4,C,,,,,1.0,20000.0,LITROS,12.0,MESES,0.4,C,1.0,12.0,23.0,0.0,0.0,Mayor de 100 m,0.7,C,0.15,LITROS POR SEGUNDO,No se realiza,No,,MILIGRAMOS POR LITRO,2019-10-07,No aplica,2019-10-07,No aplica,2019-10-07,1.0,0.0,0.8,0.0,0.45,2
2019-09-19,,ABASTO EL TABOR ,182740,Colombia,"CUNDINAMARCA,BELTRÁN,EL TABOR",CUNDINAMARCA,BELTRÁN,EL TABOR,4.75769,-74.69417,1519.0,25086008,,1974.0,1.0,1.0,EL TABOR,ACUEDUCTO VEREDAL EL TABOR JUNTA DE ACCIÓN COMUNAL,100.0,25.0,,10000000.0,,SI,NO,NO,NO,NO,SI,1.0,Ojo de agua o manantial,0.25,LITROS POR SEGUNDO,0.0,D,2,0.4,C,,,,,2.0,40000.0,LITROS,12.0,MESES,0.4,C,2.0,12.0,25.0,0.0,0.0,Mayor de 100 m,0.7,C,0.2,LITROS POR SEGUNDO,No se realiza,No,,MILIGRAMOS POR LITRO,2019-10-07,No aplica,2019-10-07,No aplica,2019-10-07,1.0,0.0,0.8,0.0,0.45,2
2019-09-19,,ABASTO HONDURAS,182741,Colombia,"CUNDINAMARCA,BELTRÁN,Honduras",CUNDINAMARCA,BELTRÁN,Honduras,4.762206,-74.69537,1120.0,25086006,,1980.0,1.0,1.0,HONDURAS,JUNTA DE ACCIÓN COMUNAL VEREDA HONDURAS,52.25806451612903,15.0,,10000000.0,,SI,NO,NO,NO,NO,SI,1.0,Ojo de agua o manantial,0.25,LITROS POR SEGUNDO,0.4,C,2,0.4,C,1.0,Sedimentación,0.7,C,1.0,8000.0,LITROS,12.0,MESES,0.4,C,1.0,12.0,15.0,0.0,0.0,Mayor de 100 m,0.7,C,0.15,LITROS POR SEGUNDO,No se realiza,No,,MILIGRAMOS POR LITRO,2019-10-07,No aplica,2019-10-07,No aplica,2019-10-07,1.0,0.4601,0.8,0.35,0.6525,2
2019-09-04,,ABASTO EL PROGRESO - RINCÓN SANTO,182745,Colombia,"CUNDINAMARCA,BITUIMA,Palo Blanco Alto",CUNDINAMARCA,BITUIMA,Palo Blanco Alto,4.7952,-74.556,1972.0,25095000,,2019.0,3.0,1.0,"EL PROGRESO SECTOR ALTO, PALOBLANCO ALTO, PALOBLANCO BAJO","ASOCIACIÓN DE SUSCRIPTORES DEL ACUEDUCTO PROGRESO, PALOBLANCO ALTO Y BAJO Y RINCÓN SANTO",0.0,0.0,,1000000.0,,SI,NO,NO,NO,SI,SI,1.0,Quebrada,1.7,LITROS POR SEGUNDO,0.0,D,1,1.0,A,,,,,,,,,,0.0,D,,,,,,,0.0,D,0.2,LITROS POR SEGUNDO,No se realiza,No,,MILIGRAMOS POR LITRO,2019-10-07,No aplica,2019-10-07,No aplica,2019-10-07,0.0,0.0,0.8,0.0,0.2,2
2019-10-10,,ABASTO COLORADOS ,182953,Colombia,"CUNDINAMARCA,PUERTO SALGAR,COLORADOS",CUNDINAMARCA,PUERTO SALGAR,COLORADOS,5.471594,-74.566294,579.0,25572001,,2001.0,3.0,1.0,"COLORADOS, EL DINDE, EL ESTANCON",ASOCIACION DE USUARIOS DE ACUEDUCTO CENTRO POBLADO COLORADOS ,204.39999999999998,63.0,Otros,20000000.0,40000000.0,SI,NO,NO,NO,SI,SI,2.0,Quebrada,5.7,LITROS POR SEGUNDO,0.7,C,3,0.7,C,1.0,Sedimentación,0.55,C,2.0,20000.0,LITROS,4.0,MESES,0.7,C,2.0,24.0,63.0,63.0,63.0,Mayor de 100 m,0.7,C,80.0,LITROS POR SEGUNDO,No se realiza,No,,MILIGRAMOS POR LITRO,2019-10-10,No pasa,2019-10-10,No pasa,2019-10-10,1.0,0.7,0.8,0.275,0.6937,2
2019-10-11,,ABASTO DE AGUA CHILCAL BAJO,182972,Colombia,"CUNDINAMARCA,QUETAME,Chilcal Bajo",CUNDINAMARCA,QUETAME,Chilcal Bajo,4.35777,-73.87043,1970.0,25-594-000,,2017.0,1.0,1.0,LA TABLA,COMITÉ EMPRESARIAL JUNTA DE ACCIÓN COMUNAL CHIRCAL BAJO,24.0,12.0,Programas del departamento,42000000.0,,SI,NO,NO,NO,NO,SI,1.0,Ojo de agua o manantial,0.3,LITROS POR SEGUNDO,1.0,A,1,1.0,A,1.0,Sedimentación,1.0,A,1.0,10000.0,LITROS,6.0,MESES,0.7,C,1.0,24.0,12.0,0.0,0.0,Mayor de 100 m,1.0,A,0.13,LITROS POR SEGUNDO,No se realiza,No,,MILIGRAMOS POR LITRO,2019-10-11,No aplica,2019-10-11,No aplica,2019-10-11,1.0,0.9147,1.0,0.5,0.8537,2
2019-10-11,,ABASTO DE AGUA VEREDA GUACAPATE,182980,Colombia,"CUNDINAMARCA,QUETAME,Guacapate",CUNDINAMARCA,QUETAME,Guacapate,4.306622,-73.871547,1689.0,25-594-000,,2018.0,7.0,1.0,"ALTO QUIÑA, EL CARMELO, LA ESCUELA, LA PISCINA, SECTOR LOS ROJAS, TRES ESQUINAS, TRES TORRES",COMITÉ EMPRESARIAL JUNTA DE ACCIÓN COMUNAL GUACAPATE,430.94239094239094,148.0,"Otros, Programas del departamento",42000000.0,,SI,NO,NO,NO,SI,SI,1.0,Quebrada,30.0,LITROS POR SEGUNDO,0.0,D,1,0.0,D,1.0,Sedimentación,0.7,C,1.0,10000.0,LITROS,3.0,MESES,0.85,B,1.0,0.0,170.0,0.0,0.0,Mayor de 100 m,1.0,A,0.0,LITROS POR SEGUNDO,No se realiza,No,,MILIGRAMOS POR LITRO,2019-10-11,No aplica,2019-10-11,No aplica,2019-10-11,0.5802,0.0,1.0,0.35,0.4826,2
2019-10-09,,ABASTO DE AGUAS DEL RAMAL,182990,Colombia,"CUNDINAMARCA,FOSCA,RAMAL",CUNDINAMARCA,FOSCA,RAMAL,4.34155,-73.97919,2643.0,25-281-004,,1978.0,5.0,1.0,"EL RAMAL BAJO LOS RÍOS, RAMAL ALTO EL ROBLE, SAN ANTONIO ALTO , SAN ANTONIO BAJO, SECTOR LA ESCUELA",ASOCIACION DE USUARIOS DEL ACUEDUCTO INTERVEREDAL AGUAS EL RAMAL,214.4,97.0,Programa Rural,13000000.0,,SI,NO,NO,NO,NO,SI,1.0,Quebrada,20.0,LITROS POR SEGUNDO,0.0,D,1,0.0,D,1.0,Sedimentación,0.55,C,3.0,80040.0,LITROS,37.11,MESES,0.35,D,3.0,24.0,120.0,0.0,0.0,Mayor de 100 m,0.7,C,1.3,LITROS POR SEGUNDO,No se realiza,No,,MILIGRAMOS POR LITRO,2019-10-11,No aplica,2019-10-11,No aplica,2019-10-11,1.0,0.0,1.0,0.275,0.5687,2
2019-10-13,,ACUEDUCTO DE LA ASOCIACIÓN DE USUARIOS TOBIA NIMAIMA,183014,Colombia,"CUNDINAMARCA,NIMAIMA,Tobia Grande",CUNDINAMARCA,NIMAIMA,Tobia Grande,5.12378,-74.44921,665.0,25-498-001,,1983.0,10.0,1.0,"CAÑADAS ALTA, CAÑADAS BAJO, CAÑADAS SECTOR LA OLLA, CAÑADITAS ALTO, CAÑADITAS BAJA, HUNGRÍA, LA GAITANA, LA MILAGROSA, RÍO NEGRO, TOBIA CENTRO POBLADO","ASOCIACION DE USUARIOS DEL ACUEDUCTO, ALCANTARILLADO Y OTROS SERVICIOS, DE TOBIA NIMAIMA CUNDINAMARCA",918.6,246.0,,3000000.0,210000000.0,SI,NO,NO,NO,SI,SI,1.0,Quebrada,1.4,LITROS POR SEGUNDO,1.0,A,4,1.0,A,5.0,"Sedimentación, Sedimentación, Sedimentación, Coagulación y Floculación, Filtración rápida",1.0,A,2.0,180000.0,LITROS,1.0,MESES,1.0,A,6.0,24.0,246.0,246.0,246.0,Mayor de 100 m,1.0,A,1.4,LITROS POR SEGUNDO,"Sí, y funciona",No,1.47,MILIGRAMOS POR LITRO,2019-08-04,Sí pasa,2019-08-04,Sí pasa,2019-08-04,1.0,1.0,0.4,1.0,0.85,2
2019-10-10,,ACUEDUCTO COMUNAL DE LA PUNTA - TENJO,183109,Colombia,"CUNDINAMARCA,TENJO,LA PUNTA",CUNDINAMARCA,TENJO,LA PUNTA,4.82002,-74.194597,2582.0,25 - 799 - 001,,1985.0,11.0,1.0,"AUTOPISTA SECTOR NORTE, AUTOPISTA SECTOR SUR, CAMINO TENJO, CARURE, CHITASUGÁ, SECTOR CACIQUE, SECTOR DARIEN , SECTOR FIERROS , SECTOR LAS BRISAS, SECTOR LOS OROZCOS , ZONA OLAYA HERRERA",EMPRESA ASOCIATIVA  DEL ACUEDUCTO VEREDAL LA PUNTA,2537.0,639.0,Otros,10000000.0,60000000.0,SI,SI,NO,NO,SI,SI,1.0,Pozo Perforado,20.0,LITROS POR SEGUNDO,1.0,A,1,1.0,A,3.0,"Desinfección con cloro, Filtración lenta, Aireación (oxidación)",0.9,B,1.0,100000.0,LITROS,3.0,MESES,0.85,B,4.0,12.0,639.0,639.0,639.0,Mayor de 100 m,1.0,A,20.0,LITROS POR SEGUNDO,"Sí, y funciona",No,2.28,MILIGRAMOS POR LITRO,2019-10-07,Sí pasa,2019-10-07,Sí pasa,2019-10-07,0.9854,0.9602,0.6,0.95,0.8739,2
2019-10-09,,ACUEDUCTO COMUNITARIO VEREDA AGUA CLARA - NEMOCON,183132,Colombia,"CUNDINAMARCA,NEMOCÓN,AGUA CLARA",CUNDINAMARCA,NEMOCÓN,AGUA CLARA,5.04367,-73.91785,2599.0,25 - 486 - 000,,1979.0,2.0,1.0,"MORTIÑO, SECTOR AGUA CLARA ",ASOCIACION DE USUARIOS DEL SERVICIO DE ACUEDUCTO COMUNITARIO DE LA VEREDA AGUA CLARA,118.0,31.0,Otros,6000000.0,20000000.0,SI,NO,NO,NO,SI,SI,1.0,Quebrada,0.16,LITROS POR SEGUNDO,1.0,A,1,1.0,A,,,,,1.0,140000.0,LITROS,3.0,MESES,0.85,B,3.0,24.0,31.0,0.0,0.0,Mayor de 100 m,1.0,A,0.16,LITROS POR SEGUNDO,No se realiza,No,,MILIGRAMOS POR LITRO,2019-10-15,No aplica,2019-10-15,No aplica,2019-10-15,1.0,0.9602,1.0,0.1,0.7651,2
2019-09-26,,ACUEDUCTO VEREDA DEL SALITRE - TOCANCIPA ,183145,Colombia,"CUNDINAMARCA,TOCANCIPÁ,CANAVITA",CUNDINAMARCA,TOCANCIPÁ,CANAVITA,4.923895,-73.925258,2883.0,25 - 817 - 012,,2007.0,2.0,1.0,"SECTOR LOS CUBILLOS, SECTOR  SOTO  MORALES",ASOCIACIÓN VEREDAL DEL SALITRE,89.0,43.0,Otros,18000000.0,500000.0,SI,NO,NO,NO,SI,SI,1.0,Ojo de agua o manantial,0.77,LITROS POR SEGUNDO,1.0,A,1,1.0,A,,,,,2.0,55000.0,LITROS,6.0,MESES,0.85,B,3.0,24.0,43.0,0.0,0.0,Mayor de 100 m,1.0,A,0.77,LITROS POR SEGUNDO,No se realiza,No,,MILIGRAMOS POR LITRO,2019-10-16,No aplica,2019-10-16,No aplica,2019-10-16,1.0,0.9602,1.0,0.1,0.7651,2
2019-10-16,,ACUEDUCTO INTERVEREDAL SUCUNCHOQUE,183177,Colombia,"CUNDINAMARCA,VILLA DE SAN DIEGO DE UBATÉ,SUCUNCHOQUE",CUNDINAMARCA,VILLA DE SAN DIEGO DE UBATÉ,SUCUNCHOQUE,5.321113,-73.882851,2850.0,25842,,2007.0,16.0,1.0,"AGUA COLORADA, APARTADERO, BRUSELAS ALTO , CHIRCALES ALTO, EL CEDRO SECTOR BAJO, ESTANQUILLO, GUATANCUY, JUAN PABLO II SECTOR BAJO, LA LAJA, OJO DE AGUA, PUERTO SANTO , SAN LUIS, SECTOR VOLCAN  ALTO II, SOAGA BAJO, VOLCAN 1, VOLCÁN 3",ASOCIACIÓN DE USUARIOS DEL ACUEDUCTO INTERVEREDAL  SUCUNCHOQUE,5590.0,1450.0,Plan Departamental de Agua,1500000000.0,,SI,SI,NO,NO,SI,SI,1.0,Río,21.0,LITROS POR SEGUNDO,1.0,A,1,1.0,A,1.0,Filtración rápida,1.0,A,5.0,230000.0,LITROS,6.0,MESES,0.85,B,16.0,24.0,1450.0,1450.0,1450.0,Mayor de 100 m,1.0,A,12.0,LITROS POR SEGUNDO,"Sí, y funciona",No,0.05,MILIGRAMOS POR LITRO,2019-07-16,Sí pasa,2019-07-16,Sí pasa,2019-07-16,1.0,0.9602,0.8,1.0,0.9401,2
2019-10-11,,ACUEDUCTO REGIONAL EL TRIUNFO LA PAZ ,183290,Colombia,"CUNDINAMARCA,EL COLEGIO,El Triunfo",CUNDINAMARCA,EL COLEGIO,El Triunfo,4.53652,-74.447345,1355.0,25 245 001,,1999.0,11.0,1.0,"ANDALUCIA, CALICHANA, INSPECCIÓN EL TRIUNFO, LA ESMERALDA, LA ESPERANZA, LA PAZ, LA SOLEDAD, PANAMA ALTO, PANAMA BAJO , SAN LUIS, SANTO DOMINGO",ASOCIACIÓN DE SUSCRIPTORES TRIUNFO LA PAZ ,6524.0,1631.0,Otros,20000000.0,80000000.0,SI,NO,NO,NO,NO,SI,1.0,Quebrada,80.0,LITROS POR SEGUNDO,1.0,A,1,1.0,A,5.0,"Filtración lenta, Sedimentación, Sedimentación, Coagulación y Floculación, Desinfección con cloro",1.0,A,3.0,384000.0,LITROS,2.0,MESES,1.0,A,10.0,24.0,1631.0,1631.0,1631.0,Mayor de 100 m,0.7,C,11.3,LITROS POR SEGUNDO,"Sí, y funciona","Sí, pero no de maner mayoritaria",,MILIGRAMOS POR LITRO,2019-10-17,No aplica,2019-10-17,No aplica,2019-10-17,1.0,0.9147,0.8,1.0,0.9287,2
2019-10-11,,ABASTO GUACHACA LUCERNA Y OTROS ,183296,Colombia,"CUNDINAMARCA,EL COLEGIO,Lucerna",CUNDINAMARCA,EL COLEGIO,Lucerna,4.576884,-74.3911401,1700.0,25 245 001,,1996.0,5.0,1.0,"ANTIOQUIA, GUACHACA, LOS HELECHOS, LUCERNA, SANTA CECILIA",ASOCIACIÓN  INTERVEREDAL ANTIOQUIA GUACHACA Y OTROS,673.0,195.0,,10000000.0,,SI,NO,NO,NO,NO,SI,2.0,Quebrada,8.0,LITROS POR SEGUNDO,0.7,C,2,0.7,C,2.0,"Sedimentación, Sedimentación",0.85,B,1.0,48000.0,LITROS,2.0,MESES,0.85,B,5.0,24.0,195.0,0.0,0.0,Mayor de 100 m,0.7,C,1.3,LITROS POR SEGUNDO,No se realiza,"Sí, pero no de maner mayoritaria",,MILIGRAMOS POR LITRO,2019-10-17,No aplica,2019-10-17,No aplica,2019-10-17,1.0,0.7348,0.8,0.425,0.7399,2
2019-10-19,,ABASTO DE AGUA EL JUCUAL,183500,Colombia,"CUNDINAMARCA,FOSCA,JUCUAL",CUNDINAMARCA,FOSCA,JUCUAL,4.337078,-73.97072,2572.0,25-281-000,,1984.0,1.0,1.0,LA ESCUELA,JUNTA DE ACCIÓN COMUNAL DE LA VEREDA EL JUCUAL,43.0,22.0,,5000000.0,,SI,NO,NO,NO,NO,SI,1.0,Ojo de agua o manantial,1.0,LITROS POR SEGUNDO,0.4,C,1,0.4,C,,,,,1.0,500.0,LITROS,12.37,MESES,0.35,D,1.0,24.0,22.0,0.0,0.0,Mayor de 100 m,0.4,C,1.5,LITROS POR SEGUNDO,No se realiza,No,,MILIGRAMOS POR LITRO,2019-10-21,No aplica,2019-10-21,No aplica,2019-10-21,0.2908,0.3869,0.8,0.1,0.3944,2
2019-10-17,,ACUEDUCTO JUNTA DE ACCIÓN COMUNAL LA VIOLETA - SOPO,183529,Colombia,"CUNDINAMARCA,SOPÓ,La Violeta",CUNDINAMARCA,SOPÓ,La Violeta,4.86384,-73.96494,2603.0,25 - 758 - 000,,1989.0,3.0,1.0,"PARAISO,  SAN FRANCISCO, SECTOR ESCUELA LA VIOLETA ",ACUEDUCTO JUNTA DE ACCION COMUNAL LA VIOLETA,125.0,38.0,Otros,10000000.0,5000000.0,SI,SI,NO,NO,SI,SI,1.0,Ojo de agua o manantial,0.9,LITROS POR SEGUNDO,0.0,D,2,0.7,C,,,,,2.0,46000.0,LITROS,,MESES,0.35,D,1.0,24.0,38.0,0.0,0.0,Mayor de 100 m,0.7,C,0.9,LITROS POR SEGUNDO,No se realiza,No,,MILIGRAMOS POR LITRO,2019-10-22,No pasa,2019-10-22,No pasa,2019-10-22,1.0,0.0,1.0,0.1,0.525,2
2019-10-17,,ACUEDUCTO VEREDA SAN GABRIEL,183532,Colombia,"CUNDINAMARCA,SOPÓ,San Gabriel",CUNDINAMARCA,SOPÓ,San Gabriel,4.81559,-73.98023,2678.0,25 - 758 - 000,,1989.0,2.0,1.0,"SECTOR CAROLINA, SECTOR CHUCUAS ",ASOCIACION DE USUSARIOS DEL ACUEDUCTO VEREDA SAN GABRIEL,310.0,79.0,Otros,500000.0,4000000.0,SI,NO,NO,NO,NO,SI,1.0,Quebrada,0.9,LITROS POR SEGUNDO,1.0,A,1,1.0,A,,,,,1.0,48000.0,LITROS,12.37,MESES,0.35,D,3.0,24.0,79.0,50.0,50.0,Mayor de 100 m,1.0,A,0.9,LITROS POR SEGUNDO,No se realiza,No,,MILIGRAMOS POR LITRO,2019-10-22,No aplica,2019-10-22,No aplica,2019-10-22,1.0,0.7692,1.0,0.1,0.7173,2
2019-10-09,,ACUEDUCTO ASOASEP - NEMOCON,183571,Colombia,"CUNDINAMARCA,NEMOCÓN,ORATORIO",CUNDINAMARCA,NEMOCÓN,ORATORIO,5.076141,-73.925841,2585.0,25 - 486 - 002,,1969.0,6.0,1.0,"LA ESCUELA, LA EVASORA, SAN CARLOS , SECTOR DOÑA PEPITA , SECTOR FLORAS, SECTOR SAN  MIGUEL",ASOCIACIÓN DE ACUEDUCTO Y SERVICIOS PÚBLICOS EL ORATORIO,448.0,123.0,Otros,5400000.0,1100000.0,SI,NO,NO,NO,SI,SI,1.0,Captación desde otro sistema,0.65,LITROS POR SEGUNDO,1.0,A,1,1.0,A,,,,,1.0,0.0,LITROS,,MESES,0.0,D,3.0,24.0,123.0,123.0,123.0,Mayor de 100 m,1.0,A,0.65,LITROS POR SEGUNDO,"Sí, y funciona",No,,MILIGRAMOS POR LITRO,2019-10-22,No aplica,2019-10-22,No aplica,2019-10-22,0.0,0.0,1.0,0.6,0.4,2
2019-09-22,,ABASTO TRES Y MEDIO,183577,Colombia,"CUNDINAMARCA,PUERTO SALGAR,TRES Y MEDIO",CUNDINAMARCA,PUERTO SALGAR,TRES Y MEDIO,5.458445,-74.578371,654.0,25572001,,2001.0,3.0,1.0,"EL CORAN , SECTOR EL PUENTON , TRES Y MEDIO ",ASOCIACIÓN DE SUSCRIPTORES VEREDA TRES Y MEDIO ,287.84000000000003,80.0,,15000000.0,5000000.0,SI,NO,NO,NO,NO,SI,1.0,Quebrada,4.5,METROS CÚBICOS POR SEGUNDO,0.0,D,4,0.475,C,1.0,Sedimentación,0.4,C,1.0,36000.0,LITROS,2.0,MESES,1.0,A,3.0,4.0,80.0,0.0,0.0,Mayor de 100 m,0.4,C,50.0,LITROS POR SEGUNDO,No se realiza,No,,MILIGRAMOS POR LITRO,2019-10-22,No aplica,2019-10-22,No aplica,2019-10-22,1.0,0.0,0.8,0.2,0.5,2
2019-09-25,,ABASTO BUENAVISTA,183692,Colombia,"CUNDINAMARCA,VILLAGÓMEZ,BUENAVISTA",CUNDINAMARCA,VILLAGÓMEZ,BUENAVISTA,5.23521,-74.19105,2014.0,25871000-01,,2005.0,4.0,1.0,"BUENAVISTA, BUENAVISTA PARTE ALTA, EL PIEDRON, LA QUESERA",AGUAVISTA - ASOCIACIÓN DE USUARIOS ACUEDUCTO VEREDA BUENAVISTA DEL MUNICIPIO DE VILLAGOMEZ,232.70897832817337,61.0,,18000000.0,5000000.0,SI,NO,NO,NO,SI,SI,1.0,Quebrada,2.5,METROS CÚBICOS POR SEGUNDO,0.4,C,2,1.0,A,1.0,Sedimentación,0.55,C,1.0,64000.0,LITROS,4.0,MESES,0.55,C,2.0,12.0,61.0,0.0,0.0,Mayor de 100 m,0.2,D,20.0,LITROS POR SEGUNDO,No se realiza,No,,MILIGRAMOS POR LITRO,2019-10-24,No aplica,2019-10-24,No aplica,2019-10-24,1.0,0.458,0.6,0.275,0.5832,2
2019-09-26,,ABASTO CAMPAMENTO - MITACAS,183705,Colombia,"CUNDINAMARCA,VILLAGÓMEZ,CAMPAMENTO",CUNDINAMARCA,VILLAGÓMEZ,CAMPAMENTO,5.25718,-74.18007,2006.0,25871000-02,,2005.0,3.0,1.0,"CAMPAMENTO , LA MINA, MITACAS",ASOACAMI - ASOCIACIÓN DE USUARIOS CAMPAMENTO - MITACAS,204.0,51.0,,10000000.0,7000000.0,SI,NO,NO,NO,NO,SI,1.0,Río,3.5,METROS CÚBICOS POR SEGUNDO,0.4,C,3,0.4,C,1.0,Sedimentación,0.55,C,2.0,40000.0,LITROS,3.0,MESES,0.7,C,2.0,24.0,51.0,0.0,0.0,Mayor de 100 m,0.7,C,10.0,LITROS POR SEGUNDO,No se realiza,No,,MILIGRAMOS POR LITRO,2019-10-24,No aplica,2019-10-24,No aplica,2019-10-24,1.0,0.5292,0.4,0.275,0.551,2
2019-09-27,,ABASTO POTOSI,183710,Colombia,"CUNDINAMARCA,VILLAGÓMEZ,POTOSÍ",CUNDINAMARCA,VILLAGÓMEZ,POTOSÍ,5.2394,-74.17526,2056.0,2587100-03,,2007.0,3.0,1.0,"COLISEO, LA CAÑADA , LOMA GRANDE",ASOCIACIÓN POTOSI MEDIO,238.26434782608698,65.0,,15000000.0,,SI,NO,NO,NO,NO,SI,1.0,Quebrada,3.0,METROS CÚBICOS POR SEGUNDO,0.4,C,1,0.4,C,1.0,Sedimentación,0.55,C,1.0,27000.0,LITROS,2.0,MESES,0.85,B,2.0,24.0,65.0,0.0,0.0,Mayor de 100 m,0.7,C,10.0,LITROS POR SEGUNDO,No se realiza,No,,MILIGRAMOS POR LITRO,2019-10-25,No aplica,2019-10-25,No aplica,2019-10-25,1.0,0.5555,0.0,0.275,0.4576,2
2019-09-20,,ABASTO VERAGUITAS ,183720,Colombia,"CUNDINAMARCA,VILLAGÓMEZ,VERAGÜITAS",CUNDINAMARCA,VILLAGÓMEZ,VERAGÜITAS,5.27312,-74.20221,1799.0,2587100-04,,2001.0,3.0,1.0,"EL CAÑAL, EL DESCANSO, EL PARADERO ",ASOCIACIÓN VERAGUITAS,212.86363636363637,55.0,,13000000.0,,SI,NO,NO,NO,SI,SI,1.0,Quebrada,4.8,METROS CÚBICOS POR SEGUNDO,0.0,D,1,0.7,C,1.0,Sedimentación,0.55,C,1.0,21000.0,LITROS,4.0,MESES,0.7,C,3.0,24.0,55.0,0.0,0.0,Mayor de 100 m,0.7,C,10.0,LITROS POR SEGUNDO,No se realiza,No,,MILIGRAMOS POR LITRO,2019-10-25,No aplica,2019-10-25,No aplica,2019-10-25,1.0,0.0,1.0,0.275,0.5687,2
2019-10-03,,ABASTO AGUA FRIA,183791,Colombia,"CUNDINAMARCA,AGUA DE DIOS,Vereda Agua Fria",CUNDINAMARCA,AGUA DE DIOS,Vereda Agua Fria,4.373747,-74.60367,560.0,25001000,,1975.0,3.0,1.0,"AGUA FRIA, IBAÑEZ, LA PUNA",ASOCIACIÓN  DE ACUEDUCTO VEREDAL AGUAFRIA-IBAÑEZ - LA PUNA,308.0,80.0,,10000000.0,40000000.0,SI,NO,NO,NO,NO,SI,1.0,Quebrada,7.0,LITROS POR SEGUNDO,1.0,A,1,1.0,A,1.0,Sedimentación,1.0,A,,,,,,0.0,D,1.0,24.0,80.0,0.0,0.0,Mayor de 100 m,1.0,A,0.75,LITROS POR SEGUNDO,No se realiza,No,,MILIGRAMOS POR LITRO,2019-10-27,No aplica,2019-10-27,No aplica,2019-10-27,0.0,0.0,1.0,0.5,0.375,2
2019-10-03,,ABASTO ALTO DE ISNA,183793,Colombia,"CUNDINAMARCA,TOCAIMA,ALTO DE ISNA ALTO",CUNDINAMARCA,TOCAIMA,ALTO DE ISNA ALTO,4.39466,-74.59949,650.0,25815000,,1980.0,1.0,1.0,ALTO DE ISNA,ASOCIACIÓN DE SUSCRIPTORES DEL ACUEDUCTO VEREDA ALTO DE ISNA,180.0,45.0,,15000000.0,,SI,NO,NO,NO,NO,NO,1.0,Ojo de agua o manantial,0.35,LITROS POR SEGUNDO,0.7,C,2,1.0,A,1.0,Sedimentación,1.0,A,2.0,51000.0,LITROS,6.0,MESES,0.85,B,2.0,8.0,45.0,0.0,0.0,Mayor de 100 m,1.0,A,0.35,LITROS POR SEGUNDO,No se realiza,No,,MILIGRAMOS POR LITRO,2019-10-27,No aplica,2019-10-27,No aplica,2019-10-27,1.0,0.8783,1.0,0.5,0.8446,2
2019-10-03,,ABASTO EGIPTO,183795,Colombia,"CUNDINAMARCA,AGUA DE DIOS,EGIPTO",CUNDINAMARCA,AGUA DE DIOS,EGIPTO,4.35928,-74.62134,750.0,25001000,,2000.0,1.0,1.0,EGIPTO,ASOCIACIÓN DE USUARIOS DEL SERVICIO DE ACUEDUCTO DE LA VEREDA EGIPTO,136.0,34.0,,12000000.0,,SI,NO,NO,NO,NO,NO,1.0,Ojo de agua o manantial,0.38,LITROS POR SEGUNDO,0.0,D,2,0.4,C,1.0,Sedimentación,0.7,C,1.0,90000.0,LITROS,6.0,MESES,0.85,B,3.0,8.0,34.0,0.0,0.0,Mayor de 100 m,1.0,A,0.38,LITROS POR SEGUNDO,No se realiza,No,,MILIGRAMOS POR LITRO,2019-10-27,No aplica,2019-10-27,No aplica,2019-10-27,1.0,0.0,1.0,0.35,0.5875,2
2019-10-07,,ABASTO EL RECREO,183796,Colombia,"CUNDINAMARCA,TOCAIMA,EL RECREO",CUNDINAMARCA,TOCAIMA,EL RECREO,4.38205,-74.568067,831.0,25815000,,2003.0,1.0,1.0,EL RECREO,ASOCIACIÓN DE SUSCRIPTORES DEL SERVICIO DE ACUEDUCTO DE LA VEREDA EL RECREO,140.0,35.0,,11000000.0,,SI,SI,NO,NO,NO,SI,1.0,Quebrada,0.35,LITROS POR SEGUNDO,0.4,C,1,0.7,C,,,,,2.0,54000.0,LITROS,3.0,MESES,0.85,B,2.0,24.0,35.0,0.0,0.0,Mayor de 100 m,1.0,A,0.35,LITROS POR SEGUNDO,No se realiza,No,,MILIGRAMOS POR LITRO,2019-10-27,No aplica,2019-10-27,No aplica,2019-10-27,1.0,0.6985,1.0,0.0,0.6746,2
2019-10-27,,ABASTO LAS MERCEDES,183797,Colombia,"CUNDINAMARCA,TOCAIMA,LAS MERCEDES",CUNDINAMARCA,TOCAIMA,LAS MERCEDES,4.366667,-74.590617,858.0,25815000,,1998.0,1.0,1.0,LAS MERCEDES,ASOCIACIÓN DE USUARIOS DEL SERVICIO DE ACUEDUCTO DE LA VEREDA LAS MERCEDES,0.0,0.0,,12000000.0,,SI,NO,NO,NO,NO,SI,1.0,Quebrada,0.25,LITROS POR SEGUNDO,0.4,C,1,0.4,C,1.0,Sedimentación,0.7,C,,,,,,0.0,D,,,,,,,0.0,D,0.25,LITROS POR SEGUNDO,No se realiza,No,,MILIGRAMOS POR LITRO,2019-10-27,No aplica,2019-10-27,No aplica,2019-10-27,0.0,0.0,0.8,0.35,0.2875,2
2019-10-09,,ABASTO LA CAJITA,183799,Colombia,"CUNDINAMARCA,TOCAIMA,LA CAJITA",CUNDINAMARCA,TOCAIMA,LA CAJITA,4.3784833,-74.553317,1095.0,25815000,,2015.0,1.0,1.0,LA CAJITA,ASOCIACIÓN DE USUARIOS DEL ACUEDUCTO VEREDAL- VEREDA LA CAJITA,53.0,20.0,,19000000.0,,SI,NO,NO,NO,NO,SI,1.0,Ojo de agua o manantial,0.2,LITROS POR SEGUNDO,0.0,D,1,1.0,A,,,,,1.0,3000.0,LITROS,12.0,MESES,0.7,C,2.0,24.0,20.0,0.0,0.0,Mayor de 100 m,1.0,A,0.15,LITROS POR SEGUNDO,No se realiza,No,,MILIGRAMOS POR LITRO,2019-10-27,No aplica,2019-10-27,No aplica,2019-10-27,1.0,0.0,0.8,0.0,0.45,2
2019-10-09,,ABASTO SANTO DOMINGO,183800,Colombia,"CUNDINAMARCA,TOCAIMA,SANTO DOMINGO",CUNDINAMARCA,TOCAIMA,SANTO DOMINGO,4.3824833,-74.56685,840.0,25815000,,1969.0,2.0,1.0,"SANTO DOMINGO PARTE ALTA, SANTO DOMINGO PARTE BAJA",ASOCIACIÓN DE USUARIOS DEL ACUEDUCTO VEREDAL SANTO DOMINGO,400.0,100.0,,10000000.0,,SI,NO,NO,NO,NO,NO,1.0,Quebrada,0.7,LITROS POR SEGUNDO,0.7,C,1,1.0,A,,,,,1.0,55000.0,LITROS,6.0,MESES,0.85,B,3.0,2.0,100.0,0.0,0.0,Mayor de 100 m,1.0,A,0.7,LITROS POR SEGUNDO,No se realiza,No,,MILIGRAMOS POR LITRO,2019-10-27,No aplica,2019-10-27,No aplica,2019-10-27,1.0,0.8783,1.0,0.0,0.7196,2
2019-10-16,,ABASTO LA GLORIA SAN PABLO,183801,Colombia,"CUNDINAMARCA,TOCAIMA,SAN PABLO",CUNDINAMARCA,TOCAIMA,SAN PABLO,4.409754,-74.616191,430.0,25815000,,1985.0,1.0,1.0,SAN PABLO,JUNTA ADMINISTRADORA DE ACUEDUCTO VEREDAL DE LA GLORIA- SAN PABLO,204.0,51.0,,15000000.0,40000000.0,SI,NO,NO,NO,NO,NO,1.0,Ojo de agua o manantial,0.35,LITROS POR SEGUNDO,1.0,A,2,1.0,A,,,,,3.0,101000.0,LITROS,4.066666666666666,MESES,0.90000004,A,3.0,3.0,51.0,0.0,0.0,Mayor de 100 m,0.4,C,0.32,LITROS POR SEGUNDO,No se realiza,No,,MILIGRAMOS POR LITRO,2019-10-27,No aplica,2019-10-27,No aplica,2019-10-27,1.0,0.7746,1.0,0.0,0.6936,2
2019-10-16,,ABASTO SANTA ROSA,183802,Colombia,"CUNDINAMARCA,TOCAIMA,SANTA ROSA",CUNDINAMARCA,TOCAIMA,SANTA ROSA,4.49646,-74.68067,731.0,25815000,,1980.0,1.0,1.0,SANTA ROSA,ASOCIACIÓN DE SUSCRIPTORES DE ACUEDUCTO DE LA VEREDA SANTA ROSA,187.40740740740742,46.0,,12000000.0,,SI,NO,NO,NO,NO,NO,1.0,Ojo de agua o manantial,0.32,LITROS POR SEGUNDO,0.4,C,1,0.7,C,,,,,2.0,90000.0,LITROS,6.0,MESES,0.85,B,2.0,8.0,46.0,0.0,0.0,Mayor de 100 m,0.7,C,0.32,LITROS POR SEGUNDO,No se realiza,No,,MILIGRAMOS POR LITRO,2019-10-27,No aplica,2019-10-27,No aplica,2019-10-27,1.0,0.6389,1.0,0.0,0.6597,2
2019-10-16,,ABASTO SOLETO ,183803,Colombia,"CUNDINAMARCA,TOCAIMA,SOLETO",CUNDINAMARCA,TOCAIMA,SOLETO,4.48844,-74.69039,675.0,25815000,,1989.0,1.0,1.0,SOLETO GUATA,ASOCIACIÓN DE USUARIOS DEL ACUEDUCTO VEREDA SOLETO ACUATA,204.0,51.0,,15000000.0,40000000.0,SI,NO,NO,NO,NO,NO,1.0,Quebrada,0.32,LITROS POR SEGUNDO,0.7,C,2,0.7,C,1.0,Sedimentación,0.85,B,1.0,45000.0,LITROS,0.2,MESES,1.0,A,3.0,3.0,51.0,0.0,0.0,Mayor de 100 m,1.0,A,0.31,LITROS POR SEGUNDO,No se realiza,No,,MILIGRAMOS POR LITRO,2019-10-27,No aplica,2019-10-27,No aplica,2019-10-27,1.0,0.8367,1.0,0.425,0.8154,2
2019-10-21,,ABASTO SAN ANTONIO QUEBRADA BLANCA,183921,Colombia,"CUNDINAMARCA,JUNÍN,San Antonio",CUNDINAMARCA,JUNÍN,San Antonio,4.7693,-73.64442,2078.0,25-372-000,,1999.0,4.0,1.0,"EL KIOSCO, EL  MORTIÑO, LA PLAYA, VOLCÁN NEGRO",JUNTA DE ACCIÓN COMUNAL VEREDA SAN ANTONIO,470.3,120.0,,,40000000.0,SI,NO,NO,NO,SI,SI,3.0,Quebrada,150.0,LITROS POR SEGUNDO,1.0,A,3,1.0,A,3.0,"Sedimentación, Sedimentación, Sedimentación",1.0,A,4.0,375000.0,LITROS,6.0,MESES,0.85,B,3.0,24.0,120.0,0.0,0.0,Mayor de 100 m,1.0,A,1.22,LITROS POR SEGUNDO,No se realiza,No,,MILIGRAMOS POR LITRO,2019-10-30,No pasa,2019-10-30,No pasa,2019-10-30,1.0,0.9602,0.73333335,0.5,0.7984,2
2019-10-22,,ABASTO SAN RAFAEL SAN ANTONIO,183924,Colombia,"CUNDINAMARCA,JUNÍN,San Antonio",CUNDINAMARCA,JUNÍN,San Antonio,4.757986,-73.659828,2570.0,25-372-000,,1997.0,4.0,1.0,"CENTRO INTEGRADO, CENTRO SAN ANTONIO , SAN ANTONIO ALTO, SAN ANTONIO BAJO",ASOCIACIÓN DE USUARIOS  DEL ACUEDUCTO SAN RAFAEL SAN ANTONIO,338.0,97.0,Otros,,,SI,NO,NO,NO,SI,SI,1.0,Quebrada,50.0,LITROS POR SEGUNDO,1.0,A,1,0.0,D,1.0,Sedimentación,1.0,A,1.0,100000.0,LITROS,6.0,MESES,0.85,B,1.0,24.0,97.0,0.0,0.0,Mayor de 100 m,1.0,A,1.04,LITROS POR SEGUNDO,No se realiza,No,,MILIGRAMOS POR LITRO,2019-10-30,No aplica,2019-10-30,No aplica,2019-10-30,1.0,0.0,1.0,0.5,0.625,2
2019-10-10,,ABASTO ACUAPAZ,183930,Colombia,"CUNDINAMARCA,ANAPOIMA,PATIO BONITO",CUNDINAMARCA,ANAPOIMA,PATIO BONITO,4.53511,-74.465486,1145.0,25 035 000,,1984.0,10.0,1.0,"EL GALLINAZO, GOLCONDA EL PEÑON, GOLCONDA SECTOR CENTRO, GOLCONDA SECTOR ROMELIA, GOLCONDA SECTOR SAN GABRIEL, PANAMA SECTOR CENTRO, PATIO BONITO SECTOR BAJO, SECTOR LA PRIMAVERA, SECTOR LAS PAVAS, SECTOR RODRIGUEZ",ASOCIACION DE USUARIOS ACUEDUCTO ACUAPAZ,1533.0,430.0,Otros,3000000.0,,SI,NO,NO,NO,NO,SI,1.0,Quebrada,100.0,LITROS POR SEGUNDO,1.0,A,1,1.0,A,1.0,Sedimentación,1.0,A,1.0,0.0,LITROS,,MESES,0.0,D,6.0,24.0,430.0,0.0,0.0,Mayor de 100 m,1.0,A,2.9,LITROS POR SEGUNDO,No se realiza,"Sí, pero no de maner mayoritaria",,MILIGRAMOS POR LITRO,2019-10-31,No aplica,2019-10-31,No aplica,2019-10-31,0.0,0.0,0.6,0.5,0.275,2
2019-10-10,,ABASTO DE LAS VEREDAS GOLCONDA Y ANDALUCIA,183931,Colombia,"CUNDINAMARCA,ANAPOIMA,Vereda Andalucia",CUNDINAMARCA,ANAPOIMA,Vereda Andalucia,4.533361,-74.480045,1112.0,25 035 000,,1966.0,7.0,1.0,"EL CASTILLO, GOLCONDA SECTOR ALTO, LA CEIBA, LA JAZMINIA, PATIO BONITO ALTO, PUERTO LOPEZ, SAN VICENTE","ASOCIACIÓN DE USUARIOS DE ACUEDUCTO GOLCONDA, ANDALUCÍA Y PATIO BONITO ASOGALPA",464.0,140.0,Otros,30000000.0,1000000.0,SI,NO,NO,NO,NO,SI,1.0,Quebrada,50.0,LITROS POR SEGUNDO,1.0,A,1,1.0,A,1.0,Sedimentación,0.55,C,1.0,185000.0,LITROS,2.0,MESES,1.0,A,7.0,24.0,140.0,0.0,0.0,Mayor de 100 m,0.7,C,0.94,LITROS POR SEGUNDO,No se realiza,"Sí, pero no de maner mayoritaria",,MILIGRAMOS POR LITRO,2019-10-31,No aplica,2019-10-31,No aplica,2019-10-31,1.0,0.9147,0.8,0.275,0.7474,2
2019-10-23,,ABASTO COMUNITARIO EL VALLE,183937,Colombia,"CUNDINAMARCA,JUNÍN,EL VALLE DE JESUS",CUNDINAMARCA,JUNÍN,EL VALLE DE JESUS,4.784675,-73.689417,2223.0,25-372-000,,2015.0,5.0,1.0,"CENTRO, EL PALMAR, LA LOMA, SAN ISIDRO, SAN LUIS",ASOCIACIÓN DE USUARIOS DEL ACUEDUCTO COMUNITARIO EL VALLE ,0.0,0.0,Otros,700000000.0,,SI,NO,NO,NO,SI,SI,1.0,Quebrada,0.9,METROS CÚBICOS POR SEGUNDO,1.0,A,3,1.0,A,1.0,Sedimentación,0.7,C,2.0,120000.0,LITROS,,MESES,0.5,C,1.0,0.0,1.0,0.0,0.0,Mayor de 100 m,0.0,D,1100.0,LITROS POR SEGUNDO,No se realiza,No,,MILIGRAMOS POR LITRO,2019-10-31,No aplica,2019-10-31,No aplica,2019-10-31,0.0,0.0,1.0,0.35,0.3375,2
2019-10-31,,ABASTO VEREDAL SAN LUIS,183942,Colombia,"CUNDINAMARCA,SILVANIA,SAN LUIS",CUNDINAMARCA,SILVANIA,SAN LUIS,4.45429,-74.34707,2175.0,25-743,,1985.0,4.0,1.0,"CUCHILLA, EL ROSAL, EL TOBOGAN , SAN LUIS",ASOCIACION DE USUARIOS SAN LUIS,397.41578947368424,115.0,Otros,1200000.0,88200000.0,SI,NO,NO,NO,SI,SI,1.0,Quebrada,1.5,METROS CÚBICOS POR SEGUNDO,0.7,C,2,0.7,C,,,,,4.0,75000.0,LITROS,12.37,MESES,0.35,D,4.0,24.0,115.0,0.0,0.0,Mayor de 100 m,0.7,C,0.7,LITROS POR SEGUNDO,No se realiza,No,,MILIGRAMOS POR LITRO,2019-10-31,No pasa,2019-10-31,No pasa,2019-10-31,1.0,0.5886,1.0,0.1,0.6722,2
2019-10-24,,ABASTO SAN JOSE DE SUEVA ,183951,Colombia,"CUNDINAMARCA,JUNÍN,San Jose",CUNDINAMARCA,JUNÍN,San Jose,4.815519,-73.696561,2236.0,25-372-000,,2000.0,5.0,1.0,"EL CRUCE, LA LOMA SECTOR SUEVA , LOS JUSTOS, LOS MARTINEZ, SAN ISIDRO SECTOR SUEVA",JUNTA DE ACCIÓN COMUNAL VEREDA SAN JOSE INSPECCIÓN DE SUEVA,439.1428571428571,112.0,,,,SI,NO,NO,NO,SI,SI,4.0,Río,1207.0,LITROS POR SEGUNDO,1.0,A,2,1.0,A,1.0,Sedimentación,1.0,A,3.0,150000.0,LITROS,6.0,MESES,0.85,B,5.0,24.0,112.0,0.0,0.0,Mayor de 100 m,0.7,C,1.13,LITROS POR SEGUNDO,No se realiza,No,,MILIGRAMOS POR LITRO,2019-10-31,No pasa,2019-10-31,No pasa,2019-10-31,1.0,0.8783,1.0,0.5,0.8446,2
2019-09-12,,ABASTO ACUARE,183952,Colombia,"CUNDINAMARCA,SILVANIA,AZAFRANAL EL RETIRO",CUNDINAMARCA,SILVANIA,AZAFRANAL EL RETIRO,4.441814,-74.39165,1985.0,25-743,,1987.0,1.0,1.0,EL RETIRO ,ASOCIACION DE USUARIOS DEL ACUEDUCTO RURAL COLECTIVO DEL RETIRO ,856.0,214.0,Otros,200000.0,130600000.0,SI,NO,NO,NO,NO,SI,1.0,Quebrada,0.6,METROS CÚBICOS POR SEGUNDO,0.7,C,2,0.7,C,,,,,2.0,350000.0,LITROS,12.37,MESES,0.35,D,2.0,24.0,214.0,0.0,0.0,Mayor de 100 m,0.7,C,0.2,LITROS POR SEGUNDO,No se realiza,No,,MILIGRAMOS POR LITRO,2019-10-31,No aplica,2019-10-31,No aplica,2019-10-31,1.0,0.5886,1.0,0.1,0.6722,2
2019-10-11,,ACUEDUCTO ASUARCOPSA,183970,Colombia,"CUNDINAMARCA,ANAPOIMA,Vereda El Consuelo",CUNDINAMARCA,ANAPOIMA,Vereda El Consuelo,4.532593,-74.472357,1073.0,25 035 000,,1992.0,8.0,1.0,"EL CABRAL, EL CONSUELO ALTO , EL CONSUELO BAJO, PLENITUD, PROVIDENCIA  GARCIA, PROVIDENCIA MAYOR, SANTA ANA, SANTA ROSA",ASOCIACIÓN DE USUARIOS DEL ACUEDUCTO REGIONAL DE ANAPOIMA ASUARCOPSA,2392.0,598.0,Otros,15000000.0,40000000.0,SI,NO,NO,NO,NO,SI,1.0,Quebrada,120.0,LITROS POR SEGUNDO,1.0,A,1,0.7,C,5.0,"Desinfección con cloro, Coagulación y Floculación, Sedimentación, Sedimentación, Filtración lenta",1.0,A,3.0,341600.0,LITROS,2.0,MESES,1.0,A,7.0,24.0,598.0,598.0,598.0,Mayor de 100 m,1.0,A,4.1,LITROS POR SEGUNDO,"Sí, y funciona","Sí, pero no de maner mayoritaria",0.88,MILIGRAMOS POR LITRO,2019-08-13,Sí pasa,2019-10-31,Sí pasa,2019-08-13,1.0,0.9147,0.8,1.0,0.9287,2
2019-10-24,,ABASTO SUEVA CENTRO POBLADO,183973,Colombia,"CUNDINAMARCA,JUNÍN,CENTRO ALTO CH",CUNDINAMARCA,JUNÍN,CENTRO ALTO CH,4.808514,-73.703128,2029.0,25-372-004,,1984.0,3.0,1.0,"EL CARMEN, PUENTE LISIO, SUEVA CENTRO",COMITE DE ACUEDUCTO SUEVA CENTRO,220.32,63.0,,,2980000000.0,SI,NO,NO,NO,SI,SI,1.0,Quebrada,80.0,LITROS POR SEGUNDO,1.0,A,2,1.0,A,1.0,Sedimentación,0.85,B,1.0,75000.0,LITROS,6.0,MESES,0.85,B,2.0,24.0,63.0,53.0,53.0,Mayor de 100 m,1.0,A,0.61,LITROS POR SEGUNDO,No se realiza,No,,MILIGRAMOS POR LITRO,2019-10-31,No aplica,2019-10-31,No aplica,2019-10-31,1.0,0.9602,1.0,0.425,0.8463,2
2019-10-25,,ABASTO QUEBRADA DE LOS MUERTOS,183975,Colombia,"CUNDINAMARCA,JUNÍN,San Rafael",CUNDINAMARCA,JUNÍN,San Rafael,4.80015,-73.63752,1747.0,25-372-000,,1981.0,4.0,1.0,"CENTRO INTEGRADO, LA VEGA, SECTOR BOQUERON, SECTOR SAN ROQUE",ASOCIACION DE USUARIOS DEL ACUEDUCTO QUEBRADA DE LOS MUERTOS,407.0,109.0,,,,SI,NO,NO,NO,SI,SI,1.0,Quebrada,120.0,LITROS POR SEGUNDO,0.4,C,1,1.0,A,1.0,Sedimentación,0.4,C,3.0,295000.0,LITROS,12.37,MESES,0.5,C,5.0,24.0,120.0,0.0,0.0,Mayor de 100 m,1.0,A,1.13,LITROS POR SEGUNDO,No se realiza,No,,MILIGRAMOS POR LITRO,2019-10-31,No aplica,2019-10-31,No aplica,2019-10-31,1.0,0.6687,0.4,0.2,0.5672,2
2019-09-17,,ABASTO ASUAINRO,183978,Colombia,"CUNDINAMARCA,PASCA,El Retiro",CUNDINAMARCA,PASCA,El Retiro,4.25466,-74.26888,3050.0,25-535,,1980.0,6.0,1.0,"ALTAGRACIA, ARGENTINA, BELLAVISTA , EL RETIRO , LÁZARO FONTE, SAN PEDRO",ASOCIACION DE USUARIOS DEL ACUEDUCTO INTERVEREDAL RETIRO Y OTRAS ASUAINRO ,2089.0,535.0,Otros,71500.0,60600000.0,SI,NO,NO,NO,SI,SI,1.0,Río,1.0,METROS CÚBICOS POR SEGUNDO,0.7,C,2,0.7,C,1.0,Filtración rápida,0.7,C,5.0,132000.0,LITROS,4.84,MESES,0.73,B,2.0,24.0,535.0,535.0,535.0,Mayor de 100 m,0.7,C,800.0,LITROS POR SEGUNDO,"Sí, y funciona",No,0.9,MILIGRAMOS POR LITRO,2019-10-31,No pasa,2019-10-31,No pasa,2019-10-31,1.0,0.7074,0.8,0.85,0.8394,2
2019-09-23,,ABASTO TEMEREC,183980,Colombia,"CUNDINAMARCA,PASCA,El Tendido",CUNDINAMARCA,PASCA,El Tendido,4.31661,-74.24461,2882.0,25-535,,1998.0,3.0,1.0,"EL RECREO, EL TENDIDO, LA MESA",ACUEDUCTO VEREDAL EL TEMEREC EL TENDIDO LA MESA EL RECREO,360.0,90.0,Plan Departamental de Agua,18700000.0,40000000.0,SI,NO,NO,NO,SI,SI,1.0,Quebrada,1.5,METROS CÚBICOS POR SEGUNDO,1.0,A,1,0.7,C,,,,,1.0,250000.0,LITROS,6.0,MESES,0.85,B,2.0,24.0,90.0,0.0,0.0,Mayor de 100 m,0.7,C,1200.0,LITROS POR SEGUNDO,No se realiza,No,,MILIGRAMOS POR LITRO,2019-10-31,No aplica,2019-10-31,No aplica,2019-10-31,1.0,0.8033,0.8,0.1,0.6758,2
2019-09-18,,ABASTO INTERVEREDAL EL BOSQUE,183982,Colombia,"CUNDINAMARCA,PASCA,El Bobal",CUNDINAMARCA,PASCA,El Bobal,4.3191,-74.27734,2541.0,25-535,,1998.0,6.0,1.0,"ALTOS DEL MOLINO , BOBAL, BOCADEMONTE, EL ZAQUE, SABANETA, SAN JOAQUIN",ASOCIACION ACUEDUCTO INTERVEREDAL EL BOSQUE ,2098.0,530.0,Programas del departamento,45000000.0,18500000.0,SI,NO,NO,NO,SI,SI,1.0,Río,3.0,METROS CÚBICOS POR SEGUNDO,0.7,C,1,1.0,A,1.0,Filtración rápida,0.7,C,6.0,170000.0,LITROS,6.0,MESES,0.7,C,2.0,24.0,530.0,530.0,370.0,Mayor de 100 m,0.7,C,2100.0,LITROS POR SEGUNDO,No se realiza,No,,MILIGRAMOS POR LITRO,2019-10-31,No aplica,2019-10-31,No aplica,2019-10-31,1.0,0.7653,1.0,0.35,0.7788,2
2019-09-19,,ACUEDUCTO ALTO DEL MOLINO,183984,Colombia,"CUNDINAMARCA,PASCA,Alto Del Molino",CUNDINAMARCA,PASCA,Alto Del Molino,4.33643,-74.32491,2830.0,25-535-001,,1978.0,1.0,1.0,ALTOS DEL MOLINO ,ASOCIACION DE USUARIOS DEL ACUEDUCTO ALTO DEL MOLINO DEL MUNICIPIO DE PASCA ,560.0,140.0,Otros,700000.0,75000000.0,SI,NO,NO,NO,SI,SI,1.0,Quebrada,0.8,METROS CÚBICOS POR SEGUNDO,0.7,C,1,0.7,C,1.0,Filtración rápida,1.0,A,1.0,90000.0,LITROS,6.0,MESES,0.7,C,1.0,24.0,140.0,140.0,140.0,Mayor de 100 m,0.7,C,0.8,LITROS POR SEGUNDO,"Sí, y funciona",No,1.0,MILIGRAMOS POR LITRO,2019-10-31,No aplica,2019-10-31,No aplica,2019-10-31,1.0,0.7,0.4,1.0,0.775,2
2019-09-24,,ABASTO ASUAIN,184087,Colombia,"CUNDINAMARCA,PASCA,El Carmen",CUNDINAMARCA,PASCA,El Carmen,4.23793,-74.3018,3071.0,25-535,,1996.0,1.0,1.0,EL CARMEN,ASOCIACION DE USUARIOS DEL ACUEDUCTO DE LA VEREDA EL CARMEN ASUAIN ,720.0,180.0,Otros,5630000.0,36000000.0,SI,NO,NO,NO,SI,SI,1.0,Río,1.5,METROS CÚBICOS POR SEGUNDO,0.7,C,1,1.0,A,,,,,4.0,300000.0,LITROS,12.37,MESES,0.35,D,5.0,24.0,180.0,180.0,102.0,Mayor de 100 m,0.7,C,1.04,LITROS POR SEGUNDO,No se realiza,No,,MILIGRAMOS POR LITRO,2019-11-03,No aplica,2019-11-03,No aplica,2019-11-03,1.0,0.6435,1.0,0.1,0.6859,2
2019-09-27,,ACUEDUCTO VEREDAL DE ROMERAL,184088,Colombia,"CUNDINAMARCA,SIBATÉ,Romeral",CUNDINAMARCA,SIBATÉ,Romeral,4.4331,-74.23915,3357.0,25-740,,1984.0,3.0,1.0,"ROMERAL ALTO, ROMERAL BAJO, ROMERAL MEDIO",ACUEDUCTO EL ROMERAL BRADEMONTE,285.0086021505376,84.0,Otros,1500000.0,96000000.0,SI,NO,NO,NO,SI,SI,1.0,Otras,1.5,LITROS POR SEGUNDO,1.0,A,2,1.0,A,1.0,Filtración rápida,0.85,B,3.0,250000.0,LITROS,6.0,MESES,0.75,B,2.0,24.0,84.0,0.0,0.0,Mayor de 100 m,0.7,C,0.63,LITROS POR SEGUNDO,"Sí, y funciona",No,,MILIGRAMOS POR LITRO,2019-11-03,No aplica,2019-11-03,No aplica,2019-11-03,1.0,0.8512,1.0,0.925,0.9441,2
2019-10-20,,ABASTO DON LOPE,184092,Colombia,"CUNDINAMARCA,SIMIJACA,Don Lope",CUNDINAMARCA,SIMIJACA,Don Lope,5.479253,-73.873751,2660.0,25745,,1985.0,2.0,1.0,"CHATAS, LA LAJA",ASOCIACIÓN DE USUARIOS DEL ACUEDUCTO VEREDA DON LOPE,193.0,60.0,Otros,900000000.0,,SI,NO,NO,NO,SI,SI,1.0,Río,70.0,LITROS POR SEGUNDO,1.0,A,1,1.0,A,1.0,Sedimentación,1.0,A,1.0,25000.0,LITROS,6.0,MESES,0.85,B,2.0,24.0,60.0,0.0,0.0,Mayor de 100 m,1.0,A,0.04,LITROS POR SEGUNDO,No se realiza,No,,MILIGRAMOS POR LITRO,2019-11-04,No aplica,2019-11-04,No aplica,2019-11-04,1.0,0.9602,0.8,0.5,0.8151,2
2019-10-04,,ACUEDUCTO REGIONAL EL CAPITOLIO,184094,Colombia,"CUNDINAMARCA,SIMIJACA,El Fical",CUNDINAMARCA,SIMIJACA,El Fical,5.529582,-73.838292,2611.0,25745,,1990.0,6.0,1.0,"CAPITOLIO, EL ALTO, EL CRUCE, EL FICAL, SAN RAFAEL, SANTA LUCIA","ACUEDUCTO REGIONAL CAPITOLIO,HATO CHICO,EL FICAL,",2592.0,648.0,Otros,250000000.0,,SI,NO,NO,NO,SI,SI,1.0,Río,110.0,LITROS POR SEGUNDO,1.0,A,2,1.0,A,1.0,Sedimentación,1.0,A,1.0,50000.0,LITROS,6.0,MESES,0.85,B,6.0,24.0,650.0,650.0,650.0,Mayor de 100 m,1.0,A,2.8,LITROS POR SEGUNDO,"Sí, y funciona",No,0.05,MILIGRAMOS POR LITRO,2019-10-04,Sí pasa,2019-11-04,Sí pasa,2019-11-04,0.4823,0.9602,0.8,1.0,0.8106,2
2019-10-20,,ACUEDUCTO EL JUNCAL,184097,Colombia,"CUNDINAMARCA,SIMIJACA,Juncal",CUNDINAMARCA,SIMIJACA,Juncal,5.482106,-73.856465,2563.0,25745,,1990.0,1.0,1.0,JUNCAL BAJO,ASOCIACIÓN DE USUARIOS DEL ACUEDUCTO JUNCAL,480.0,120.0,Otros,250000000.0,,SI,NO,NO,NO,SI,SI,1.0,Río,110.0,LITROS POR SEGUNDO,1.0,A,2,1.0,A,1.0,Sedimentación,1.0,A,1.0,50000.0,LITROS,6.0,MESES,0.85,B,1.0,24.0,120.0,120.0,120.0,Mayor de 100 m,1.0,A,1.5,LITROS POR SEGUNDO,"Sí, y funciona",No,0.5,MILIGRAMOS POR LITRO,2019-10-04,Sí pasa,2019-11-04,Sí pasa,2019-10-04,1.0,0.9602,0.8,1.0,0.9401,2
2019-10-20,,ACUEDUCTO TAQUIRA EL PANTANO,184100,Colombia,"CUNDINAMARCA,SIMIJACA,Taquira",CUNDINAMARCA,SIMIJACA,Taquira,5.497314,-73.842291,2550.0,25-745,,1990.0,5.0,1.0,"CHURBESI, CORRALEJAS, EL RETEN, LA BOMBA, LA ISLA",ASOCIACIÓN DE USUARIOS DEL ACUEDUCTO TAQUIRA-PANTANO,1022.0,264.0,Plan Departamental de Agua,250000000.0,,SI,NO,NO,NO,SI,SI,1.0,Río,110.0,LITROS POR SEGUNDO,1.0,A,2,1.0,A,1.0,Sedimentación,1.0,A,1.0,50000.0,LITROS,6.0,MESES,0.85,B,5.0,24.0,264.0,264.0,264.0,Mayor de 100 m,1.0,A,0.13,LITROS POR SEGUNDO,"Sí, y funciona",No,0.5,MILIGRAMOS POR LITRO,2019-11-04,Sí pasa,2019-11-04,Sí pasa,2019-11-04,1.0,0.9602,0.8,1.0,0.9401,2
2019-11-04,,ACUEDUCTO EL SALITRE,184103,Colombia,"CUNDINAMARCA,SIMIJACA,Salitre",CUNDINAMARCA,SIMIJACA,Salitre,5.520516,-73.87459,2798.0,25745,,1992.0,1.0,1.0,SALITRE,ASOCIACIÓN DE USUARIOS DEL ACUEDUCTO DE LA VEREDA SALITRE,300.0,75.0,,,40000000.0,SI,NO,NO,NO,SI,SI,1.0,Ojo de agua o manantial,1.2,LITROS POR SEGUNDO,1.0,A,1,1.0,A,1.0,Sedimentación,1.0,A,2.0,50132.49,LITROS,6.0,MESES,0.85,B,1.0,24.0,75.0,75.0,75.0,Mayor de 100 m,1.0,A,0.8,LITROS POR SEGUNDO,"Sí, y funciona",No,0.5,MILIGRAMOS POR LITRO,2019-10-04,Sí pasa,2019-10-04,No pasa,2019-11-04,1.0,0.9602,0.8,1.0,0.9401,2
2019-09-27,,ACUEDUCTO VEREDAL ASUACDESA,184104,Colombia,"CUNDINAMARCA,SIBATÉ,Delicias",CUNDINAMARCA,SIBATÉ,Delicias,4.47672,-74.22812,3067.0,25-740,,1982.0,2.0,1.0,"LAS DELICIAS, SANTA TERESA",ASOCIACION DE USUARIOS DEL ACUEDUCTO VEREDA DELICIAS Y BARRIO SANTA TERESA ASUACDESA,1000.0,250.0,Otros,1800000.0,79000000.0,SI,NO,NO,NO,SI,SI,1.0,Río,2.0,METROS CÚBICOS POR SEGUNDO,0.7,C,1,0.7,C,1.0,Filtración rápida,1.0,A,1.0,56000.0,LITROS,3.0,MESES,0.85,B,3.0,24.0,250.0,250.0,250.0,Mayor de 100 m,0.7,C,1.8,LITROS POR SEGUNDO,"Sí, y funciona",No,1.46,MILIGRAMOS POR LITRO,2018-06-29,No aplica,2019-11-03,Sí pasa,2018-06-29,1.0,0.7348,0.8,1.0,0.8837,2
2019-11-04,,ACUEDUCTO APOSENTOS CRISTALES,184106,Colombia,"CUNDINAMARCA,SIMIJACA,Aposentos",CUNDINAMARCA,SIMIJACA,Aposentos,5.475123,-73.843145,2748.0,25745,,1992.0,2.0,1.0,"APOSENTOS ALTO, CRISTALES",ASOCIACIÓN DE USUARIOS DEL ACUEDUCTO DE LA VEREDA APOSENTOS-CRISTALES  ,176.0,73.0,Otros,90000000.0,40000000.0,SI,NO,NO,NO,NO,NO,2.0,Ojo de agua o manantial,2.5,LITROS POR SEGUNDO,1.0,A,2,1.0,A,1.0,Sedimentación,1.0,A,1.0,30000.0,LITROS,6.0,MESES,0.85,B,2.0,24.0,73.0,73.0,73.0,Mayor de 100 m,1.0,A,0.8,LITROS POR SEGUNDO,No se realiza,No,0.01,MILIGRAMOS POR LITRO,2019-10-04,No aplica,2019-11-04,No aplica,2019-11-04,1.0,0.9602,0.9,0.5,0.84,2
2019-09-26,,ACUEDUCTO VEREDAL SAN BENITO,184107,Colombia,"CUNDINAMARCA,SIBATÉ,San Benito",CUNDINAMARCA,SIBATÉ,San Benito,4.50559,-74.2404,2662.0,25-740-004,,1975.0,3.0,1.0,"JAZMIN, SAN BENITO, SANTA ROSA",JUNTA ADMINISTRADORA DEL ACUEDUCTO SAN BENITO,1520.0,380.0,Plan Departamental de Agua,720000.0,264000000.0,SI,NO,NO,NO,SI,SI,1.0,Quebrada,1.5,METROS CÚBICOS POR SEGUNDO,0.7,C,2,0.85,B,1.0,Filtración rápida,0.85,B,1.0,120000.0,LITROS,6.0,MESES,0.85,B,3.0,24.0,380.0,380.0,380.0,Mayor de 100 m,1.0,A,1.1,LITROS POR SEGUNDO,"Sí, y funciona",No,0.92,MILIGRAMOS POR LITRO,2019-04-24,Sí pasa,2019-04-24,Sí pasa,2019-04-24,1.0,0.8433,0.4,0.925,0.7921,2
2019-09-26,,ACUEDUCTO VEREDAL ACOPAZ,184109,Colombia,"CUNDINAMARCA,SIBATÉ,Perico",CUNDINAMARCA,SIBATÉ,Perico,4.46124,-74.24851,2800.0,25-740,,1974.0,3.0,1.0,"LA PAZ, PERICO- LA HONDA, PERICO - LA MACARENA",ACUEDUCTO VEREDAL LA PAZ ACOPAZ,999.0,258.0,Otros,7000000.0,68000000.0,SI,NO,NO,NO,SI,SI,1.0,Quebrada,0.5,METROS CÚBICOS POR SEGUNDO,1.0,A,1,1.0,A,1.0,Coagulación y Floculación,1.0,A,1.0,120000.0,LITROS,2.0,MESES,0.85,B,2.0,24.0,258.0,258.0,258.0,Mayor de 100 m,0.7,C,400.0,LITROS POR SEGUNDO,"Sí, y funciona",No,0.78,MILIGRAMOS POR LITRO,2019-05-01,No aplica,2019-11-04,Sí pasa,2019-05-01,1.0,0.8783,1.0,1.0,0.9696,2
2019-09-20,,ABASTO ASOAGUAS,184111,Colombia,"CUNDINAMARCA,PASCA,Guchipas",CUNDINAMARCA,PASCA,Guchipas,4.34412,-74.3255,2447.0,25-535-002,,1973.0,1.0,1.0,GUCHIPAS,ASOCIACION DE USUARIOS DE ASOAGUAS DE GUCHIPAS ,632.0,158.0,Otros,175000.0,36000000.0,SI,NO,NO,NO,SI,SI,1.0,Quebrada,1.3,LITROS POR SEGUNDO,0.7,C,1,1.0,A,,,,,3.0,21000.0,LITROS,12.37,MESES,0.35,D,5.0,24.0,158.0,158.0,40.0,Mayor de 100 m,0.7,C,1.0,LITROS POR SEGUNDO,No se realiza,No,,MILIGRAMOS POR LITRO,2019-11-04,No aplica,2019-11-04,No aplica,2019-11-04,0.8307,0.6435,0.8,0.1,0.5936,2
2019-09-30,,ABASTO CALANDAIMA SAN FRANCISCO,184114,Colombia,"CUNDINAMARCA,TIBACUY,CALANDAIMA",CUNDINAMARCA,TIBACUY,CALANDAIMA,4.3567,-74.46626,1984.2,25-805,,2005.0,5.0,1.0,"CALANDAIMA, MARRUECOS, SAN ANTONIO , SAN FRANCISCO, VENTORRILLO",ASOCIACION DE USUARIOS DEL ACUEDUCTO SAN FRANCISCO CALANDAIMA ,450.41309523809525,130.0,Otros,3000000.0,25000000.0,SI,NO,NO,NO,NO,SI,2.0,Ojo de agua o manantial,1.8,LITROS POR SEGUNDO,1.0,A,3,1.0,A,,,,,2.0,227000.0,LITROS,3.0,MESES,0.7,C,4.0,24.0,130.0,0.0,0.0,Mayor de 100 m,0.85,B,0.8,LITROS POR SEGUNDO,No se realiza,"Sí, pero no de maner mayoritaria",,MILIGRAMOS POR LITRO,2019-11-04,No aplica,2019-11-04,No aplica,2019-11-04,1.0,0.8783,1.0,0.2,0.7696,2
2019-10-05,,ABASTO VEREDA CHURNICA,184119,Colombia,"CUNDINAMARCA,SIMIJACA,CHURNICA",CUNDINAMARCA,SIMIJACA,CHURNICA,5.490344,-73.883352,2766.0,25745,,1992.0,1.0,1.0,EL PEDREGAL,JUNTA DE ACCIÓN COMUNAL ACUEDUCTO CHURNICA,45.0,18.0,Otros,80000000.0,,SI,NO,NO,NO,NO,SI,1.0,Ojo de agua o manantial,1.0,LITROS POR SEGUNDO,0.7,C,1,1.0,A,,,,,1.0,20000.0,LITROS,6.0,MESES,0.85,B,1.0,24.0,18.0,0.0,0.0,Mayor de 100 m,1.0,A,0.5,LITROS POR SEGUNDO,No se realiza,No,,MILIGRAMOS POR LITRO,2019-11-05,No aplica,2019-11-05,No aplica,2019-11-05,1.0,0.8783,0.8,0.1,0.6946,2
2019-10-10,,ABASTO VEREDAL SANTA HELENA,184148,Colombia,"CUNDINAMARCA,PANDI,STA HELENA BAJA",CUNDINAMARCA,PANDI,STA HELENA BAJA,4.16637,-74.45894,1668.7,25-524,,1995.0,4.0,1.0,"EL CARACOL, LAS PARCELAS , SANTA HELENA BAJA, SANTA HELENA MEDIO",ASOCIACION DE USUARIOS DEL ACUEDUCTO REGIONAL VDA SANTA HELENA BAJA,367.4,80.0,Otros,2000000.0,60000000.0,SI,NO,NO,NO,NO,SI,1.0,Quebrada,1.5,LITROS POR SEGUNDO,0.0,D,3,0.7,C,,,,,2.0,152000.0,LITROS,6.0,MESES,0.85,B,4.0,24.0,80.0,0.0,0.0,Mayor de 100 m,0.7,C,1.5,LITROS POR SEGUNDO,No se realiza,No,,MILIGRAMOS POR LITRO,2019-11-04,No pasa,2019-11-04,No pasa,2019-11-04,1.0,0.0,0.8,0.1,0.475,2
2019-09-27,,ACUEDUCTO PABLO NERUDA,184149,Colombia,"CUNDINAMARCA,SIBATÉ,PABLO NERUDA",CUNDINAMARCA,SIBATÉ,PABLO NERUDA,4.522436,-74.230533,2650.0,25-740,,1980.0,3.0,1.0,"CHACUA, GARCIA, PABLO NERUDA",ASOCIACIÓN DE USUARIOS DEL ACUEDUCTO  PABLO NERUDA,2160.0,540.0,Otros,5000000.0,32000000.0,SI,NO,NO,NO,SI,SI,1.0,Quebrada,1.5,LITROS POR SEGUNDO,0.7,C,1,1.0,A,1.0,Desinfección con cloro,1.0,A,1.0,300000.0,LITROS,6.0,MESES,0.7,C,2.0,24.0,540.0,540.0,540.0,Mayor de 100 m,0.7,C,1.2,LITROS POR SEGUNDO,"Sí, y funciona",No,,MILIGRAMOS POR LITRO,2019-11-04,No aplica,2019-11-04,No aplica,2019-11-04,1.0,0.7653,1.0,1.0,0.9413,2
2019-11-12,,ACUEDUCTO REGIONAL ACUALIMONAL,184343,Colombia,"CUNDINAMARCA,SASAIMA,LIMONAR",CUNDINAMARCA,SASAIMA,LIMONAR,4.963199,-74.434085,1204.0,25-718-000,,1985.0,25.0,1.0,"BAZAL, BUENOS AIRES, EL CHISPASO, EL VIAJAL, ILO BAJO, ILÓ CHICO ALTO, KAORI, LA FLORA, LA GRANJA, LA GRANJA ALTA, LA GUANABANERA, LA HUERTA, LA MORENA, LA PORQUERA, LIMONAL ALTO SECTOR SAN VICENTE, LIMONAL BAJO, LOMALARGA SECTOR ALTO, LOMALARGA SECTOR BAJO, PALACIOS SECTOR ALTO, PALACIOS SECTOR BAJO, PILACA ALTA, PILACA BAJO, PILUMA, RIO DULCE, TRES CRUCES",ASOCIACIÓN DE SUSCRIPTORES Y USUARIOS DEL ACUEDUCTO REGIONAL ACUALIMONAL,2998.9339846062257,967.0,,10000000.0,1864000000.0,SI,NO,NO,NO,SI,SI,1.0,Quebrada,6.5,LITROS POR SEGUNDO,1.0,A,5,0.88,B,4.0,"Sedimentación, Filtración lenta, Sedimentación, Coagulación y Floculación",1.0,A,10.0,417000.0,LITROS,0.903,MESES,0.97,A,14.0,20.571428571428573,967.0,967.0,967.0,Menor de 100 m,0.95714283,A,6.5,LITROS POR SEGUNDO,"Sí, y funciona",No,1.53,MILIGRAMOS POR LITRO,2019-10-30,No pasa,2019-11-12,Sí pasa,2019-10-30,1.0,0.9507,0.8,1.0,0.9377,2
2019-10-21,,ABASTO LA PRIMAVERA 1,184371,Colombia,"CUNDINAMARCA,GUAYABETAL,LA PRIMAVERA",CUNDINAMARCA,GUAYABETAL,LA PRIMAVERA,4.23251,-73.79653,1647.9,25335000,,2004.0,3.0,1.0,"SAN JAVIER, SECTOR ACUÑA, SECTOR PRIMAVERA ALTO",ASOCIACIÓN DE USUARIOS ACUEDUCTO CAÑO DUQUE,285.0,80.0,,,,SI,NO,NO,NO,NO,SI,1.0,Quebrada,1.4,LITROS POR SEGUNDO,0.7,C,1,0.7,C,1.0,Sedimentación,0.2,D,1.0,3000.0,LITROS,1.0,MESES,1.0,A,3.0,24.0,80.0,0.0,0.0,Mayor de 100 m,1.0,A,1.4,LITROS POR SEGUNDO,No se realiza,No,,MILIGRAMOS POR LITRO,2019-11-13,No aplica,2019-11-13,No aplica,2019-11-13,0.2631,0.8367,0.8,0.1,0.5,2
2019-10-29,,"ACUEDUCTO VEREDAS CALDERA, SIECHA Y CUMBA",184372,Colombia,"CUNDINAMARCA,CHIPAQUE,Cumba",CUNDINAMARCA,CHIPAQUE,Cumba,4.43613,-74.06069,2631.4,25178000,,1984.0,5.0,1.0,"CALDERA BAJO, CUMBA CENTRO, SECTOR CUMBA BAJO , SIECHA BAJA, SIECHA CENTRO","ASOCIACIÓN DE SUSCRIPTORES DEL ACUEDUCTO VEREDAL CALDERA, SIECHA Y CUMBA ",1016.0,260.0,,,40000000.0,SI,NO,NO,NO,NO,SI,2.0,Quebrada,8.0,LITROS POR SEGUNDO,1.0,A,1,0.7,C,4.0,"Filtración rápida, Coagulación y Floculación, Sedimentación, Desinfección con cloro",0.4,C,5.0,121000.0,LITROS,2.0,MESES,1.0,A,5.0,24.0,290.0,250.0,250.0,Mayor de 100 m,0.7,C,5.0,LITROS POR SEGUNDO,"Sí, y funciona",No,,MILIGRAMOS POR LITRO,2019-11-13,No aplica,2019-11-13,No aplica,2019-11-13,1.0,0.8367,0.8,0.7,0.8342,2
2019-10-31,,ACUEDUCTO ASUAR,184373,Colombia,"CUNDINAMARCA,CHIPAQUE,Llano De Chipaque",CUNDINAMARCA,CHIPAQUE,Llano De Chipaque,4.43806,-74.06075,2636.8,25178000,,1988.0,9.0,1.0,"QUERENTE 1, SECTOR CASA AMARILLA, SECTOR LA ESCUELA , SECTOR LA FLORA, SECTOR LAS BOMBAS, SECTOR LAS TIENDAS, SECTOR LA VIRGEN, SECTOR LOS REY, SECTOR SAN ROQUE ","ASOCIACIÓN DE SUSCRIPTORES DEL ACUEDUCTO RURAL DE LAS VEREDAS MUNAR, QUERENTE, LLANO DE CHIPAQUE",2073.0,537.0,,41000000.0,6000000.0,SI,NO,NO,NO,NO,SI,1.0,Río,6.0,LITROS POR SEGUNDO,1.0,A,1,1.0,A,4.0,"Desinfección con cloro, Sedimentación, Filtración rápida, Coagulación y Floculación",1.0,A,5.0,370000.0,LITROS,4.0,MESES,0.85,B,7.0,24.0,537.0,537.0,537.0,Mayor de 100 m,1.0,A,6.0,LITROS POR SEGUNDO,"Sí, y funciona","Sí, pero no de maner mayoritaria",0.8,MILIGRAMOS POR LITRO,2019-08-28,Sí pasa,2019-08-28,No pasa,2019-11-13,1.0,0.9602,0.8,1.0,0.9401,2
2019-10-15,,ACUEDUCTO MINIPI ,184374,Colombia,"CUNDINAMARCA,LA PALMA,Minipi De Quijano",CUNDINAMARCA,LA PALMA,Minipi De Quijano,5.349509,-74.429446,1654.0,25394000,,1984.0,3.0,1.0,"MINIPI DE QUIJANO, SECTOR EL COLEGIO, VEREDA EL CASTILLO",ASOCIACIÓN DE USUARIOS DEL ACUEDUCTO MINIPI DE QUIJANO,560.0,140.0,,40000000.0,11600000.0,NO,SI,NO,NO,SI,SI,1.0,Quebrada,4.2,LITROS POR SEGUNDO,0.7,C,1,1.0,A,2.0,"Desinfección con cloro, Sedimentación",0.625,C,1.0,39000.0,LITROS,3.0,MESES,0.85,B,2.0,10.0,140.0,140.0,140.0,Mayor de 100 m,0.7,C,5.0,LITROS POR SEGUNDO,"Sí, pero no funciona",No,,MILIGRAMOS POR LITRO,2019-11-13,No aplica,2019-11-13,No aplica,2019-11-13,1.0,0.8033,1.0,0.5125,0.829,2
2019-10-16,,ABASTO SALINAS ,184376,Colombia,"CUNDINAMARCA,LA PALMA,Alto Salinas",CUNDINAMARCA,LA PALMA,Alto Salinas,5.332013,-74.405673,1700.0,25394000,,1991.0,1.0,1.0,ALTO DE SALINAS,ASOCIACIÓN DE USUARIOS ACUEDUCTO ALTO DE SALINAS,152.0,38.0,,90000000.0,,NO,SI,NO,NO,SI,SI,1.0,Quebrada,0.3,LITROS POR SEGUNDO,0.7,C,1,0.7,C,1.0,Sedimentación,0.55,C,4.0,50000.0,LITROS,2.0,MESES,1.0,A,1.0,1.0,38.0,0.0,0.0,Mayor de 100 m,1.0,A,1.0,LITROS POR SEGUNDO,No se realiza,No,,MILIGRAMOS POR LITRO,2019-11-13,No aplica,2019-11-13,No aplica,2019-11-13,1.0,0.8367,0.6,0.275,0.6779,2
2019-10-17,,ABASTO HOYA GARRAPATAL,184378,Colombia,"CUNDINAMARCA,LA PALMA,Garrapatal",CUNDINAMARCA,LA PALMA,Garrapatal,5.379899,-74.402238,1715.0,25394000,,1990.0,1.0,1.0,EL GARRAPATAL,ASOCIACIÓN VEREDA HOYA GARRAPATAL,65.0,21.0,,30000000.0,,SI,NO,NO,NO,SI,SI,1.0,Fuente,2.0,LITROS POR SEGUNDO,0.4,C,1,0.7,C,1.0,Sedimentación,0.55,C,1.0,20000.0,LITROS,6.0,MESES,0.7,C,1.0,24.0,21.0,0.0,0.0,Mayor de 100 m,0.7,C,2.0,LITROS POR SEGUNDO,No se realiza,No,,MILIGRAMOS POR LITRO,2019-11-13,No aplica,2019-11-13,No aplica,2019-11-13,1.0,0.6086,0.6,0.275,0.6209,2
2019-11-13,,ABASTO EL BOQUERON,184379,Colombia,"CUNDINAMARCA,LA PALMA,Boqueron",CUNDINAMARCA,LA PALMA,Boqueron,5.293903,-74.438788,1380.0,25394000,,1998.0,1.0,1.0,BOQUERON,COMITE EMPRESARIAL EL BOQUERON,75.0,30.0,,40000000.0,,SI,NO,NO,NO,SI,SI,1.0,Quebrada,2.0,LITROS POR SEGUNDO,0.4,C,1,0.7,C,1.0,Sedimentación,0.4,C,1.0,25000.0,LITROS,6.0,MESES,0.7,C,1.0,1.0,30.0,0.0,0.0,Mayor de 100 m,1.0,A,2.0,LITROS POR SEGUNDO,No se realiza,No,,MILIGRAMOS POR LITRO,2019-11-13,No aplica,2019-11-13,No aplica,2019-11-13,1.0,0.6654,1.0,0.2,0.7164,2
2019-10-17,,ABASTO EL HATO,184381,Colombia,"CUNDINAMARCA,LA PALMA,El Hato",CUNDINAMARCA,LA PALMA,El Hato,5.310171,-74.416135,1550.0,25394002,,1990.0,2.0,1.0,"EL HATO, EL PORVENIR",ASOCIACIÓN VEREDAL EL HATO,131.0,44.0,,70000000.0,,NO,SI,NO,NO,SI,SI,1.0,Quebrada,2.0,LITROS POR SEGUNDO,1.0,A,1,0.7,C,1.0,Sedimentación,0.55,C,1.0,28000.0,LITROS,4.0,MESES,0.7,C,1.0,4.0,44.0,0.0,0.0,Mayor de 100 m,0.7,C,2.0,LITROS POR SEGUNDO,No se realiza,No,,MILIGRAMOS POR LITRO,2019-11-13,No pasa,2019-11-13,No aplica,2019-11-13,1.0,0.7653,0.8,0.275,0.7101,2
2019-10-18,,ABASTO LA CAÑADA,184384,Colombia,"CUNDINAMARCA,LA PALMA,La Cañada",CUNDINAMARCA,LA PALMA,La Cañada,5.368212,-74.414833,1700.0,25394000,,1990.0,1.0,1.0,LA CAÑADA,ASOCIACIÓN DEL ACUEDUCTO LA VEREDA LA CAÑADA,61.0,24.0,,40000000.0,,NO,SI,NO,NO,SI,SI,1.0,Quebrada,2.2,LITROS POR SEGUNDO,0.7,C,1,0.7,C,1.0,Sedimentación,0.55,C,1.0,30000.0,LITROS,4.0,MESES,0.7,C,1.0,5.0,24.0,0.0,0.0,Mayor de 100 m,0.7,C,3.0,LITROS POR SEGUNDO,No se realiza,No,,MILIGRAMOS POR LITRO,2019-11-13,No aplica,2019-11-13,No aplica,2019-11-13,1.0,0.7,0.8,0.275,0.6937,2
2019-10-21,,ABASTO CHURUPACO,184386,Colombia,"CUNDINAMARCA,YACOPÍ,CHURUPACO",CUNDINAMARCA,YACOPÍ,CHURUPACO,5.53971,-74.34971,1150.0,25885000,,1990.0,1.0,1.0,CHURUPACO,ASOCIACIÓN DE USUARIOS DE LA VEREDA CHURUPACO,140.0,35.0,,90000000.0,5000000.0,SI,NO,NO,NO,SI,SI,1.0,Quebrada,2.5,LITROS POR SEGUNDO,0.4,C,1,0.7,C,1.0,Sedimentación,0.7,C,2.0,7000.0,LITROS,5.0,MESES,0.7,C,1.0,24.0,35.0,0.0,0.0,Mayor de 100 m,0.7,C,2.5,LITROS POR SEGUNDO,No se realiza,No,,MILIGRAMOS POR LITRO,2019-11-13,No aplica,2019-11-13,No aplica,2019-11-13,1.0,0.6086,1.0,0.35,0.7397,2
2019-10-21,,ABASTO ALONSO,184388,Colombia,"CUNDINAMARCA,YACOPÍ,ALONSO",CUNDINAMARCA,YACOPÍ,ALONSO,5.453807,-74.358208,1300.0,25885000,,1998.0,1.0,1.0,ALONSO,ASOCIACIÓN DE USUARIOS VEREDA ALONSO,108.0,27.0,,50000000.0,,SI,NO,NO,NO,SI,SI,1.0,Quebrada,3.0,LITROS POR SEGUNDO,0.7,C,1,0.7,C,1.0,Sedimentación,0.7,C,1.0,32000.0,LITROS,6.0,MESES,0.7,C,1.0,24.0,27.0,0.0,0.0,Mayor de 100 m,0.7,C,2.0,LITROS POR SEGUNDO,No se realiza,No,,MILIGRAMOS POR LITRO,2019-11-13,No aplica,2019-11-13,No aplica,2019-11-13,1.0,0.7,0.8,0.35,0.7125,2
2019-10-21,,ABASTO CORINTO,184389,Colombia,"CUNDINAMARCA,YACOPÍ,CORINTO",CUNDINAMARCA,YACOPÍ,CORINTO,5.430786,-74.385255,1782.0,25885000,,1988.0,1.0,1.0,CORINTO,ASOCIACIÓN DE AFILIADOS VEREDA CORINTO,60.99999999999999,28.0,,35000000.0,,NO,SI,NO,NO,SI,SI,1.0,Quebrada,3.0,LITROS POR SEGUNDO,0.7,C,1,1.0,A,1.0,Sedimentación,0.55,C,1.0,20000.0,LITROS,2.0,MESES,1.0,A,1.0,2.0,28.0,0.0,0.0,Mayor de 100 m,0.7,C,1.0,LITROS POR SEGUNDO,No se realiza,No,,MILIGRAMOS POR LITRO,2019-11-13,No aplica,2019-11-13,No aplica,2019-11-13,1.0,0.8367,1.0,0.275,0.7779,2
2019-10-22,,ABASTO EL UBE,184426,Colombia,"CUNDINAMARCA,YACOPÍ,EL UBE",CUNDINAMARCA,YACOPÍ,EL UBE,5.483049,-74.362028,1840.0,25885000,,1980.0,1.0,1.0,EL UBE,ASOCIACIÓN COMUNITARIA EL UBE,204.0,51.0,,40000000.0,25000000.0,NO,SI,NO,NO,SI,SI,1.0,Quebrada,3.0,LITROS POR SEGUNDO,0.7,C,1,0.7,C,1.0,Sedimentación,0.4,C,2.0,45000.0,LITROS,3.0,MESES,0.7,C,1.0,1.0,51.0,0.0,0.0,Mayor de 100 m,0.7,C,0.07,LITROS POR SEGUNDO,No se realiza,No,,MILIGRAMOS POR LITRO,2019-11-13,No aplica,2019-11-13,No aplica,2019-11-13,1.0,0.7,1.0,0.2,0.725,2
2019-10-21,,ABASTO LA PRIMAVERA 2,184447,Colombia,"CUNDINAMARCA,GUAYABETAL,LA PRIMAVERA",CUNDINAMARCA,GUAYABETAL,LA PRIMAVERA,4.21729,-73.80573,1164.2,25335000,,1998.0,3.0,1.0,"CASA ROJA, SECTOR LA ESCUELA, SECTOR PRIMAVERA BAJA",ASOCIACIÓN DE USUARIOS ACUEDUCTO CAÑO DUQUE,296.0,100.0,,,,SI,NO,NO,NO,NO,SI,1.0,Quebrada,1.0,LITROS POR SEGUNDO,0.0,D,1,0.7,C,,,,,1.0,500.0,LITROS,1.0,MESES,1.0,A,3.0,24.0,100.0,0.0,0.0,Mayor de 100 m,1.0,A,1.0,LITROS POR SEGUNDO,No se realiza,No,,MILIGRAMOS POR LITRO,2019-11-14,No aplica,2019-11-14,No aplica,2019-11-14,0.0422,0.0,0.8,0.1,0.2356,2
2019-10-24,,ABASTO VEREDA SAN ANTONIO,184466,Colombia,"CUNDINAMARCA,GUAYABETAL,SAN ANTONIO",CUNDINAMARCA,GUAYABETAL,SAN ANTONIO,4.20363,-73.82675,1261.2,25335005,,2000.0,4.0,1.0,"SAN ANTONIO ALTO , SAN ANTONIO BAJO, SECTOR EL TAURETE , SECTOR VILLA HELENA",ASOCIACIÓN ACUEDUCTO SAN ANTONIO,594.0,130.0,,,3200000.0,SI,NO,NO,NO,NO,SI,2.0,Quebrada,1.5,LITROS POR SEGUNDO,0.5,C,1,0.7,C,1.0,Sedimentación,0.5,C,3.0,47000.0,LITROS,1.0,MESES,1.0,A,5.0,24.0,130.0,0.0,0.0,Mayor de 100 m,1.0,A,1.5,LITROS POR SEGUNDO,No se realiza,"Sí, pero no de maner mayoritaria",,MILIGRAMOS POR LITRO,2019-11-14,No aplica,2019-11-14,No aplica,2019-11-14,1.0,0.7692,1.0,0.25,0.7548,2
2019-10-21,,ABASTO REGIONAL PORTONES,184498,Colombia,"CUNDINAMARCA,SAN BERNARDO,Vereda Alejandria",CUNDINAMARCA,SAN BERNARDO,Vereda Alejandria,4.14856,-74.37707,2122.4,25-649,,2000.0,14.0,1.0,"ALEJANDRINA, EL BANQUEO, EL CARMEN, EL CUARTEL, EL VERGEL, HATO VIEJO, PALMIRA, PORTONES, SAN ANTONIO, SAN FRANCISCO, SAN FRANCISCO BAJO, SAN ISIDRO, SAN PATRICIO SECTOR POBLADO, TISINCE",ASOCIACION DE USUARIOS DEL ACUEDUCTO REGIONAL PORTONES HATO VIEJO Y OTROS DE SAN BERNARDO Y ARBELAEZ,2240.8333333333335,565.0,Otros,5000000.0,40000000.0,SI,NO,NO,NO,SI,SI,1.0,Río,10.0,LITROS POR SEGUNDO,0.4,C,4,1.0,A,,,,,2.0,128000.0,LITROS,12.37,MESES,0.35,D,3.0,24.0,545.0,0.0,0.0,Mayor de 100 m,0.7,C,1.5,LITROS POR SEGUNDO,No se realiza,No,,MILIGRAMOS POR LITRO,2019-11-14,No aplica,2019-11-14,No aplica,2019-11-14,1.0,0.5595,0.8,0.1,0.6149,2
2019-10-22,,ABASTO EL VINCHE,184499,Colombia,"CUNDINAMARCA,YACOPÍ,VINCHE",CUNDINAMARCA,YACOPÍ,VINCHE,5.505274,-74.353839,1572.0,25885000,,1988.0,1.0,1.0,VINCHE,ASOCIACION DE USUARIOS VEREDA VINCHE,74.21052631578948,30.0,,45000000.0,,NO,SI,NO,NO,SI,SI,1.0,Quebrada,3.0,LITROS POR SEGUNDO,0.7,C,1,0.7,C,1.0,Sedimentación,0.55,C,1.0,40000.0,LITROS,3.0,MESES,0.7,C,1.0,1.0,30.0,0.0,0.0,Mayor de 100 m,0.7,C,0.08,LITROS POR SEGUNDO,No se realiza,No,,MILIGRAMOS POR LITRO,2019-11-14,No aplica,2019-11-14,No aplica,2019-11-14,1.0,0.7,0.8,0.275,0.6937,2
2019-10-15,,ABASTO EL MANANTIAL,184500,Colombia,"CUNDINAMARCA,SAN BERNARDO,VEREDA PIRINEOS ALTO",CUNDINAMARCA,SAN BERNARDO,VEREDA PIRINEOS ALTO,4.177829,-74.432832,1957.0,25-649,,2000.0,9.0,1.0,"ALTO DEL PINO, ALTOS DEL PINO SECTOR ALTO, DESPENSA, MONSERRATE, PIRINEOS ALTO, PIRINEOS BAJO, PRIMAVERA, SAN MIGUEL, SILENCIO",ASOCIACION DE USUARIOS ACUEDUCTO MANANTIAL,1619.68,421.0,Otros,3000000.0,40000000.0,SI,NO,NO,NO,SI,SI,1.0,Quebrada,3.0,LITROS POR SEGUNDO,1.0,A,4,0.7,C,,,,,2.0,150000.0,LITROS,6.0,MESES,0.85,B,6.0,24.0,421.0,370.0,320.0,Mayor de 100 m,0.75,B,1.8,LITROS POR SEGUNDO,No se realiza,"Sí, pero no de maner mayoritaria",,MILIGRAMOS POR LITRO,2019-11-14,No aplica,2019-11-14,No aplica,2019-11-14,1.0,0.8173,1.0,0.2,0.7543,2
2019-10-23,,ABASTO MORAY,184502,Colombia,"CUNDINAMARCA,YACOPÍ,MORAY",CUNDINAMARCA,YACOPÍ,MORAY,5.51699,-74.34088,1040.0,25885000,,1995.0,2.0,1.0,"MORAY, SECTOR LA PISCINA",ASOCIACIÓN DE USUARIOS ACUEDUCTO MORAY,141.0,52.0,,20000000.0,,SI,NO,NO,NO,SI,SI,1.0,Fuente,3.0,LITROS POR SEGUNDO,0.7,C,1,0.7,C,1.0,Sedimentación,0.55,C,1.0,25000.0,LITROS,3.0,MESES,0.7,C,1.0,24.0,52.0,0.0,0.0,Mayor de 100 m,0.7,C,1.0,LITROS POR SEGUNDO,No se realiza,No,,MILIGRAMOS POR LITRO,2019-11-14,No aplica,2019-11-14,No aplica,2019-11-14,1.0,0.7,0.6,0.275,0.6437,2
2019-10-16,,ABASTO LAUREL ALTO Y AGUA AMARILLA,184503,Colombia,"CUNDINAMARCA,SAN BERNARDO,Vereda Laurel Alto",CUNDINAMARCA,SAN BERNARDO,Vereda Laurel Alto,4.1625,-74.36144,2659.6,25-649,,2007.0,4.0,1.0,"AGUA AMARILLA, EL BARRIO, LAUREL ALTO, LAUREL BAJO","ASOCIACION DE USUARIOS DEL ACUEDUCTO LAUREL ALTO,BAJO Y AGUA AMARILLA",243.89999999999998,83.0,Otros,1000000.0,40000000.0,SI,NO,NO,NO,SI,SI,1.0,Quebrada,1.0,LITROS POR SEGUNDO,1.0,A,1,0.7,C,,,,,3.0,17000.0,LITROS,6.0,MESES,0.85,B,3.0,24.0,83.0,0.0,0.0,Mayor de 100 m,0.7,C,0.6,LITROS POR SEGUNDO,No se realiza,No,,MILIGRAMOS POR LITRO,2019-11-14,No aplica,2019-11-14,No aplica,2019-11-14,1.0,0.8033,0.8,0.1,0.6758,2
2019-10-23,,ABASTO SAN LUIS,184505,Colombia,"CUNDINAMARCA,YACOPÍ,SAN LUIS",CUNDINAMARCA,YACOPÍ,SAN LUIS,5.50247,-74.350026,1330.0,25885000,,1995.0,1.0,1.0,SAN LUIS,ASOCIACION DEL ACUEDUCTO SAN LUIS,77.25,24.0,,50000000.0,,NO,SI,NO,NO,SI,SI,1.0,Quebrada,4.2,LITROS POR SEGUNDO,0.7,C,1,0.7,C,1.0,Sedimentación,0.2,D,1.0,30000.0,LITROS,3.0,MESES,0.7,C,1.0,1.0,24.0,0.0,0.0,Mayor de 100 m,0.7,C,0.06,LITROS POR SEGUNDO,No se realiza,No,,MILIGRAMOS POR LITRO,2019-11-14,No aplica,2019-11-14,No aplica,2019-11-14,1.0,0.7,1.0,0.1,0.7,2
2019-10-23,,ABASTO TERAMA,184507,Colombia,"CUNDINAMARCA,YACOPÍ,TERAMA",CUNDINAMARCA,YACOPÍ,TERAMA,5.53639,-74.36949,1170.0,25885000,,1995.0,1.0,1.0,TERAMA,ASOCIACIÓN DE USUARIOS DEL ACUEDUCTO VEREDA TERAMA,117.0,47.0,,50000000.0,,SI,NO,NO,NO,SI,SI,1.0,Quebrada,3.0,LITROS POR SEGUNDO,0.7,C,1,0.7,C,1.0,Sedimentación,0.55,C,1.0,35000.0,LITROS,3.0,MESES,0.55,C,1.0,24.0,47.0,0.0,0.0,Mayor de 100 m,0.7,C,3.0,LITROS POR SEGUNDO,No se realiza,No,,MILIGRAMOS POR LITRO,2019-11-14,No aplica,2019-11-14,No aplica,2019-11-14,1.0,0.659,1.0,0.275,0.7335,2
2019-10-23,,ABASTO YACOPI GRANDE,184509,Colombia,"CUNDINAMARCA,YACOPÍ,YACOPI GRANDE",CUNDINAMARCA,YACOPÍ,YACOPI GRANDE,5.45132,-74.31145,1380.0,25885000,,1980.0,1.0,1.0,YACOPI GRANDE,ASOCIACION DEL ACUEDUCTO YACOPI GRANDE,59.48148148148148,22.0,,40000000.0,,SI,NO,NO,NO,SI,SI,1.0,Fuente,2.2,LITROS POR SEGUNDO,0.7,C,1,0.7,C,1.0,Sedimentación,0.55,C,1.0,35000.0,LITROS,6.0,MESES,0.7,C,1.0,24.0,22.0,0.0,0.0,Mayor de 100 m,1.0,A,0.8,LITROS POR SEGUNDO,No se realiza,No,,MILIGRAMOS POR LITRO,2019-11-14,No aplica,2019-11-14,No aplica,2019-11-14,1.0,0.7653,1.0,0.275,0.7601,2
2019-10-18,,ABASTO MARCHA,184517,Colombia,"CUNDINAMARCA,LA PALMA,Marcha",CUNDINAMARCA,LA PALMA,Marcha,5.29908,-74.42329,1110.0,25394000,,1997.0,1.0,1.0,MARCHA,ASOCIACIÓN DE ACUEDUCTO VEREDAL MARCHA,88.0,28.0,,22000000.0,,SI,NO,NO,NO,SI,SI,1.0,Quebrada,3.0,LITROS POR SEGUNDO,0.7,C,2,0.7,C,1.0,Sedimentación,0.55,C,1.0,5000.0,LITROS,4.0,MESES,0.35,D,1.0,24.0,28.0,0.0,0.0,Mayor de 100 m,0.7,C,4.0,LITROS POR SEGUNDO,No se realiza,No,,MILIGRAMOS POR LITRO,2019-11-14,No aplica,2019-11-14,No aplica,2019-11-14,1.0,0.5886,1.0,0.275,0.7159,2
2019-11-14,,ACUEDUCTO ASUSERVI VEREDA EL  TUNAL - ZIPAQUIRA ,184657,Colombia,"CUNDINAMARCA,ZIPAQUIRÁ,EL TUNAL",CUNDINAMARCA,ZIPAQUIRÁ,EL TUNAL,5.0152,-73.9417,2641.0,25-899-004,,1989.0,6.0,1.0,"PARRTE BAJA SECTOR 2, PARTE ALTA SECTOR 1, PARTE ALTA SECTOR 2, PARTE BAJA SECTOR 1, PARTE BAJA SECTOR 3 , PARTE BAJA SECTOR 4 ",ASOCIACION DE USARIOS DE AGUA POTABLE DE LA VEREDA EL TUNAL,549.0,147.0,Otros,100000.0,83000000.0,SI,SI,NO,NO,NO,SI,1.0,Pozo Perforado,4.0,LITROS POR SEGUNDO,1.0,A,3,1.0,A,1.0,Desinfección con cloro,0.2,D,3.0,240000.0,LITROS,3.0,MESES,0.85,B,6.0,12.0,147.0,147.0,147.0,Mayor de 100 m,1.0,A,4.0,LITROS POR SEGUNDO,"Sí, pero no funciona",No,5.0,MILIGRAMOS POR LITRO,2018-04-18,Sí pasa,2018-04-19,Sí pasa,2018-04-18,1.0,0.9602,0.8,0.3,0.7651,2
2019-11-27,,ACUEDUCTO TIERRA GRATA,184687,Colombia,"CUNDINAMARCA,FACATATIVÁ,Tierra Grata",CUNDINAMARCA,FACATATIVÁ,Tierra Grata,4.86112,-74.29141,2743.0,25269024 ,,1991.0,3.0,1.0,"FINCAS, SECTOR LAS FINCAS, SECTOR TIERRA GRATA BAJA",ASOCIACIÓN DE USUARIOS DE ACUEDUCTO Y ALCANTARILLADO VEREDA TIERRA GRATA,1145.0,368.0,,,,SI,NO,NO,NO,NO,SI,1.0,Quebrada,1.5,LITROS POR SEGUNDO,1.0,A,1,1.0,A,4.0,"Filtración rápida, Coagulación y Floculación, Desinfección con cloro, Sedimentación",0.475,C,1.0,180000.0,LITROS,2.0,MESES,1.0,A,2.0,2.0,259.0,259.0,259.0,Mayor de 100 m,1.0,A,1.5,LITROS POR SEGUNDO,"Sí, y funciona","Sí, pero no de maner mayoritaria",,MILIGRAMOS POR LITRO,2019-11-23,No aplica,2019-11-23,No aplica,2019-11-23,1.0,1.0,0.6,0.7375,0.8344,2
2019-11-21,,ACUEDUCTO PUENTE DE TIERRA,184688,Colombia,"CUNDINAMARCA,UNE,PUENTE TIERRA",CUNDINAMARCA,UNE,PUENTE TIERRA,4.40743,-74.02709,2342.3,25845000,,1985.0,3.0,1.0,"MATEGA, PUENTE TIERRA, SECTOR EL TABLÓN",ASOCIACIÓN DE USUARIOS DEL ACUEDUCTO VEREDAL PUENTE DE TIERRA,433.0,105.0,,,3000000.0,SI,NO,NO,NO,NO,SI,1.0,Ojo de agua o manantial,5.0,LITROS POR SEGUNDO,0.7,C,1,0.7,C,3.0,"Filtración rápida, Desinfección con cloro, Coagulación y Floculación",1.0,A,1.0,60000.0,LITROS,1.0,MESES,1.0,A,3.0,24.0,105.0,105.0,105.0,Mayor de 100 m,0.7,C,5.0,LITROS POR SEGUNDO,"Sí, y funciona","Sí, pero no de maner mayoritaria",,MILIGRAMOS POR LITRO,2019-11-23,No aplica,2019-11-23,No aplica,2019-11-23,1.0,0.7653,0.4,1.0,0.7913,2
2019-11-21,,ABASTO SALITRE - SAN LUIS,184689,Colombia,"CUNDINAMARCA,UNE,El Salitre",CUNDINAMARCA,UNE,El Salitre,4.37915,-74.01011,2712.7,25845000,,1981.0,5.0,1.0,"EL UVAL, LA ESCUELA, SECTOR ALTO DE LOS REYES, SECTOR GUACHA, SECTOR LA ESCUELA EL SALITRE",ASOCIACIÓN DE USUARIOS ACUEDUCTO RURAL SALITRE SAN LUIS,520.0,150.0,,,16000000.0,SI,NO,NO,NO,NO,SI,1.0,Quebrada,1.0,LITROS POR SEGUNDO,1.0,A,1,1.0,A,1.0,Sedimentación,0.7,C,2.0,21000.0,LITROS,3.0,MESES,0.85,B,5.0,24.0,150.0,148.0,148.0,Mayor de 100 m,0.7,C,1.0,LITROS POR SEGUNDO,No se realiza,"Sí, pero no de maner mayoritaria",,MILIGRAMOS POR LITRO,2019-11-23,No aplica,2019-11-23,No aplica,2019-11-23,1.0,0.8783,1.0,0.35,0.8071,2
2019-11-20,,ABASTO LA REINA,184690,Colombia,"CUNDINAMARCA,GUTIÉRREZ,LA REINA",CUNDINAMARCA,GUTIÉRREZ,LA REINA,4.25097,-73.99299,2343.1,25339000,,2015.0,1.0,1.0,LA REINA ,JUNTA DE ACCIÓN COMUNAL VEREDA LA REINA ,43.0,14.0,,38000000.0,,SI,NO,NO,NO,NO,SI,1.0,Ojo de agua o manantial,1.1,LITROS POR SEGUNDO,0.7,C,1,1.0,A,,,,,2.0,24000.0,LITROS,4.0,MESES,0.85,B,2.0,24.0,14.0,0.0,0.0,Mayor de 100 m,1.0,A,1.1,LITROS POR SEGUNDO,No se realiza,No,,MILIGRAMOS POR LITRO,2019-11-23,No aplica,2019-11-23,No aplica,2019-11-23,1.0,0.8783,0.8,0.1,0.6946,2
2019-11-19,,ABASTO LA CONCEPCIÓN 1,184691,Colombia,"CUNDINAMARCA,GUTIÉRREZ,LA CONCEPCION",CUNDINAMARCA,GUTIÉRREZ,LA CONCEPCION,4.28969,-73.99225,2850.5,25339000,,1999.0,2.0,1.0,"LA CONCEPCIÓN ALTA, SECTOR LA ESCUELA",JUNTA DE ACCIÓN COMUNAL VEREDA LA CONCEPCIÓN,127.0,40.0,,,36000000.0,SI,NO,NO,NO,NO,SI,1.0,Ojo de agua o manantial,1.0,LITROS POR SEGUNDO,0.0,D,1,1.0,A,2.0,"Filtración rápida, Filtración rápida",0.85,B,2.0,33000.0,LITROS,1.0,MESES,1.0,A,1.0,24.0,40.0,0.0,0.0,Mayor de 100 m,1.0,A,1.0,LITROS POR SEGUNDO,No se realiza,No,,MILIGRAMOS POR LITRO,2019-11-23,No aplica,2019-11-23,No aplica,2019-11-23,1.0,0.0,1.0,0.425,0.6062,2
2019-11-19,,ABASTO LA CONCEPCIÓN 2,184692,Colombia,"CUNDINAMARCA,GUTIÉRREZ,LA CONCEPCION",CUNDINAMARCA,GUTIÉRREZ,LA CONCEPCION,4.27049,-73.98956,2702.4,25339000,,1999.0,1.0,1.0,LA CONCEPCION BAJA,JUNTA DE ACCIÓN COMUNAL VEREDA LA CONCEPCIÓN,104.0,33.0,,,36000000.0,SI,NO,NO,NO,NO,SI,1.0,Quebrada,2.0,LITROS POR SEGUNDO,1.0,A,1,1.0,A,1.0,Sedimentación,1.0,A,6.0,27000.0,LITROS,1.0,MESES,1.0,A,1.0,24.0,33.0,0.0,0.0,Mayor de 100 m,1.0,A,2.0,LITROS POR SEGUNDO,No se realiza,No,,MILIGRAMOS POR LITRO,2019-11-23,No aplica,2019-11-23,No aplica,2019-11-23,1.0,1.0,1.0,0.5,0.875,2
2019-11-20,,ABASTO CERINZA - TRAPICHE,184693,Colombia,"CUNDINAMARCA,GUTIÉRREZ,CERINZA",CUNDINAMARCA,GUTIÉRREZ,CERINZA,4.26883,-73.95611,2747.6,25339000,,1998.0,3.0,1.0,"CERINZA , EL CARMEN ,  TRAPICHE",JUNTA DE ACCIÓN COMUNAL CERINZA TRAPICHE,266.0,90.0,,,,SI,NO,NO,NO,SI,SI,1.0,Quebrada,2.8,LITROS POR SEGUNDO,1.0,A,1,0.7,C,,,,,1.0,90000.0,LITROS,12.37,MESES,0.2,D,2.0,24.0,90.0,0.0,0.0,Mayor de 100 m,1.0,A,2.8,LITROS POR SEGUNDO,No se realiza,No,,MILIGRAMOS POR LITRO,2019-11-23,No aplica,2019-11-23,No aplica,2019-11-23,1.0,0.6117,0.6,0.1,0.5779,2
2019-11-18,,ABASTO POTRERITOS 1,184694,Colombia,"CUNDINAMARCA,GUTIÉRREZ,POTRERITOS",CUNDINAMARCA,GUTIÉRREZ,POTRERITOS,4.21079,-74.03403,2908.2,25339000,,2000.0,2.0,1.0,"CABRERA, SABANA",JUNTA DE ACCIÓN COMUNAL VEREDA POTRERITOS,263.0,71.0,,,,SI,NO,NO,NO,NO,SI,1.0,Quebrada,1.8,LITROS POR SEGUNDO,0.7,C,1,0.7,C,,,,,1.0,10000.0,LITROS,12.37,MESES,0.5,C,2.0,24.0,81.0,0.0,0.0,Mayor de 100 m,0.7,C,1.8,LITROS POR SEGUNDO,No se realiza,No,,MILIGRAMOS POR LITRO,2019-11-23,No aplica,2019-11-23,No aplica,2019-11-23,0.9506,0.6435,0.6,0.1,0.5735,2
2019-11-18,,ABASTO POTRERRITOS 2,184695,Colombia,"CUNDINAMARCA,GUTIÉRREZ,POTRERITOS",CUNDINAMARCA,GUTIÉRREZ,POTRERITOS,4.20365,-74.02841,2646.5,25339000,,2000.0,2.0,1.0,"COLONIAS, LA VEGA",JUNTA DE ACCIÓN COMUNAL VEREDA POTRERITOS,289.0,81.0,,,,SI,NO,NO,NO,NO,SI,1.0,Quebrada,1.5,LITROS POR SEGUNDO,0.7,C,1,0.7,C,,,,,3.0,12000.0,LITROS,12.37,MESES,0.45,C,4.0,24.0,71.0,0.0,0.0,Mayor de 100 m,0.7,C,1.5,LITROS POR SEGUNDO,No se realiza,No,,MILIGRAMOS POR LITRO,2019-11-23,No aplica,2019-11-23,No aplica,2019-11-23,1.0,0.6268,0.6,0.1,0.5817,2
2019-11-14,,ABASTO CAMPOALEGRE,184704,Colombia,"CUNDINAMARCA,GUATAQUÍ,CAMPO ALEGRE",CUNDINAMARCA,GUATAQUÍ,CAMPO ALEGRE,4.58006,-74.77462,408.0,25324000,,1988.0,1.0,1.0,CAMPOALEGRE,ASOCIACIÓN  DE USUARIOS ACUEDUCTO DE LA VEREDA CAMPOALEGRE ,98.0,30.0,,10000000.0,,SI,NO,NO,NO,NO,SI,1.0,Ojo de agua o manantial,0.28,LITROS POR SEGUNDO,0.0,D,2,0.7,C,2.0,"Filtración lenta, Sedimentación",0.7,C,1.0,50000.0,LITROS,6.0,MESES,0.85,B,1.0,24.0,30.0,0.0,0.0,Mayor de 100 m,0.7,C,0.25,LITROS POR SEGUNDO,No se realiza,No,,MILIGRAMOS POR LITRO,2019-11-24,No aplica,2019-11-24,No aplica,2019-11-24,1.0,0.0,0.6,0.35,0.4875,2
2019-11-14,,ABASTO CASA BLANCA,184705,Colombia,"CUNDINAMARCA,RICAURTE,CASA BLANCA",CUNDINAMARCA,RICAURTE,CASA BLANCA,4.28276,-74.68486,350.0,25612000,,1995.0,6.0,1.0,"LA BARRILOSA, LA CHONTA, LA DULCE, LA DULCE INICIADOR, LA HONDANADA, LA SALADA",ASOCIACIÓN DE ACUEDUCTO VEREDA CASABLANCA ,638.9370967741936,175.0,,65000000.0,,SI,NO,NO,NO,NO,SI,2.0,Quebrada,1.35,LITROS POR SEGUNDO,0.4,C,4,0.7,C,2.0,"Sedimentación, Sedimentación",0.85,B,2.0,80000.0,LITROS,6.0,MESES,0.7,C,4.0,8.0,175.0,0.0,0.0,Mayor de 100 m,0.7,C,1.23,LITROS POR SEGUNDO,No se realiza,No,,MILIGRAMOS POR LITRO,2019-11-24,No aplica,2019-11-24,No aplica,2019-11-24,1.0,0.6086,0.8,0.425,0.7084,2
2019-11-20,,ABASTO EL RESGUARDO - PUEBLO VIEJO,184706,Colombia,"CUNDINAMARCA,GUAYABAL DE SÍQUIMA,RESGUARDO",CUNDINAMARCA,GUAYABAL DE SÍQUIMA,RESGUARDO,4.87077,-74.48054,1670.0,25328000,,1988.0,8.0,1.0,"PUEBLO VIEJO ALTO, PUEBLO VIEJO PARTE BAJA, PUEBLO VIEJO SECTOR EL LIMON , PUEBLO VIEJO SECTOR PANAMERICANA, PUEBLO VIEJO SECTOR RODEO, PUEBLO VIEJO SECTOR SAN VICENTE, RESGUARDO PARTE ALTA, RESGUARDO PARTE BAJA",ASOCIACIÓN DE USUARIOS DEL SERVICIO DE AGUA POTABLE DEL ACUEDUCTO DE LAS VEREDAS RESGUARDO Y PUEBLO VIEJO ,1167.3333333333333,296.0,,25000000.0,,SI,NO,NO,NO,SI,SI,1.0,Quebrada,2.58,LITROS POR SEGUNDO,1.0,A,2,1.0,A,1.0,Sedimentación,1.0,A,3.0,120000.0,LITROS,6.0,MESES,0.85,B,6.0,24.0,296.0,0.0,0.0,Mayor de 100 m,0.7,C,2.15,LITROS POR SEGUNDO,No se realiza,No,,MILIGRAMOS POR LITRO,2019-11-24,No aplica,2019-11-24,No aplica,2019-11-24,1.0,0.8783,0.8,0.5,0.7946,2
2019-11-24,,ABASTO EL TRIGO - EL ROBLE,184707,Colombia,"CUNDINAMARCA,JERUSALÉN,Alto Del Trigo",CUNDINAMARCA,JERUSALÉN,Alto Del Trigo,4.586023,-74.630425,980.0,25368002,,1978.0,2.0,1.0,"ALTO DEL TRIGO, EL ROBLE",ASOCIACIÓN ACUEDUCTO ALTO DEL TRIGO- EL ROBLE ,580.0,145.0,,11000000.0,,SI,SI,NO,NO,NO,SI,1.0,Ojo de agua o manantial,1.02,LITROS POR SEGUNDO,0.4,C,2,0.7,C,1.0,Sedimentación,0.85,B,1.0,75000.0,LITROS,6.0,MESES,0.85,B,2.0,8.0,145.0,0.0,0.0,Mayor de 100 m,1.0,A,1.02,LITROS POR SEGUNDO,No se realiza,No,,MILIGRAMOS POR LITRO,2019-11-24,No aplica,2019-11-24,No aplica,2019-11-24,1.0,0.6985,0.8,0.425,0.7309,2
2019-11-13,,ABASTO LA PARADA,184708,Colombia,"CUNDINAMARCA,JERUSALÉN,La Parada",CUNDINAMARCA,JERUSALÉN,La Parada,4.54723,-74.64749,890.0,25368000,,2017.0,4.0,1.0,"LA PARADA SECTOR CENTRO, LA PARADA SECTOR EL CERRO, LA PARADA SECTOR LA GUASIMA, SECTOR LA COLORADA",ASOCIACIÓN VEREDAL LA PARADA ,112.8,40.0,,45000000.0,,SI,NO,NO,NO,NO,SI,1.0,Ojo de agua o manantial,0.35,LITROS POR SEGUNDO,0.0,D,2,0.7,C,1.0,Sedimentación,1.0,A,1.0,24000.0,LITROS,6.0,MESES,0.85,B,1.0,24.0,40.0,0.0,0.0,Mayor de 100 m,1.0,A,0.35,LITROS POR SEGUNDO,No se realiza,No,,MILIGRAMOS POR LITRO,2019-11-24,No aplica,2019-11-24,No aplica,2019-11-24,1.0,0.0,0.8,0.5,0.575,2
2019-11-28,,ABASTO DE AGUA MESA NEGRA,184755,Colombia,"CUNDINAMARCA,MEDINA,MESANEGRA",CUNDINAMARCA,MEDINA,MESANEGRA,4.54987,-73.40962,761.0,25-438-000,,1976.0,3.0,1.0,"ALTO RUBENERA, LA CONGOJA, MESA GRANDE",JUNTA DE ACCCION COMUNAL DE LA VEREDA MESA NEGRA,81.0,30.0,,,,SI,NO,NO,NO,SI,SI,1.0,Quebrada,0.7,METROS CÚBICOS POR SEGUNDO,0.7,C,1,0.7,C,1.0,Sedimentación,0.85,B,2.0,68000.0,LITROS,61.84,MESES,0.35,D,1.0,24.0,30.0,0.0,0.0,Mayor de 100 m,1.0,A,0.43,LITROS POR SEGUNDO,No se realiza,No,,MILIGRAMOS POR LITRO,2019-11-27,No aplica,2019-11-27,No aplica,2019-11-27,1.0,0.6435,1.0,0.425,0.7671,2
2019-11-26,,ABASTO DE AGUA DE LA VEREDA DE PERIQUITO,184756,Colombia,"CUNDINAMARCA,MEDINA,Vereda Periquito",CUNDINAMARCA,MEDINA,Vereda Periquito,4.49383,-73.40446,669.0,25-438-000,,1990.0,1.0,1.0,SECTOR EL CACERIO,ASOCIACIÓN DE SUSCRIPTORES DEL ACUEDUCTO RURAL DE LA VEREDA PERIQUITO DEL MUNICIPIO DE MEDINA,42.0,12.0,,0.0,,SI,NO,NO,NO,SI,SI,1.0,Quebrada,0.7,METROS CÚBICOS POR SEGUNDO,0.0,D,1,0.7,C,,,,,1.0,0.0,LITROS,,MESES,0.0,D,1.0,24.0,12.0,0.0,0.0,Mayor de 100 m,0.7,C,0.17,LITROS POR SEGUNDO,No se realiza,No,,MILIGRAMOS POR LITRO,2019-11-27,No pasa,2019-11-27,No pasa,2019-11-27,0.0,0.0,0.6,0.0,0.15,2
2019-11-27,,ABASTO DE AGUA DE LA INSPECCION DE GAZADUJE,184757,Colombia,"CUNDINAMARCA,MEDINA,GAZADUJE CENTRO",CUNDINAMARCA,MEDINA,GAZADUJE CENTRO,4.57399,-73.32618,511.0,25-438-011,,1976.0,1.0,1.0,CENTRO POBLADO,JUNTA DE ACCIÓN COMUNAL  ALTO GAZADIJE,280.0,70.0,,0.0,,SI,NO,NO,NO,NO,SI,1.0,Ojo de agua o manantial,15.0,LITROS POR SEGUNDO,1.0,A,2,1.0,A,1.0,Sedimentación,0.85,B,1.0,40000.0,LITROS,24.74,MESES,0.35,D,1.0,24.0,70.0,0.0,0.0,Mayor de 100 m,0.0,D,0.87,LITROS POR SEGUNDO,No se realiza,No,,MILIGRAMOS POR LITRO,2019-11-27,No aplica,2019-11-27,No aplica,2019-11-27,1.0,0.0,1.0,0.425,0.6062,2
2019-11-27,,ACUEDUCTO LASOGU,184758,Colombia,"CUNDINAMARCA,TIBIRITA,SOCOATA",CUNDINAMARCA,TIBIRITA,SOCOATA,5.080635,-73.545161,1847.0,25873000,,1996.0,6.0,1.0,"BARBOSA, GUSVITA, PUERTO LOPEZ, SOCUATA, TEGUAVITA BAJO, VETANIA","ASOCIACIÓN DE USUARIOS DEL ACUEDUCTO LAGUNA, SOCUATA Y GUSVITA""LASOGU""",1510.0,380.0,Plan Departamental de Agua,120000000.0,40000000.0,SI,NO,NO,NO,SI,SI,1.0,Quebrada,24.0,LITROS POR SEGUNDO,1.0,A,1,1.0,A,1.0,Coagulación y Floculación,1.0,A,2.0,60000.0,LITROS,6.0,MESES,0.85,B,6.0,24.0,390.0,390.0,390.0,Mayor de 100 m,1.0,A,1.8,LITROS POR SEGUNDO,"Sí, y funciona",No,0.5,MILIGRAMOS POR LITRO,2019-09-27,Sí pasa,2019-09-27,Sí pasa,2019-09-27,0.9933,0.9602,0.8,1.0,0.9384,2
2019-12-02,,"ACUEDUCTO CENTRO POBLADO MAYA ""ACUMAYA""",184759,Colombia,"CUNDINAMARCA,PARATEBUENO,MAYA",CUNDINAMARCA,PARATEBUENO,MAYA,4.50637,-73.13397,266.0,25-530-001,,1980.0,2.0,1.0,"SECTOR CACERIO MAYA, SECTOR VILLA BRAIDY",ASOCIACION DE SUSCRIPTORES DEL SERVICIO DE ACUEDUCTO DE LA INSPECCCION DE MAYA DEL MUNICIPIO DE PARATEBUENO DEPARTAMENTO DE CUNDINAMARCA,1540.0,385.0,,,883000000.0,SI,NO,NO,NO,SI,SI,1.0,Quebrada,2.0,METROS CÚBICOS POR SEGUNDO,0.7,C,2,1.0,A,5.0,"Sedimentación, Coagulación y Floculación, Sedimentación, Filtración rápida, Desinfección con cloro",1.0,A,2.0,200000.0,LITROS,2.0,MESES,1.0,A,1.0,12.0,385.0,385.0,360.0,Mayor de 100 m,1.0,A,3.47,LITROS POR SEGUNDO,"Sí, y funciona",No,,MILIGRAMOS POR LITRO,2019-11-27,No aplica,2019-11-27,No aplica,2019-11-27,1.0,0.9147,1.0,1.0,0.9787,2
2019-11-27,,ABASTO BOSAVITA- CHINQUIRA,184760,Colombia,"CUNDINAMARCA,VILLAPINZÓN,BOSAVITA",CUNDINAMARCA,VILLAPINZÓN,BOSAVITA,5.245322,-73.547414,3068.0,25873000,,1985.0,6.0,1.0,"BOSAVITA BAJO, CHINQUIRA BAJO, LA ESCUELA, LA ESPERANZA, LA JOYA, LAS PILAS",ASOCIACIÓN DE USUARIOS JUNTA ADMINISTRADORA ACUEDUCTO BOSAVITA-CHINQUIRA,1184.0,300.0,Plan Departamental de Agua,80000000.0,,SI,NO,NO,NO,SI,SI,1.0,Quebrada,2.5,LITROS POR SEGUNDO,1.0,A,2,1.0,A,1.0,Sedimentación,1.0,A,1.0,50000.0,LITROS,6.0,MESES,0.85,B,6.0,24.0,300.0,300.0,300.0,Mayor de 100 m,1.0,A,1.5,LITROS POR SEGUNDO,No se realiza,No,,MILIGRAMOS POR LITRO,2019-11-27,No pasa,2019-11-27,No pasa,2019-11-27,1.0,0.9602,0.8,0.5,0.8151,2
2019-12-02,,ABASTO DE AGUA VEREDA DE JAPON,184761,Colombia,"CUNDINAMARCA,PARATEBUENO,JAPON",CUNDINAMARCA,PARATEBUENO,JAPON,4.38459,-73.30094,531.0,25-530-005,,1991.0,1.0,1.0,CENTRO POBLADO,COMITÉ DE ACUEDUCTO DE LA JUNTA DE ACCIÓN COMUNAL VEREDA JAPÓN,548.0,137.0,,,,SI,NO,NO,NO,SI,SI,2.0,Quebrada,1.2,METROS CÚBICOS POR SEGUNDO,0.35,D,2,1.0,A,2.0,"Sedimentación, Sedimentación",0.85,B,3.0,125000.0,LITROS,24.74,MESES,0.35,D,2.0,24.0,140.0,0.0,0.0,Mayor de 100 m,0.7,C,1.3,LITROS POR SEGUNDO,No se realiza,No,,MILIGRAMOS POR LITRO,2019-11-27,No pasa,2019-11-27,No pasa,2019-11-27,1.0,0.5411,1.0,0.425,0.7415,2
2019-11-27,,ACUEDUCTO ASUAC,184762,Colombia,"CUNDINAMARCA,SUESCA,CACICAZGO",CUNDINAMARCA,SUESCA,CACICAZGO,5.093697,-73.783515,2628.0,25772004,,2005.0,6.0,1.0,"BUENOS AIRES, EL PLAN, LA VUELTA, SECTOR ALTO, SECTOR BAJO, VENTORRILLO",ASOCIACIÓN DE SUSCRIPTORES DEL ACUEDUCTO ALCANTARILLADO Y ASEO DEL CENTRO POBLADO DE CACICAZGO-SUESCA”ASUAC”,2816.0,704.0,Plan Departamental de Agua,300000000.0,80000000.0,NO,SI,NO,NO,SI,SI,1.0,Captación desde otro sistema,4.0,LITROS POR SEGUNDO,1.0,A,2,1.0,A,1.0,Coagulación y Floculación,1.0,A,1.0,30000.0,LITROS,6.0,MESES,0.85,B,6.0,24.0,704.0,704.0,704.0,Mayor de 100 m,1.0,A,3.0,LITROS POR SEGUNDO,"Sí, y funciona",No,0.5,MILIGRAMOS POR LITRO,2019-09-27,Sí pasa,2019-09-27,Sí pasa,2019-09-27,0.2663,0.9602,0.8,1.0,0.7566,2
2019-11-27,,ABASTO LOTAVITA,184764,Colombia,"CUNDINAMARCA,MACHETÁ,Casadillas Bajo",CUNDINAMARCA,MACHETÁ,Casadillas Bajo,5.090279,-73.61738,2260.0,25426000,,1985.0,6.0,1.0,"CASA DE TEJA, EL BOSQUE, EL GUAMO, EL RODEO, LOS PUENTES, SAN MARTIN",ASOCIACIÓN DE USUARIOS DEL ACUEDUCTO AGUAREL,819.0,220.0,Plan Departamental de Agua,80000000.0,,SI,NO,NO,NO,SI,SI,1.0,Quebrada,14.0,LITROS POR SEGUNDO,1.0,A,2,1.0,A,1.0,Sedimentación,1.0,A,3.0,40378.54,LITROS,6.0,MESES,0.85,B,6.0,24.0,220.0,0.0,0.0,Mayor de 100 m,1.0,A,0.13,LITROS POR SEGUNDO,No se realiza,No,,MILIGRAMOS POR LITRO,2019-11-27,No aplica,2019-11-27,No aplica,2019-11-27,1.0,0.9602,0.8,0.5,0.8151,2
2019-11-27,,ACUEDUCTO QUEBRADA CAJÓN-BOITIVA BOITIVA,184765,Colombia,"CUNDINAMARCA,SESQUILÉ,BOITIVA",CUNDINAMARCA,SESQUILÉ,BOITIVA,5.042012,-73.78773,2720.0,25736001,,1990.0,4.0,1.0,"CAJON, EL CHITAL, LAS BRISAS, SECTOR EL SALON",COMITE EMPRESARIAL DEL ACUEDUCTO DE LA  VEREDA BOITIVA,1136.0,284.0,Plan Departamental de Agua,120000000.0,40000000.0,SI,NO,NO,NO,NO,SI,1.0,Quebrada,3.0,LITROS POR SEGUNDO,1.0,A,1,1.0,A,1.0,Coagulación y Floculación,1.0,A,4.0,250454.25,LITROS,6.0,MESES,0.85,B,3.0,24.0,210.0,210.0,210.0,Mayor de 100 m,1.0,A,1.5,LITROS POR SEGUNDO,"Sí, y funciona",No,0.5,MILIGRAMOS POR LITRO,2019-10-27,Sí pasa,2019-09-27,Sí pasa,2019-09-27,1.0,0.9602,0.8,1.0,0.9401,2
2019-11-27,,ACUEDUCTO QUEBRADA VILLA -BOITIVA,184769,Colombia,"CUNDINAMARCA,SESQUILÉ,BOITIVA",CUNDINAMARCA,SESQUILÉ,BOITIVA,5.049293,-73.782305,2714.0,257360011,,1990.0,2.0,1.0,"SAN ROQUE, SECTOR HIERBA BUENA",COMITE EMPRESARIAL DEL ACUEDUCTO DE LA  VEREDA BOITIVA,484.0,121.0,Plan Departamental de Agua,100000000.0,40000000.0,SI,NO,NO,NO,NO,SI,1.0,Quebrada,2.5,LITROS POR SEGUNDO,1.0,A,1,1.0,A,1.0,Coagulación y Floculación,1.0,A,2.0,150000.0,LITROS,6.0,MESES,0.85,B,3.0,24.0,195.0,195.0,195.0,Mayor de 100 m,1.0,A,0.09,LITROS POR SEGUNDO,"Sí, y funciona",No,0.5,MILIGRAMOS POR LITRO,2019-11-27,Sí pasa,2019-09-27,Sí pasa,2019-09-27,1.0,0.9602,0.8,1.0,0.9401,2
2019-11-27,,ABASTO LOS POTRERITOS,184770,Colombia,"CUNDINAMARCA,MANTA,MANTA GRANDE ARRIBA",CUNDINAMARCA,MANTA,MANTA GRANDE ARRIBA,5.007018,-73.57018,2482.0,25436,,1990.0,6.0,1.0,"CUBIA BAJO, MANTA GRANDE ABAJO, MANTA GRANDE ARRIBA, PALO GORDO ALTO, PALO GORDO BAJO, QUIMBITA",ACUEDUCTO CIRALONGA LOS POTRERITOS,1078.0,280.0,Plan Departamental de Agua,50000000.0,,SI,NO,NO,NO,NO,NO,1.0,Quebrada,3.0,LITROS POR SEGUNDO,1.0,A,1,1.0,A,1.0,Filtración rápida,0.55,C,1.0,50000.0,LITROS,0.2,MESES,1.0,A,6.0,24.0,280.0,280.0,0.0,Mayor de 100 m,1.0,A,1.4,LITROS POR SEGUNDO,No se realiza,No,,MILIGRAMOS POR LITRO,2019-11-27,No aplica,2019-11-27,No aplica,2019-11-27,1.0,1.0,0.6,0.275,0.7188,2
2019-11-27,,ABASTO CHINGACIO,184771,Colombia,"CUNDINAMARCA,CHOCONTÁ,Chingacio Bajo Centro P",CUNDINAMARCA,CHOCONTÁ,Chingacio Bajo Centro P,5.173122,-73.620682,28640.0,25183,,1992.0,6.0,1.0,"CHINGACIO ALTO, CHINGACIO BAJO, EL LAVADERO, LA ESPERANZA, LA FORTALEZA, RETIRO DE BLANCOS",ASOCIACIÓN DE SUSCRIPTORES DEL ACUEDUCTO CHINGACIO E.S.P,1440.0,360.0,Plan Departamental de Agua,70000000.0,40000000.0,SI,NO,NO,NO,NO,NO,2.0,Quebrada,3.8,LITROS POR SEGUNDO,1.0,A,4,1.0,A,2.0,"Sedimentación, Sedimentación",1.0,A,1.0,50000.0,LITROS,6.0,MESES,0.85,B,6.0,24.0,360.0,0.0,0.0,Mayor de 100 m,0.8333333,B,1.8,LITROS POR SEGUNDO,No se realiza,No,,MILIGRAMOS POR LITRO,2019-11-27,No aplica,2019-11-27,No aplica,2019-11-27,0.7476,0.9174,0.6,0.5,0.6913,2
2019-11-22,,ABASTO ESTAQUECÁ BAJO,184776,Colombia,"CUNDINAMARCA,QUETAME,Estaqueca Bajo",CUNDINAMARCA,QUETAME,Estaqueca Bajo,4.27551,-73.87748,2161.4,25594000,,2005.0,1.0,1.0,ESTAQUECÁ BAJO,ASOCIACIÓN ACUEDUCTO ESTAQUECA BAJO,167.0,40.0,,200000000.0,,SI,NO,NO,NO,SI,SI,1.0,Quebrada,3.9,LITROS POR SEGUNDO,0.7,C,1,1.0,A,1.0,Sedimentación,0.5,C,2.0,8000.0,LITROS,1.0,MESES,0.85,B,1.0,24.0,40.0,0.0,0.0,Mayor de 100 m,0.7,C,3.9,LITROS POR SEGUNDO,No se realiza,No,,MILIGRAMOS POR LITRO,2019-11-27,No aplica,2019-11-27,No aplica,2019-11-27,1.0,0.8033,0.6,0.25,0.6633,2
2019-11-22,,ABASTO CORRALEJA Y CAIMITO,184777,Colombia,"CUNDINAMARCA,QUETAME,Corraleja",CUNDINAMARCA,QUETAME,Corraleja,4.33054,-73.83766,2060.4,25594000,,2014.0,2.0,1.0,"CORRALEJAS, SECTOR CAIMITO",ASOCIACION ACUEDUCTO CORRELEJAS CAIMITO,433.0,127.0,,,,SI,NO,NO,NO,SI,SI,1.0,Quebrada,3.9,LITROS POR SEGUNDO,0.4,C,1,0.7,C,,,,,2.0,16000.0,LITROS,2.0,MESES,1.0,A,10.0,24.0,127.0,0.0,0.0,Mayor de 100 m,0.7,C,3.9,LITROS POR SEGUNDO,No se realiza,No,,MILIGRAMOS POR LITRO,2019-11-27,No aplica,2019-11-27,No aplica,2019-11-27,0.9238,0.6654,0.6,0.1,0.5723,2
2019-11-25,,ACUEDUCTO DEL RAMAL,184779,Colombia,"CUNDINAMARCA,FOSCA,SAN ANTONIO",CUNDINAMARCA,FOSCA,SAN ANTONIO,4.34377,-73.98041,2671.2,25281000,,1979.0,3.0,1.0,"CALIFORNIA, EL RAMAL, SAN ANTONIO",ASOCIACIÓN AGUAS DEL RAMAL,218.0,80.0,,,,SI,NO,NO,NO,NO,SI,1.0,Quebrada,3.4,LITROS POR SEGUNDO,1.0,A,1,0.7,C,2.0,"Sedimentación, Sedimentación",0.7,C,2.0,24000.0,LITROS,6.0,MESES,0.85,B,2.0,12.0,80.0,0.0,0.0,Mayor de 100 m,1.0,A,3.4,LITROS POR SEGUNDO,No se realiza,No,,MILIGRAMOS POR LITRO,2019-11-27,No aplica,2019-11-27,No aplica,2019-11-27,1.0,0.8783,0.6,0.35,0.7071,2
2019-11-25,,ABASTO QUINCHITA,184780,Colombia,"CUNDINAMARCA,FOSCA,QUINCHITA",CUNDINAMARCA,FOSCA,QUINCHITA,4.29914,-73.94262,2489.1,25281000,,2017.0,3.0,1.0,"LOMA DE DON GABRIEL, SECTOR EL INFIERNO , SECTOR LA ESCUELA QUINCHITA",ASOCIACIÓN DE USUARIOS VEREDA QUINCHITA,305.0,72.0,"Otros, Otros",62000000.0,,SI,NO,NO,NO,SI,SI,1.0,Ojo de agua o manantial,1.8,LITROS POR SEGUNDO,1.0,A,1,1.0,A,,,,,1.0,96000.0,LITROS,1.0,MESES,1.0,A,3.0,24.0,76.0,0.0,0.0,Mayor de 100 m,1.0,A,1.8,LITROS POR SEGUNDO,No se realiza,No,,MILIGRAMOS POR LITRO,2019-11-27,No aplica,2019-11-27,No aplica,2019-11-27,1.0,1.0,0.8,0.1,0.725,2
2019-11-25,,ABASTO EL RETIRO,184900,Colombia,"CUNDINAMARCA,QUIPILE,Retiro",CUNDINAMARCA,QUIPILE,Retiro,4.688237,-74.574951,1360.0,25 596 000,,1995.0,4.0,1.0,"EL RETIRO SECTOR ALTO N1, EL RETIRO SECTOR ALTO N2, EL RETIRO SECTOR BAJO N1, EL RETIRO SECTOR BAJO N2",ASOCIACION DE USUARIOS ACUEDUCTO VEREDA EL RETIRO,225.0,83.0,Otros,20000000.0,,SI,NO,NO,NO,NO,SI,1.0,Quebrada,2.5,LITROS POR SEGUNDO,0.7,C,1,0.7,C,,,,,4.0,180000.0,LITROS,12.37,MESES,0.35,D,4.0,24.0,83.0,0.0,0.0,Mayor de 100 m,0.7,C,0.57,LITROS POR SEGUNDO,"Sí, y funciona","Sí, pero no de maner mayoritaria",,MILIGRAMOS POR LITRO,2019-11-28,No aplica,2019-11-28,No aplica,2019-11-28,1.0,0.5886,1.0,0.7,0.8221,2
2019-11-25,,ABASTO GALILEA,184908,Colombia,"CUNDINAMARCA,QUIPILE,GALILEA",CUNDINAMARCA,QUIPILE,GALILEA,4.688237,-74.574951,1360.0,25 596 000,,1987.0,4.0,1.0,"GALILEA ALTO COSTADO OCCIDENTE, GALILEA SECTOR ALTO, GALILEA SECTOR BAJO, GALILEA SECTOR ESCUELA",ASOCIACION DE USUARIOS DEL ACUEDUCTO VEREDA GALILEA,202.0,68.0,Otros,20000000.0,,SI,NO,NO,NO,NO,SI,1.0,Quebrada,2.5,LITROS POR SEGUNDO,0.7,C,1,0.7,C,,,,,2.0,48000.0,LITROS,12.37,MESES,0.5,C,4.0,8.0,68.0,0.0,0.0,Mayor de 100 m,0.7,C,0.47,LITROS POR SEGUNDO,No se realiza,"Sí, pero no de maner mayoritaria",,MILIGRAMOS POR LITRO,2019-11-28,No aplica,2019-11-28,No aplica,2019-11-28,1.0,0.6435,1.0,0.2,0.7109,2
2019-11-25,,ABASTO ASOPOTABLE,184911,Colombia,"CUNDINAMARCA,QUIPILE,Libano",CUNDINAMARCA,QUIPILE,Libano,4.688237,-74.574951,1360.0,25 596 000,,1982.0,4.0,1.0,"LIBANO SECTOR CENTRAL, LIBANO SECTOR MARARAVE, SANTA CRUZ, SECTOR LA VUELTA AL PERRO",ASOCIACION DE USUARIOS DE LAS VEREDAS LIBANO Y SANTA CRUZ ASOPOTABLE,294.0,105.0,Otros,850000.0,21000000.0,SI,NO,NO,NO,NO,SI,1.0,Quebrada,2.5,LITROS POR SEGUNDO,0.7,C,1,0.7,C,,,,,2.0,154000.0,LITROS,12.37,MESES,0.35,D,4.0,24.0,105.0,0.0,0.0,Mayor de 100 m,0.7,C,0.72,LITROS POR SEGUNDO,No se realiza,"Sí, pero no de maner mayoritaria",,MILIGRAMOS POR LITRO,2019-11-28,No aplica,2019-11-28,No aplica,2019-11-28,1.0,0.5886,0.8,0.2,0.6472,2
2019-11-25,,ABASTO ACUAESTAMBUL,184913,Colombia,"CUNDINAMARCA,QUIPILE,ESTAMBUL",CUNDINAMARCA,QUIPILE,ESTAMBUL,4.687127,-74.575252,1533.0,25 596 000,,1995.0,4.0,1.0,"ESTAMBUL PARTE ALTA, ESTAMBUL PARTE BAJA, PALMICHERA, SECTOR EL ROSARIO",ASOCIACION DE USUARIOS DEL ACUEDUCTO ESTAMBUL ACUAESTAMBUL,397.0,120.0,Otros,250000000.0,,SI,NO,NO,NO,NO,SI,1.0,Quebrada,70.0,LITROS POR SEGUNDO,1.0,A,1,0.7,C,1.0,Sedimentación,0.7,C,2.0,120000.0,LITROS,12.37,MESES,0.5,C,4.0,24.0,120.0,0.0,0.0,Mayor de 100 m,0.7,C,1.0,LITROS POR SEGUNDO,No se realiza,"Sí, pero no de maner mayoritaria",,MILIGRAMOS POR LITRO,2019-11-28,No aplica,2019-11-28,No aplica,2019-11-28,1.0,0.7035,1.0,0.35,0.7634,2
2019-11-18,,ABASTO LA VEGA Y GUACAMAYAS ,184916,Colombia,"CUNDINAMARCA,APULO,LA VEGA",CUNDINAMARCA,APULO,LA VEGA,4.615078,-74.580891,844.0,25 599 000,,2012.0,4.0,1.0,"GUACAMAYAS, LA VEGA ALTA, LA VEGA BAJA, LA VEGA ENTREMONTE",ASOCIACION VEREDAL ACUEDUCTO LA VEGA GUACAMAYAS,585.0,155.0,Otros,40000000.0,6000000.0,SI,NO,NO,NO,NO,SI,1.0,Quebrada,2.0,LITROS POR SEGUNDO,1.0,A,1,0.7,C,1.0,Sedimentación,1.0,A,1.0,0.0,LITROS,,MESES,0.0,D,4.0,24.0,155.0,0.0,0.0,Mayor de 100 m,1.0,A,1.1,LITROS POR SEGUNDO,No se realiza,"Sí, pero no de maner mayoritaria",,MILIGRAMOS POR LITRO,2019-11-28,No aplica,2019-11-28,No aplica,2019-11-28,0.0,0.0,0.8,0.5,0.325,2
2019-11-13,,ABASTO PUEBLO PIEDRA,184920,Colombia,"CUNDINAMARCA,VIOTÁ,PUBLO PIEDRA",CUNDINAMARCA,VIOTÁ,PUBLO PIEDRA,4.491332,-74.467627,849.0,25 878 000,,2005.0,4.0,1.0,"CALANDAIMA BAJA, MAGDALENA BAJA, NEPTUNA, PUEBLO PIEDRA",ACUEDUCTO PUEBLO DE PIEDRA,568.0,142.0,Otros,12000000.0,,SI,NO,NO,NO,NO,SI,1.0,Quebrada,80.0,LITROS POR SEGUNDO,1.0,A,1,1.0,A,1.0,Sedimentación,0.85,B,1.0,72000.0,LITROS,2.0,MESES,0.85,B,4.0,24.0,142.0,0.0,0.0,Mayor de 100 m,1.0,A,1.0,LITROS POR SEGUNDO,No se realiza,"Sí, pero no de maner mayoritaria",,MILIGRAMOS POR LITRO,2019-11-28,No aplica,2019-11-28,No aplica,2019-11-28,1.0,0.9602,0.8,0.425,0.7963,2
2019-11-18,,ABASTO ASOSANISIDRO,184928,Colombia,"CUNDINAMARCA,APULO,Naranjalito",CUNDINAMARCA,APULO,Naranjalito,4.610677,-74.591748,1005.0,25 599 000,,2017.0,5.0,1.0,"CHARCOLARGO, NARANJAL, NARANJALITO, SALCEDO, SAN ISIDRO",ASOCIACION DE USUARIOS ACUEDUCTO SAN ISIDRO,417.0,149.0,Otros,5000000.0,12000000.0,SI,NO,NO,NO,NO,SI,1.0,Quebrada,4.0,LITROS POR SEGUNDO,1.0,A,1,0.7,C,1.0,Sedimentación,1.0,A,1.0,14000.0,LITROS,6.0,MESES,0.85,B,5.0,8.0,149.0,0.0,0.0,Mayor de 100 m,1.0,A,1.03,LITROS POR SEGUNDO,No se realiza,"Sí, pero no de maner mayoritaria",,MILIGRAMOS POR LITRO,2019-11-28,No aplica,2019-11-28,No aplica,2019-11-28,0.8394,0.8783,1.0,0.5,0.8044,2
2019-11-12,,ABASTO INTERVEREDAL LAGUNA DEL INDIO ,184941,Colombia,"CUNDINAMARCA,VIOTÁ,BAJO PALMAR",CUNDINAMARCA,VIOTÁ,BAJO PALMAR,4.438329,-74.513646,800.0,25 878 000,,1995.0,5.0,1.0,"ALTO PALMAR, BAJO CEYLAN, BAJO PALMAR, LAGUNA LARGA, MOGAMBO",ASOCIACIÓN DE SUSCRIPTORES ACUEDUCTO INTERVEREDAL LAGUNA DEL INDIO,591.8604651162791,200.0,Otros,300000000.0,36000000.0,SI,NO,NO,NO,NO,NO,1.0,Quebrada,80.0,LITROS POR SEGUNDO,1.0,A,2,1.0,A,1.0,Sedimentación,1.0,A,1.0,100000.0,LITROS,2.0,MESES,0.85,B,5.0,24.0,200.0,0.0,0.0,Mayor de 100 m,1.0,A,1.3,LITROS POR SEGUNDO,No se realiza,"Sí, pero no de maner mayoritaria",,MILIGRAMOS POR LITRO,2019-11-28,No aplica,2019-11-28,No aplica,2019-11-28,1.0,0.9602,0.4,0.5,0.715,2
2019-11-12,,"ABASTO REGIONAL ARABIA CAROLINA NEPTUNA PUEBLO DE PIUEDRA ,RUIDOSA GLASGOW, CALANDAIMA Y MAGDALENA -VIOTA",184947,Colombia,"CUNDINAMARCA,VIOTÁ,CAROLINA",CUNDINAMARCA,VIOTÁ,CAROLINA,4.463459,-74.438489,1637.0,25 878 000,,1975.0,8.0,1.0,"ARABIA, CALANDAIMA BAJA, GLASGOW, LA CAROLINA, LA RUIDOSA, MAGDALENA BAJA, NEPTUNA, PUEBLO PIEDRA","ASOCIACIÓN DE USUARIOS DE LAS VEREDAS ARABIA, CAROLINA Y OTRAS ASUARVAYO",1943.0,500.0,Otros,20000000.0,,SI,NO,NO,NO,NO,SI,2.0,Quebrada,125.0,LITROS POR SEGUNDO,1.0,A,2,1.0,A,2.0,"Sedimentación, Sedimentación",0.85,B,1.0,139000.0,LITROS,2.0,MESES,1.0,A,9.0,24.0,500.0,500.0,500.0,Mayor de 100 m,0.73333335,B,3.4,LITROS POR SEGUNDO,No se realiza,"Sí, pero no de maner mayoritaria",,MILIGRAMOS POR LITRO,2019-11-28,No aplica,2019-11-28,No aplica,2019-11-28,1.0,0.9254,1.0,0.425,0.8376,2
2019-11-12,,ABASTO   PALERMO BUENAVISTA  SISTEMA 1 ,184950,Colombia,"CUNDINAMARCA,VIOTÁ,BUENA VISTA",CUNDINAMARCA,VIOTÁ,BUENA VISTA,4.479509,-74.503967,1700.0,25 878 000,,2006.0,5.0,2.0,"BUENA VISTA, CALANDAIMA BAJA, CASA BLANCA, EL ROBLAL, LAS PALMAS SECTOR TRAPICHES","ACUEDUCTO REGIONAL PALERMO BUENAVISTA, ASOCIACIÓN DE USUARIOS DE ACUEDUCTO LA SIERRA 1",899.0,254.0,Otros,25000000.0,1800000.0,SI,NO,NO,NO,NO,SI,1.0,Quebrada,3.0,LITROS POR SEGUNDO,1.0,A,1,1.0,A,1.0,Sedimentación,1.0,A,5.0,1280000.0,LITROS,6.0,MESES,0.85,B,5.0,24.0,254.0,0.0,0.0,Mayor de 100 m,1.0,A,2.1,LITROS POR SEGUNDO,No se realiza,"Sí, pero no de maner mayoritaria",,MILIGRAMOS POR LITRO,2019-11-28,No aplica,2019-11-28,No aplica,2019-11-28,1.0,0.9602,0.8,0.5,0.8151,2
2019-11-12,,ABASTO PALERMO BUENAVISTA SISTEMA 2 ,184953,Colombia,"CUNDINAMARCA,VIOTÁ,BUENA VISTA",CUNDINAMARCA,VIOTÁ,BUENA VISTA,4.493145,-74.466457,860.0,25 878 000,,2006.0,8.0,1.0,"ALTO CEYLAN, AMERICAS, BUENA VISTA, LAS PALMAS CENTRAL, LAS PALMAS SECTOR EL DIAMANTE, LAS PALMAS SECTOR JAVITA, LAS PALMAS SECTOR LA CAPILLA, LAS PALMAS SECTOR LA POLA",ACUEDUCTO REGIONAL PALERMO BUENAVISTA,762.0,210.0,Otros,25000000.0,1800000.0,SI,NO,NO,NO,NO,SI,1.0,Quebrada,15.7,LITROS POR SEGUNDO,1.0,A,1,1.0,A,1.0,Sedimentación,0.85,B,1.0,300000.0,LITROS,2.0,MESES,1.0,A,3.0,24.0,210.0,0.0,0.0,Mayor de 100 m,1.0,A,1.4,LITROS POR SEGUNDO,No se realiza,"Sí, pero no de maner mayoritaria",,MILIGRAMOS POR LITRO,2019-11-28,No aplica,2019-11-28,No aplica,2019-11-28,1.0,1.0,1.0,0.425,0.8562,2
2019-11-11,,ABASTO GUANACAS,185057,Colombia,"CUNDINAMARCA,EL PEÑÓN,Guanacas",CUNDINAMARCA,EL PEÑÓN,Guanacas,5.21763,-74.30932,1493.0,25258000,,1997.0,5.0,1.0,"GUANACAS ALTO, GUANACAS BAJO, GUANACAS MEDIO, SECTOR CACHIPAY, SECTOR LOS REYES",ACUEDUCTO COMUNAL GUANACAS,306.78393939393936,111.0,,20000000.0,,SI,NO,NO,NO,SI,SI,1.0,Quebrada,1.8,LITROS POR SEGUNDO,0.4,C,2,0.85,B,1.0,Sedimentación,0.4,C,1.0,25000.0,LITROS,4.0,MESES,0.7,C,4.0,24.0,111.0,0.0,0.0,Mayor de 100 m,0.55,C,1.0,LITROS POR SEGUNDO,No se realiza,No,,MILIGRAMOS POR LITRO,2019-12-07,No aplica,2019-12-07,No aplica,2019-12-07,1.0,0.6015,1.0,0.2,0.7004,2
2019-11-13,,ABASTO SABANETA,185058,Colombia,"CUNDINAMARCA,EL PEÑÓN,Sabaneta",CUNDINAMARCA,EL PEÑÓN,Sabaneta,5.20441,-74.33627,1668.0,25258000,,1999.0,6.0,1.0,"SABANETA, SABANETA BAJO, SECTOR CRISTALES, SECTOR LA ESCUELA, SECTOR RODEO, TALAUTA",JUNTA DE ACUEDUCTO SABANETA,293.3053830227743,101.0,,28000000.0,,SI,NO,NO,NO,SI,SI,2.0,Quebrada,3.3,LITROS POR SEGUNDO,0.7,C,2,0.7,C,2.0,"Sedimentación, Sedimentación",0.4,C,1.0,64000.0,LITROS,3.0,MESES,0.7,C,6.0,24.0,101.0,0.0,0.0,Mayor de 100 m,0.7,C,0.2,LITROS POR SEGUNDO,No se realiza,No,,MILIGRAMOS POR LITRO,2019-12-07,No aplica,2019-12-07,No aplica,2019-12-07,1.0,0.7,1.0,0.2,0.725,2
2019-12-07,,ABASTO AGUA BLANCA,185064,Colombia,"CUNDINAMARCA,LA PEÑA,Agua Blanca",CUNDINAMARCA,LA PEÑA,Agua Blanca,5.256352,-74.38838,1730.0,25-398-000,,2012.0,10.0,1.0,"AGUA BLANCA, AGUA BLANCA BAJO, AGUA BLANCA SECTOR ALTO, NACUMA, NACUMA ALTO, NACUMA BAJO, RIO NEGRO, RÍO NEGRO ALTO , RÍO NEGRO BAJO, RÍO NEGRO MEDIO ",ASOCIACION DE USUARIOS DEL ACUEDUCTO AGUABLANCA,264.28694792050055,95.0,,6000000.0,32000000.0,SI,NO,NO,NO,NO,SI,1.0,Ojo de agua o manantial,0.85,LITROS POR SEGUNDO,0.4,C,3,0.9,B,,,,,7.0,27018.93,LITROS,8.677142857142858,MESES,0.7785714,B,4.0,18.0,95.0,95.0,95.0,Mayor de 100 m,0.925,A,0.85,LITROS POR SEGUNDO,No se realiza,No,,MILIGRAMOS POR LITRO,2019-12-07,No pasa,2019-12-07,No pasa,2019-12-07,1.0,0.7136,0.6,0.0,0.5784,2
2019-12-07,,ABASTO VEREDA SAN MIGUEL,185067,Colombia,"CUNDINAMARCA,SUPATÁ,San Miguel",CUNDINAMARCA,SUPATÁ,San Miguel,5.050373,-74.236152,1860.0,25-777-000,,1989.0,4.0,1.0,"SAN MIGUEL BAJO , SAN MIGUEL BAJO SECTOR CUATRO VIENTOS, SAN MIGUEL BAJO SECTOR EL NARANJAL , SAN MIGUEL BAJO SECTOR LA TOSCANA",ASOCIACION DE USUARIOS DEL ACUEDUCTO DE LA VEREDA DE SAN MIGUEL,153.0,50.0,,10000000.0,37300000.0,SI,NO,NO,NO,SI,SI,1.0,Quebrada,0.22,LITROS POR SEGUNDO,1.0,A,1,1.0,A,1.0,Sedimentación,0.85,B,1.0,16000.0,LITROS,6.0,MESES,0.7,C,3.0,24.0,50.0,50.0,50.0,Mayor de 100 m,1.0,A,0.22,LITROS POR SEGUNDO,"Sí, pero no funciona",No,,MILIGRAMOS POR LITRO,2019-12-07,No pasa,2019-12-07,No pasa,2019-12-07,1.0,0.9147,0.4,0.625,0.7349,2
2019-12-07,,ABASTO LA MAGOLA,185068,Colombia,"CUNDINAMARCA,SUPATÁ,Vereda San Marcos",CUNDINAMARCA,SUPATÁ,Vereda San Marcos,5.034142,-74.271382,2196.0,25-777-001,,1989.0,3.0,1.0,"LA MAGOLA, LA MAGOLA SECTOR ENTRADA GUADUAL, LA MAGOLA SECTOR SAN MARCOS",ASOCIACION DE USUARIOS ACUEDUCTO LA MAGOLA,176.8,60.0,,15000000.0,100300000.0,SI,NO,NO,NO,NO,SI,1.0,Quebrada,4.0,LITROS POR SEGUNDO,1.0,A,3,0.8,B,2.0,"Sedimentación, Sedimentación",1.0,A,2.0,80000.0,LITROS,0.51,MESES,0.85,B,1.0,24.0,60.0,60.0,60.0,Mayor de 100 m,1.0,A,4.0,LITROS POR SEGUNDO,No se realiza,No,,MILIGRAMOS POR LITRO,2019-12-07,No aplica,2019-12-07,No aplica,2019-12-07,1.0,0.9081,0.6,0.5,0.752,2
2019-12-07,,ABASTO SAN MIGUEL,185069,Colombia,"CUNDINAMARCA,QUEBRADANEGRA,San Miguel",CUNDINAMARCA,QUEBRADANEGRA,San Miguel,5.12707,-74.481158,873.0,25-592-000,,1980.0,6.0,1.0,"EL BALZONAL, EL LLANO, LA ANTIGUA, LA MORADA, SAN MIGUEL, SANTA ROSA",ASOCIACION DE ACUEDUCTO Y ALCANTARILLADO DE LA VEREDA DE SAN MIGUEL MUNICIPIO DE QUEBRADANEGRA,151.25815850815852,51.0,,1000000.0,7000000.0,SI,NO,NO,NO,SI,SI,1.0,Quebrada,0.31,LITROS POR SEGUNDO,1.0,A,3,1.0,A,1.0,Sedimentación,1.0,A,2.0,45000.0,LITROS,2.0,MESES,0.85,B,1.0,24.0,51.0,51.0,50.0,Mayor de 100 m,1.0,A,0.31,LITROS POR SEGUNDO,No se realiza,No,2.5,MILIGRAMOS POR LITRO,2019-07-07,No pasa,2019-12-07,No pasa,2019-12-07,1.0,0.9602,0.4,0.5,0.715,2
2019-12-07,,ABASTO VEREDAL CHONTE GRANDE,185070,Colombia,"CUNDINAMARCA,VERGARA,CHONTE GRANDE",CUNDINAMARCA,VERGARA,CHONTE GRANDE,5.077726,-74.309132,1778.0,25-862-000,,1994.0,4.0,1.0,"CHONTE GRANDE, LA ESPERANZA, SAN ISIDRO, SAN LUIS",ASOCIACION DE SUSCRIPTORES ACUEDUCTO VEREDAL CHONTE GRANDE ASUACHONTE,219.0,52.0,,5000000.0,26000000.0,SI,NO,NO,NO,NO,SI,1.0,Ojo de agua o manantial,0.32,LITROS POR SEGUNDO,1.0,A,3,1.0,A,1.0,Sedimentación,0.85,B,2.0,55000.0,LITROS,1.0,MESES,0.925,A,1.0,24.0,52.0,52.0,51.0,Mayor de 100 m,1.0,A,0.32,LITROS POR SEGUNDO,No se realiza,No,,MILIGRAMOS POR LITRO,2019-12-07,No pasa,2019-12-07,No pasa,2019-12-07,1.0,0.9807,0.2,0.425,0.6514,2
2019-11-18,,ABASTO SAN ANTONIO DE AGUILERA,185087,Colombia,"CUNDINAMARCA,TOPAIPÍ,SAN ANTONIO DE AGUILERA",CUNDINAMARCA,TOPAIPÍ,SAN ANTONIO DE AGUILERA,5.29672,-74.21595,1709.0,25823001,,1997.0,6.0,1.0,"ALTOS DE MOLINOS, CAIPAL, CAQUIAN, EL ROBLON, FONTIBON, SECTOR EL BOSQUE",ASOCIACIÓN DE USUARIOS ACUEDUCTO ROBLON CAIPAL SAN ANTONIO DE AGUILERA DEL MUNICIPIO DE TOPAIPI.,341.24462011418535,105.0,,22000000.0,,SI,NO,NO,NO,SI,SI,1.0,Quebrada,3.2,LITROS POR SEGUNDO,0.7,C,1,0.7,C,1.0,Sedimentación,0.4,C,1.0,28000.0,LITROS,2.0,MESES,0.7,C,6.0,24.0,105.0,0.0,0.0,Mayor de 100 m,0.55,C,0.2,LITROS POR SEGUNDO,No se realiza,No,,MILIGRAMOS POR LITRO,2019-12-08,No aplica,2019-12-08,No aplica,2019-12-08,1.0,0.659,1.0,0.2,0.7147,2
2019-11-13,,ABASTO TERMINOS,185088,Colombia,"CUNDINAMARCA,TOPAIPÍ,TERMINOS",CUNDINAMARCA,TOPAIPÍ,TERMINOS,5.34064,-74.25807,1438.0,25823000,,2000.0,3.0,1.0,"BUNQUE ALTO, LA TORRE, VEREDA TERMINOS",ASOCIACIÓN DE USUARIOS JUNTA ADMINISTRADORA DEL ACUEDUCTO TÉRMINOS BUNQUE ALTO DEL MUNICIPIO DE TOPAIPI,176.18796992481202,60.0,,40000000.0,15000000.0,NO,SI,NO,NO,SI,SI,1.0,Quebrada,1.8,LITROS POR SEGUNDO,0.7,C,2,0.7,C,1.0,Sedimentación,0.55,C,2.0,82000.0,LITROS,3.0,MESES,0.625,C,3.0,24.0,60.0,0.0,0.0,Mayor de 100 m,0.7,C,0.11,LITROS POR SEGUNDO,No se realiza,No,,MILIGRAMOS POR LITRO,2019-12-08,No aplica,2019-12-08,No aplica,2019-12-08,1.0,0.6804,1.0,0.275,0.7389,2
2019-11-17,,ABASTO NARANJAL,185090,Colombia,"CUNDINAMARCA,TOPAIPÍ,NARANJAL",CUNDINAMARCA,TOPAIPÍ,NARANJAL,5.38871,-74.3287,1460.0,25823002,,1999.0,3.0,1.0,"HERRERA BUSTOS , INSPECCIÓN NARANJAL, VEREDA NARANJAL",ASOCIACIÓN DE USUARIOS DEL ACUEDUCTO EL NARANJAL DEL MUNICIPIO DE TOPAIPI DEL DEPARTAMENTO DE CUNDINAMARCA,202.15277777777777,63.0,,40000000.0,,SI,NO,NO,NO,SI,SI,1.0,Quebrada,2.8,LITROS POR SEGUNDO,0.4,C,3,0.5,C,1.0,Sedimentación,0.4,C,2.0,60000.0,LITROS,2.0,MESES,0.85,B,2.0,24.0,46.0,0.0,0.0,Mayor de 100 m,0.7,C,0.1,LITROS POR SEGUNDO,No se realiza,No,,MILIGRAMOS POR LITRO,2019-12-08,No aplica,2019-12-08,No aplica,2019-12-08,1.0,0.5873,1.0,0.2,0.6968,2
2019-12-08,,ABASTO EL ENCANTADO,185091,Colombia,"CUNDINAMARCA,SUPATÁ,Vereda Encantado",CUNDINAMARCA,SUPATÁ,Vereda Encantado,5.088053,-74.22643,1799.0,25-777-000,,1999.0,6.0,1.0,"EL ENCANTADO , EL ENCANTADO SECTOR ENTRADA CABRERA, EL ENCANTADO SECTOR LA BATEA, EL ENCANTADO SECTOR LA ESCUELA , EL ENCANTADO SECTOR LA VIRGEN, EL ENCANTADO SECTOR TIENDA DE EFRAIN",ASOCIACION DE USUARIOS DE ACUEDUCTO VEREDA EL ENCANTADO,227.53727106227106,80.0,,10000000.0,5200000.0,SI,NO,NO,NO,NO,SI,2.0,Quebrada,3.7,LITROS POR SEGUNDO,1.0,A,3,1.0,A,2.0,"Sedimentación, Filtración lenta",0.675,C,2.0,40000.0,LITROS,6.0,MESES,0.625,C,4.0,18.5,80.0,0.0,0.0,Mayor de 100 m,1.0,A,3.7,LITROS POR SEGUNDO,No se realiza,No,,MILIGRAMOS POR LITRO,2019-12-08,No aplica,2019-12-08,No aplica,2019-12-08,1.0,0.8891,0.8,0.3375,0.7566,2
2019-12-03,,ACUEDUCTO VEREDAL DEL TOBAL ,185096,Colombia,"CUNDINAMARCA,SUBACHOQUE,EL TOBAL",CUNDINAMARCA,SUBACHOQUE,EL TOBAL,5.00435,-74.14452,2843.4,25769000,,1982.0,4.0,1.0,"ENTRADA  40  , SECTOR ENTRADA 41 , ZONA 39, ZONA MATECAÑA",ASOCIACIÓN DE SUSCRIPTORES ACUEDUCTO VEREDA EL TOBAL ,392.0,120.0,,,40000000.0,SI,NO,NO,NO,SI,SI,1.0,Quebrada,1.29,LITROS POR SEGUNDO,1.0,A,1,1.0,A,4.0,"Coagulación y Floculación, Filtración rápida, Desinfección con cloro, Sedimentación",1.0,A,3.0,137000.0,LITROS,6.0,MESES,0.85,B,4.0,18.0,197.0,197.0,197.0,Mayor de 100 m,1.0,A,1.29,LITROS POR SEGUNDO,"Sí, y funciona","Sí, pero no de maner mayoritaria",,MILIGRAMOS POR LITRO,2019-12-08,No aplica,2019-12-08,No aplica,2019-12-08,1.0,0.9602,0.8,1.0,0.9401,2
2019-10-07,,ABASTO VENECIA,185100,Colombia,"CUNDINAMARCA,PAIME,Venecia",CUNDINAMARCA,PAIME,Venecia,5.43023,-74.09836,1478.0,25518004,,1995.0,4.0,1.0,"DIVINO NIÑO, EL TRIUNFO, LA CHORRERA, VENECIA",ASOCIACIÓN DE AFILIADOS DEL ACUEDUCTO DE LA INSPECCIÓN DE VENECIA DEL MUNICIPIO DE PAIME,193.0,60.0,,15000000.0,8000000.0,SI,NO,NO,NO,SI,SI,1.0,Quebrada,7.2,LITROS POR SEGUNDO,0.7,C,2,0.5,C,1.0,Sedimentación,0.2,D,1.0,27000.0,LITROS,3.0,MESES,0.7,C,2.0,8.0,60.0,0.0,0.0,Mayor de 100 m,0.55,C,0.1,LITROS POR SEGUNDO,No se realiza,No,,MILIGRAMOS POR LITRO,2019-12-08,No aplica,2019-12-08,No aplica,2019-12-08,1.0,0.6059,0.8,0.1,0.6265,2
2019-12-08,,ABASTO VEREDA LA CHORRERA,185106,Colombia,"CUNDINAMARCA,VERGARA,Chorrera",CUNDINAMARCA,VERGARA,Chorrera,5.087045,-74.31799,1631.0,25-592-001,,1998.0,7.0,1.0,"EL CAMPAMENTO, EL PICOTAZO, IMPAR, LA PRIMAVERA, PALMAR BAJO , SANTA LUCIA, SANTA LUCIA BAJA",ASOCIACION DE USUARIOS DEL SERVICIO DE AGUA POTABLE DE LA VEREDA DE CHORRERA,424.0,116.0,,12000000.0,85000000.0,NO,SI,NO,NO,SI,SI,1.0,Quebrada,1.5,LITROS POR SEGUNDO,1.0,A,4,1.0,A,1.0,Sedimentación,1.0,A,3.0,85000.0,LITROS,6.0,MESES,0.85,B,1.0,24.0,116.0,116.0,116.0,Mayor de 100 m,1.0,A,1.5,LITROS POR SEGUNDO,No se realiza,No,,MILIGRAMOS POR LITRO,2019-12-08,No aplica,2019-12-08,No aplica,2019-12-08,1.0,0.9602,0.2,0.5,0.6651,2
2019-10-14,,ABASTO SAN JERONIMO ,185150,Colombia,"CUNDINAMARCA,PAIME,El Plomo",CUNDINAMARCA,PAIME,El Plomo,5.39579,-74.11332,1678.0,25518003,,1990.0,2.0,1.0,"EL RETIRO, SAN JERONIMO",JUNTA DE ACCIÓN COMUNAL VEREDA EL PLOMO SECTOR SAN JERONIMO,107.0,31.0,,15000000.0,40000000.0,SI,NO,NO,NO,SI,SI,1.0,Quebrada,6.0,LITROS POR SEGUNDO,0.7,C,2,0.85,B,1.0,Sedimentación,1.0,A,2.0,28000.0,LITROS,3.0,MESES,0.775,B,2.0,24.0,31.0,0.0,0.0,Mayor de 100 m,0.7,C,0.05,LITROS POR SEGUNDO,No se realiza,No,,MILIGRAMOS POR LITRO,2019-12-09,No aplica,2019-12-09,No aplica,2019-12-09,1.0,0.7538,1.0,0.5,0.8135,2
2019-10-14,,ABASTO BUCAMA,185166,Colombia,"CUNDINAMARCA,PAIME,Bucama",CUNDINAMARCA,PAIME,Bucama,5.39804,-74.12174,1400.0,25518003,,1990.0,3.0,1.0,"BUCAMA, EL PARAISO, SAN LUIS",ASOCIACIÓN ACUEDUCTO EL PLOMO SECTOR PARAÍSO CENTRO DEL MUNICIPIO DE PAIME,227.0,60.0,,20000000.0,,SI,NO,NO,NO,SI,SI,1.0,Quebrada,5.0,LITROS POR SEGUNDO,0.4,C,2,0.0,D,1.0,Sedimentación,0.55,C,1.0,10000.0,LITROS,4.0,MESES,0.7,C,3.0,8.0,60.0,0.0,0.0,Mayor de 100 m,0.0,D,0.09,LITROS POR SEGUNDO,No se realiza,No,,MILIGRAMOS POR LITRO,2019-12-09,No aplica,2019-12-09,No aplica,2019-12-09,1.0,0.0,1.0,0.275,0.5687,2
2019-10-09,,ABASTO EL PLOMO,185168,Colombia,"CUNDINAMARCA,PAIME,El Plomo",CUNDINAMARCA,PAIME,El Plomo,5.398,-74.12305,1395.0,25518003,,1990.0,3.0,1.0,"EL PLOMO, LOMA BARRIALES, SANTA ROSA",ASOCIACIÓN DEL ACUEDUCTO DE LA VEREDA EL PLOMO DEL MUNICIPIO DE PAIME,158.0,50.0,,20000000.0,,SI,NO,NO,NO,SI,SI,1.0,Quebrada,5.0,LITROS POR SEGUNDO,0.4,C,1,0.7,C,1.0,Sedimentación,0.7,C,1.0,14000.0,LITROS,3.0,MESES,0.7,C,3.0,24.0,50.0,0.0,0.0,Mayor de 100 m,0.4,C,0.09,LITROS POR SEGUNDO,No se realiza,No,,MILIGRAMOS POR LITRO,2019-12-09,No aplica,2019-12-09,No aplica,2019-12-09,1.0,0.5292,1.0,0.35,0.7198,2
2019-10-15,,ABASTO CAMANCHA,185170,Colombia,"CUNDINAMARCA,SAN CAYETANO,Vereda Camancha",CUNDINAMARCA,SAN CAYETANO,Vereda Camancha,5.40996,-74.09341,1478.0,25653001,,1982.0,4.0,1.0,"CAMANCHA, CEMENTERIO, LA MINA, MATADERO",ASOCIACIÓN DE USUARIOS DEL ACUEDUCTO SANTA MARÍA DE LA VEREDA CAMANCHA,190.0,69.0,,25000000.0,,SI,NO,NO,NO,SI,SI,1.0,Quebrada,7.0,LITROS POR SEGUNDO,0.7,C,1,0.7,C,1.0,Sedimentación,0.2,D,1.0,18000.0,LITROS,4.0,MESES,0.7,C,4.0,24.0,69.0,0.0,0.0,Mayor de 100 m,0.7,C,0.1,LITROS POR SEGUNDO,No se realiza,No,,MILIGRAMOS POR LITRO,2019-12-10,No aplica,2019-12-10,No aplica,2019-12-10,1.0,0.7,1.0,0.1,0.7,2
2019-10-17,,ABASTO CANUTILLAL ,185172,Colombia,"CUNDINAMARCA,SAN CAYETANO,Vereda Canutillal",CUNDINAMARCA,SAN CAYETANO,Vereda Canutillal,5.3185,-74.04481,2558.0,25653003,,1980.0,3.0,1.0,"CANUTILLAL, LA ESTACIÓN, PUEBLO VIEJO",ASOCIACIÓN DE USUARIOS DEL ACUEDUCTO LAS MERCEDES DE LA VEREDA CANUTILLAL DEL MUNICIPIO DE SAN CAYETANO.,166.0,57.0,,18000000.0,,SI,NO,NO,NO,SI,SI,1.0,Quebrada,3.0,LITROS POR SEGUNDO,0.7,C,1,1.0,A,1.0,Sedimentación,0.4,C,1.0,64000.0,LITROS,3.0,MESES,0.7,C,3.0,24.0,57.0,0.0,0.0,Mayor de 100 m,0.4,C,0.08,LITROS POR SEGUNDO,No se realiza,No,,MILIGRAMOS POR LITRO,2019-12-10,No aplica,2019-12-10,No aplica,2019-12-10,1.0,0.6654,0.6,0.2,0.6164,2
2019-10-21,,ABASTO CORALES,185174,Colombia,"CUNDINAMARCA,SAN CAYETANO,Vereda Boca De Monte",CUNDINAMARCA,SAN CAYETANO,Vereda Boca De Monte,5.27623,-74.00486,3261.0,25653003,,2001.0,4.0,1.0,"BOCA DE MONTE, CARDONAL, CHITAL, CORALES",ASOCIACIÓN DE USUARIOS ACUEDUCTO LOS CORALES VEREDA BOCA DE MONTE,175.0,64.0,,30000000.0,,SI,NO,NO,NO,SI,SI,1.0,Quebrada,12.0,LITROS POR SEGUNDO,0.4,C,2,1.0,A,1.0,Sedimentación,1.0,A,1.0,10000.0,LITROS,3.0,MESES,0.85,B,4.0,24.0,64.0,0.0,0.0,Mayor de 100 m,0.55,C,0.09,LITROS POR SEGUNDO,No se realiza,No,,MILIGRAMOS POR LITRO,2019-12-10,No aplica,2019-12-10,No aplica,2019-12-10,1.0,0.6576,1.0,0.5,0.7894,2
2019-11-13,,ABASTO OSO MONTUA,185300,Colombia,"CUNDINAMARCA,VENECIA,SABANETA ALTA",CUNDINAMARCA,VENECIA,SABANETA ALTA,4.078018,-74.481376,1839.0,25-491,,1993.0,2.0,1.0,"EL OSO, MONTUA",ACUEDUCTO EL OSO MONTUA ,165.0,40.0,Otros,1000000.0,,SI,NO,NO,NO,NO,SI,1.0,Fuente,0.3,LITROS POR SEGUNDO,0.0,D,1,0.4,C,,,,,1.0,0.0,LITROS,,MESES,0.0,D,2.0,24.0,40.0,0.0,0.0,Mayor de 100 m,0.4,C,0.3,LITROS POR SEGUNDO,No se realiza,No,,MILIGRAMOS POR LITRO,2019-12-11,No aplica,2019-12-11,No aplica,2019-12-11,0.0,0.0,0.8,0.1,0.225,2
2019-11-14,,ABASTO EL OSO Y LA MANCITA,185302,Colombia,"CUNDINAMARCA,VENECIA,SABANETA ALTA",CUNDINAMARCA,VENECIA,SABANETA ALTA,4.082175,-74.46948,1819.0,25-491,,1993.0,10.0,1.0,"EL DIAMANTE, LA CHORRERA, LA MANUELA, PALMAR ALTO, PALMAR BAJO , PALMAR MEDIO , PUERTO MACHETE, SABANETA ALTA , SABANETA BAJA, TRES ESQUINAS",ACUEDUCTO EL OSO Y LA MANSITA,1392.6666666666667,380.0,Otros,3000000.0,5500000.0,SI,NO,NO,NO,SI,SI,1.0,Quebrada,1.3,LITROS POR SEGUNDO,0.7,C,2,1.0,A,,,,,1.0,50000.0,LITROS,6.0,MESES,0.7,C,2.0,24.0,380.0,0.0,0.0,Mayor de 100 m,1.0,A,1.3,LITROS POR SEGUNDO,No se realiza,No,,MILIGRAMOS POR LITRO,2019-12-11,No aplica,2019-12-11,No aplica,2019-12-11,0.8976,0.8367,1.0,0.1,0.7086,2
2019-12-09,,ABASTO BOLSA GRANDE,185303,Colombia,"CUNDINAMARCA,CABRERA,PENAS BLANCAS ALTA",CUNDINAMARCA,CABRERA,PENAS BLANCAS ALTA,3.971895,-74.483388,2022.0,25-120,,2000.0,6.0,1.0,"EL CASERIO, LOS PUENTES, OJITO DE AGUA, PEÑAS BLANCAS, SANTA MARTA, SANTA MARTA BAJA",ACUEDUCTO BOLSA GRANDE,885.4583333333334,250.0,Otros,2500000.0,8500000.0,SI,NO,NO,NO,SI,SI,1.0,Quebrada,0.9,LITROS POR SEGUNDO,1.0,A,1,0.7,C,,,,,1.0,70000.0,LITROS,6.0,MESES,0.85,B,3.0,24.0,250.0,0.0,0.0,Mayor de 100 m,0.7,C,0.8,LITROS POR SEGUNDO,No se realiza,"Sí, pero no de maner mayoritaria",,MILIGRAMOS POR LITRO,2019-12-11,No aplica,2019-12-11,No aplica,2019-12-11,1.0,0.8033,1.0,0.2,0.7508,2
2019-12-10,,ABASTO SANTA LUCIA,185304,Colombia,"CUNDINAMARCA,CABRERA,SANTA LUCIA",CUNDINAMARCA,CABRERA,SANTA LUCIA,3.986225,-74.473339,2186.0,25-120,,2013.0,6.0,1.0,"LA ARGELIA, LA ESCUELA, LAS MARIAS, SANTA LUCIA BAJA, SANTA RITA BAJA, SECTOR PROFUNDO",ACUEDUCTO SANTA LUCIA BAJA SECTOR PROFUNDOS,936.4595238095238,245.0,Otros,7000000.0,,SI,NO,NO,NO,SI,SI,1.0,Quebrada,1.1,LITROS POR SEGUNDO,0.7,C,2,1.0,A,,,,,2.0,50000.0,LITROS,3.0,MESES,0.85,B,2.0,24.0,245.0,0.0,0.0,Mayor de 100 m,0.7,C,0.7,LITROS POR SEGUNDO,No se realiza,"Sí, pero no de maner mayoritaria",,MILIGRAMOS POR LITRO,2019-12-11,No aplica,2019-12-11,No aplica,2019-12-11,1.0,0.8033,0.8,0.2,0.7008,2
2019-12-01,,ABASTO EL CALLEJON,185305,Colombia,"CUNDINAMARCA,RICAURTE,CALLEJON",CUNDINAMARCA,RICAURTE,CALLEJON,4.289203,-74.700303,370.0,25612000,,1998.0,3.0,1.0,"CALLEJÓN PARTE ALTA, CALLEJÓN PARTE BAJA, CALLEJÓN PARTE MEDIA",ASOCIACIÓN DE USUARIOS DEL SERVICIO DE ACUEDUCTO VEREDA CALLEJÓN,224.8807692307692,70.0,,15000000.0,,SI,NO,NO,NO,SI,SI,2.0,Ojo de agua o manantial,1.27,LITROS POR SEGUNDO,1.0,A,2,1.0,A,1.0,Sedimentación,1.0,A,1.0,50000.0,LITROS,2.0,MESES,1.0,A,2.0,24.0,70.0,70.0,70.0,Mayor de 100 m,1.0,A,0.5,LITROS POR SEGUNDO,No se realiza,No,,MILIGRAMOS POR LITRO,2019-12-11,No aplica,2019-12-11,No aplica,2019-12-11,1.0,1.0,0.8,0.5,0.825,2
2019-12-02,,ABASTO LIMONES,185306,Colombia,"CUNDINAMARCA,NILO,LIMONES",CUNDINAMARCA,NILO,LIMONES,4.33936,-74.53978,1035.0,25488000,,1988.0,2.0,1.0,"LIMONES PARTE ALTA, LIMONES SECTOR BAJO",ASOCIACIÓN  VEREDAL LIMONES,326.0,84.0,,8000000.0,,SI,NO,NO,NO,SI,SI,1.0,Quebrada,2.8,LITROS POR SEGUNDO,1.0,A,2,1.0,A,1.0,Sedimentación,1.0,A,2.0,100000.0,LITROS,1.0,MESES,1.0,A,2.0,24.0,84.0,0.0,0.0,Mayor de 100 m,1.0,A,0.6,LITROS POR SEGUNDO,No se realiza,No,,MILIGRAMOS POR LITRO,2019-12-11,No aplica,2019-12-11,No aplica,2019-12-11,1.0,1.0,1.0,0.5,0.875,2
2019-12-12,,ABASTO LA YUCALA,185307,Colombia,"CUNDINAMARCA,NILO,YUCALA,YUCALA SECTOR MANGOS",CUNDINAMARCA,NILO,"YUCALA,YUCALA SECTOR MANGOS",4.2231,-74.65219,468.0,25488000,,1978.0,3.0,1.0,"YUCALA SECTOR CENTRO, YUCALA SECTOR LA NARANJALA, YUCALA SECTOR LOS MANGOS",ASOCIACIÓN CAUDALES DE LA YUCALA,206.0,57.0,,18000000.0,,SI,NO,NO,NO,NO,SI,1.0,Quebrada,0.42,LITROS POR SEGUNDO,0.7,C,2,0.4,C,2.0,"Sedimentación, Sedimentación",1.0,A,1.0,64000.0,LITROS,6.0,MESES,0.85,B,1.0,24.0,57.0,0.0,0.0,Mayor de 100 m,0.7,C,0.4,LITROS POR SEGUNDO,No se realiza,No,,MILIGRAMOS POR LITRO,2019-12-12,No aplica,2019-12-12,No aplica,2019-12-12,1.0,0.6389,0.6,0.5,0.6847,2
2019-11-07,,ABASTO EL TABACO,185342,Colombia,"CUNDINAMARCA,JERUSALÉN,El Tabaco",CUNDINAMARCA,JERUSALÉN,El Tabaco,4.57281,-74.65885,450.0,25368000,,1995.0,2.0,1.0,"EL TABACO, EL TABACO SECTOR LAS ALICIAS ",ASOCIACIÓN ACUEDUCTO VEREDA EL TABACO,68.0,20.0,,35000000.0,,SI,NO,NO,NO,SI,SI,1.0,Quebrada,0.45,LITROS POR SEGUNDO,0.0,D,1,1.0,A,1.0,Sedimentación,1.0,A,1.0,60000.0,LITROS,6.0,MESES,0.85,B,1.0,24.0,20.0,0.0,0.0,Mayor de 100 m,1.0,A,0.15,LITROS POR SEGUNDO,No se realiza,No,,MILIGRAMOS POR LITRO,2019-12-12,No aplica,2019-12-12,No aplica,2019-12-12,1.0,0.0,0.8,0.5,0.575,2
2019-12-16,,ACUEDCUTO 2 VEREDA CASA BLANCA - COGUA,185427,Colombia,"CUNDINAMARCA,COGUA,CASA BLANCA",CUNDINAMARCA,COGUA,CASA BLANCA,5.13735,-73.9315,3073.0,25-200-000,,1970.0,6.0,2.0,"SECTOR EL CASCAJO, SECTOR EL CRUCE, SECTOR EL RIEGO, SECTOR  LOS RAMOS, SECTOR LOS ROSENDALES, SECTOR SANTA TERESA","JUNTA DE ACCION COMUNAL VEREDA CASA BLANCA, ASOCIACIÓN DE ACUEDUCTO VEREDA CASABLANCA ",392.0,103.0,Otros,1000000.0,,SI,NO,NO,NO,NO,SI,1.0,Ojo de agua o manantial,1.3,LITROS POR SEGUNDO,1.0,A,1,1.0,A,,,,,2.0,87000.0,LITROS,6.0,MESES,0.7,C,3.0,24.0,103.0,0.0,0.0,Mayor de 100 m,1.0,A,1.3,LITROS POR SEGUNDO,No se realiza,No,,MILIGRAMOS POR LITRO,2019-12-17,No pasa,2019-12-17,No pasa,2019-12-17,1.0,0.9147,0.8,0.1,0.7037,2
2019-12-16,,ACUEDUCTO EL PEDREGAL VEREDA CASA BLANCA- COGUA,185428,Colombia,"CUNDINAMARCA,COGUA,CASA BLANCA",CUNDINAMARCA,COGUA,CASA BLANCA,5.10666,-73.92225,2702.0,25-200-000,,1975.0,3.0,1.0," PEDREGAL PARTE ALTA, PEDREGAL PARTE BAJA, TIENDA NUEVA",ASOCIACION DE USUARIOS DEL ACUEDUCTO DEL PEDREGAL,242.0,64.0,Otros,1000000.0,,SI,NO,NO,NO,SI,SI,1.0,Ojo de agua o manantial,1.5,LITROS POR SEGUNDO,1.0,A,1,1.0,A,,,,,2.0,120000.0,LITROS,6.0,MESES,0.85,B,3.0,12.0,64.0,0.0,0.0,Mayor de 100 m,1.0,A,1.5,LITROS POR SEGUNDO,No se realiza,No,,MILIGRAMOS POR LITRO,2019-12-17,No aplica,2019-12-17,No aplica,2019-12-17,1.0,0.9602,0.8,0.1,0.7151,2
2019-12-02,,ABASTO NOVILLEROS,185466,Colombia,"CUNDINAMARCA,CAPARRAPÍ,Vereda Novilleros",CUNDINAMARCA,CAPARRAPÍ,Vereda Novilleros,5.265932,-74.522536,1244.0,25148000,,2003.0,3.0,1.0,"ACUARAPAL, GUAYABAL, NOVILLEROS",JUNTA ACUEDUCTO NOVILLEROS,406.0,117.0,,10000000.0,30000000.0,SI,NO,NO,NO,SI,SI,1.0,Quebrada,3.0,LITROS POR SEGUNDO,1.0,A,1,0.7,C,1.0,Sedimentación,0.85,B,2.0,35000.0,LITROS,3.0,MESES,0.625,C,3.0,24.0,117.0,0.0,0.0,Mayor de 100 m,0.13333334,D,0.3,LITROS POR SEGUNDO,No se realiza,No,,MILIGRAMOS POR LITRO,2019-12-18,No aplica,2019-12-18,No aplica,2019-12-18,1.0,0.4914,1.0,0.425,0.7291,2
2019-12-09,,ABASTO TATI,185485,Colombia,"CUNDINAMARCA,CAPARRAPÍ,TATI",CUNDINAMARCA,CAPARRAPÍ,TATI,5.46809,-74.54956,1060.0,25148006,,1990.0,1.0,1.0,TATI,ACUEDUCTO COMUNAL TATI,161.0,65.0,,20000000.0,,SI,NO,NO,NO,SI,SI,1.0,Quebrada,2.0,LITROS POR SEGUNDO,0.4,C,1,0.0,D,1.0,Sedimentación,0.85,B,,,,,,0.0,D,1.0,1.0,1.0,0.0,0.0,Mayor de 100 m,0.0,D,0.1,LITROS POR SEGUNDO,No se realiza,No,,MILIGRAMOS POR LITRO,2019-12-19,No aplica,2019-12-19,No aplica,2019-12-19,0.0,0.0,0.6,0.425,0.2562,2
2021-07-21,,ABASTO DE AGUA DE LA VEREDA LAGUNAS.,197101,Colombia,"CUNDINAMARCA,VIOTÁ,LAGUNAS",CUNDINAMARCA,VIOTÁ,LAGUNAS,4.4085,-74.467472222222,1430.8,,,1974.0,3.0,1.0,"LA FLORESTA, LA GALLERA, PUERTO LAGUNAS",ASOCIACIÓN DE USUARIOS DEL ACUEDUCTO DE LA VEREDA LAGUNAS DE VIOTA,476.0,140.0,Programa Rural,10000000.0,44000000.0,SI,NO,NO,NO,NO,SI,1.0,Quebrada,0.6,LITROS POR SEGUNDO,0.4,C,1,0.7,C,1.0,Sedimentación,0.85,B,1.0,34000.0,LITROS,1.0,MESES,1.0,A,3.0,12.0,140.0,0.0,0.0,Mayor de 100 m,0.9,B,1.5,LITROS POR SEGUNDO,No se realiza,"Sí, de maner mayoritaria",,MILIGRAMOS POR LITRO,,No aplica,2021-07-21,No aplica,2021-07-21,0.8927,0.7085,0.8,0.5,0.7253,2
2021-07-21,,ABASTO DE AGUA ASUBRASIL EL RUISITO.,197102,Colombia,"CUNDINAMARCA,VIOTÁ,BRASIL",CUNDINAMARCA,VIOTÁ,BRASIL,4.3796111,-74.467666666667,1810.5,,,1981.0,10.0,1.0,"BRASIL, BRASIL SECTOR LA ESCUELA, LA FLORIDA LA ESCUELA, MOGAMBO 1, MOGAMBO SECTOR LA ESCUELA, PUERTO BRASIL, SALITRE, SAN MARTÍN, SECTOR LAGUNAS, TIENDA NUEVA","ASOCIACIÓN DE USUARIOS DEL ACUEDUCTO DE LAS VEREDAS BRASIL, SAN MARTIN Y OTRAS.",1729.0,510.0,Programa Rural,10000000.0,,SI,NO,NO,NO,NO,SI,1.0,Quebrada,3.6,LITROS POR SEGUNDO,0.7,C,1,0.4,C,1.0,Sedimentación,0.7,C,1.0,72000.0,LITROS,24.74,MESES,0.35,D,10.0,24.0,510.0,0.0,0.0,Mayor de 100 m,0.85,B,3.6,LITROS POR SEGUNDO,No se realiza,No,,MILIGRAMOS POR LITRO,,No aplica,2021-07-21,No aplica,2021-07-21,0.6606,0.5372,1.0,0.35,0.637,2
2021-07-22,,"ABASTO DE AGUA DE LAS VEREDAS EL REPOSO, SAN NICOLAS, LA FLORIDA Y OTRAS.",197106,Colombia,"CUNDINAMARCA,VIOTÁ,LA FLORIDA",CUNDINAMARCA,VIOTÁ,LA FLORIDA,4.3700278,-74.474333333333,1736.4,,,1993.0,8.0,1.0,"LA ESPERANZA LA UNIÓN, LA RESEVERA, LAS BRISAS, LIBERIA ALTA, LOS CAUCHOS, REPOSO, SAN NICOLAS, SECTOR DON ANTONIO","ASOCIACIÓN DE USUARIOS DEL ACUEDUCTO RURAL DE LAS VEREDAS REPOSO, SAN NICOLAS, LA FLORIDA Y OTROS",581.0,173.0,Programa Rural,22000000.0,40000000.0,SI,NO,NO,NO,NO,SI,1.0,Quebrada,2.2,LITROS POR SEGUNDO,0.4,C,1,0.7,C,1.0,Sedimentación,0.7,C,1.0,85000.0,LITROS,1.0,MESES,0.85,B,8.0,24.0,173.0,0.0,0.0,Mayor de 100 m,0.7,C,2.2,LITROS POR SEGUNDO,No se realiza,"Sí, de maner mayoritaria",,MILIGRAMOS POR LITRO,,No aplica,2021-07-22,No aplica,2021-07-22,1.0,0.6389,0.8,0.5,0.7347,2
2021-07-22,,ACUEDUCTO VEREDA LA PRADERA,197113,Colombia,"CUNDINAMARCA,SUBACHOQUE,LA PRADERA,La Pradera",CUNDINAMARCA,SUBACHOQUE,"LA PRADERA,La Pradera",5.004575,-74.124587,2801.0,,,1968.0,1.0,1.0,LA PRADERA,ASOCIACION DE SUSCRIPTORES DE ACUEDUCTO Y SANEAMIENTO BASICO DE LA PRADERA MUNICIPIO DE SUBACHOQUE CUNDINAMARCA ESP,1020.0,341.0,Otros,5000000.0,408000000.0,SI,NO,NO,NO,SI,SI,1.0,Ojo de agua o manantial,2.7,LITROS POR SEGUNDO,1.0,A,1,1.0,A,4.0,"Aireación (oxidación), Desinfección con cloro, Filtración lenta, Coagulación y Floculación",1.0,A,2.0,107000.0,LITROS,2.0,MESES,1.0,A,2.0,24.0,341.0,341.0,341.0,Mayor de 100 m,1.0,A,2.7,LITROS POR SEGUNDO,"Sí, y funciona","Sí, de maner mayoritaria",0.31,MILIGRAMOS POR LITRO,2021-07-22,No aplica,2021-08-03,No aplica,2021-07-22,1.0,1.0,1.0,1.0,1.0,2
2021-07-23,,ABASTO DE AGUA DE LA VEREDA MOGAMBO.,197115,Colombia,"CUNDINAMARCA,VIOTÁ,MOGAMBO",CUNDINAMARCA,VIOTÁ,MOGAMBO,4.4084722,-74.467472222222,1427.8,,,1970.0,3.0,1.0,"BRASIL SEGUNDO SECTOR, LAGUNA SEGUNDO SECTOR, MOGAMBO  2",ASOCIACIÓN DE SUSCRIPTORES DEL ACUEDUCTO DE LA VEREDA MOGAMBO,258.0,76.0,Programa Rural,10000000.0,,SI,NO,NO,NO,NO,SI,1.0,Quebrada,0.5,LITROS POR SEGUNDO,0.4,C,1,0.7,C,1.0,Sedimentación,0.7,C,1.0,10000.0,LITROS,1.0,MESES,0.85,B,3.0,24.0,76.0,0.0,0.0,Mayor de 100 m,0.8,B,0.5,LITROS POR SEGUNDO,No se realiza,"Sí, de maner mayoritaria",,MILIGRAMOS POR LITRO,,No aplica,2021-07-23,No aplica,2021-07-23,0.4259,0.6606,0.8,0.5,0.5966,2
2021-07-26,,ABASTO DE AGUA DE LA VEREDA QUITAZOL Y JAZMIN.,197116,Colombia,"CUNDINAMARCA,VIOTÁ,QUITASOL",CUNDINAMARCA,VIOTÁ,QUITASOL,4.3898333,-74.527833333333,880.3,,,1980.0,3.0,1.0,"JAZMÍN, LA UNIÓN SEGUNDO SECTOR, QUITAZOL",ASOCIACIÓN DE USUARIOS DEL ACUEDUCTO QUITAZOL JAZMIN,408.0,120.0,Programa Rural,20000000.0,5000000.0,SI,NO,NO,NO,NO,SI,1.0,Quebrada,1.5,LITROS POR SEGUNDO,0.4,C,1,0.4,C,1.0,Sedimentación,0.85,B,1.0,70000.0,LITROS,49.47,MESES,0.35,D,3.0,6.0,120.0,0.0,0.0,Mayor de 100 m,0.7,C,1.5,LITROS POR SEGUNDO,No se realiza,No,,MILIGRAMOS POR LITRO,,No aplica,2021-07-26,No aplica,2021-07-21,1.0,0.445,0.8,0.425,0.6675,2
2021-07-27,,ABASTO DE AGUA DE LA VEREDA LIBERIA CENTRO.,197117,Colombia,"CUNDINAMARCA,VIOTÁ,LIBERIA",CUNDINAMARCA,VIOTÁ,LIBERIA,4.3703056,-74.504722222222,1420.3,,,2000.0,2.0,1.0,"LIBERIA BAJO CUBITA, LIBERIA CENTRO POBLADO",ASOCIACIÓN DE USUARIOS DEL ACUEDUCTO Y ALCANTARILLADO VEREDAL DE LIBERIA CENTRO,510.0,150.0,Programa Rural,18000000.0,12000000.0,SI,NO,NO,NO,NO,SI,1.0,Quebrada,1.2,LITROS POR SEGUNDO,0.4,C,1,0.7,C,1.0,Sedimentación,0.85,B,1.0,58000.0,LITROS,1.0,MESES,1.0,A,2.0,24.0,150.0,0.0,0.0,Mayor de 100 m,0.85,B,1.1,LITROS POR SEGUNDO,No se realiza,"Sí, pero no de maner mayoritaria",,MILIGRAMOS POR LITRO,,No aplica,2021-07-27,No aplica,2021-07-27,1.0,0.6985,0.8,0.425,0.7309,2
2021-07-28,,ABASTO DE AGUA DE LA VEREDA PALESTINA.,197118,Colombia,"CUNDINAMARCA,VIOTÁ,PALESTINA",CUNDINAMARCA,VIOTÁ,PALESTINA,4.3665,-74.469722222222,1888.2,,,1994.0,3.0,1.0,"´PALESTINA SECTOR ALTO, PALESTINA SECTOR BAJO LA ESCUELA, PALESTINA SECTOR CENTRO",ASOCIACIÓN DE USUARIOS DEL ACUEDUCTO DE LA VEREDA PALESTINA,490.0,144.0,Programa Rural,20000000.0,60000000.0,SI,NO,NO,NO,NO,SI,1.0,Quebrada,1.48,LITROS POR SEGUNDO,0.4,C,1,0.7,C,1.0,Sedimentación,0.85,B,1.0,60000.0,LITROS,49.47,MESES,0.35,D,3.0,24.0,144.0,0.0,0.0,Mayor de 100 m,0.7,C,1.48,LITROS POR SEGUNDO,No se realiza,"Sí, pero no de maner mayoritaria",,MILIGRAMOS POR LITRO,,No aplica,2021-07-28,No aplica,2021-07-28,1.0,0.5118,1.0,0.425,0.7342,2
2021-07-29,,ABASTO DE AGUA DE LA VEREDA LA VICTORIA.,197119,Colombia,"CUNDINAMARCA,VIOTÁ,VICTORIA",CUNDINAMARCA,VIOTÁ,VICTORIA,4.3716389,-74.545833333333,1120.8,,,1992.0,2.0,1.0,"LA VICTORIA ALTA, LA VICTORIA BAJA",ASOCIACIÓN DE USUARIOS DEL ACUEDUCTO DE LA VEREDA LA VICTORIA,323.0,95.0,Otros,20000000.0,,SI,NO,NO,NO,NO,SI,1.0,Ojo de agua o manantial,1.5,LITROS POR SEGUNDO,0.4,C,1,0.7,C,1.0,Sedimentación,0.85,B,1.0,10000.0,LITROS,49.47,MESES,0.35,D,2.0,24.0,95.0,0.0,0.0,Mayor de 100 m,0.55,C,1.5,LITROS POR SEGUNDO,No se realiza,No,,MILIGRAMOS POR LITRO,,No aplica,2021-07-29,No aplica,2021-07-29,0.387,0.4818,0.8,0.425,0.5234,2
2021-07-22,,ACUEDUCTO VEREDA CANICA ALTA,197157,Colombia,"CUNDINAMARCA,SUBACHOQUE,CANICA ALTA",CUNDINAMARCA,SUBACHOQUE,CANICA ALTA,4.940405,-74.11606,2999.0,,,1972.0,1.0,1.0,CANICA ALTA,ASOCIACIÓN DE SUSCRIPTORES DEL ACUEDUCTO CANICA ALTA,168.0,87.0,"Otros, Otros",8000000.0,30000000.0,SI,NO,NO,NO,SI,SI,1.0,Ojo de agua o manantial,10.0,LITROS POR SEGUNDO,0.7,C,1,0.7,C,3.0,"Coagulación y Floculación, Desinfección con cloro, Sedimentación",1.0,A,2.0,20000.0,LITROS,6.0,MESES,0.7,C,2.0,24.0,87.0,87.0,87.0,Mayor de 100 m,0.85,B,10.0,LITROS POR SEGUNDO,"Sí, y funciona","Sí, de maner mayoritaria",0.53,MILIGRAMOS POR LITRO,2021-07-22,No aplica,2021-08-05,No aplica,2021-08-05,1.0,0.7348,1.0,1.0,0.9337,2
2021-07-22,,ABASTO PUBLICO DE AGUA ACUEDUCTO RURAL LOS MOLINOS II,197160,Colombia,"CUNDINAMARCA,LA CALERA,El Salitre",CUNDINAMARCA,LA CALERA,El Salitre,4.6464,-73.97793,3112.7,,,1981.0,1.0,1.0,MOLINOS 2,ASOCIACIÓN DE USUARIOS DEL ACUEDUCTO RURAL LOS MOLINOS 2 - AUAR LOS MOLINOS 2,145.0,42.0,,120000000.0,300000.0,SI,NO,NO,NO,NO,SI,1.0,Ojo de agua o manantial,0.98,LITROS POR SEGUNDO,1.0,A,1,1.0,A,,,,,1.0,90000.0,LITROS,12.37,MESES,0.5,C,1.0,24.0,42.0,0.0,0.0,Mayor de 100 m,1.0,A,1.5,LITROS POR SEGUNDO,No se realiza,No,,MILIGRAMOS POR LITRO,,No pasa,2021-08-05,No pasa,2021-07-22,1.0,0.8409,1.0,0.0,0.7102,2
2021-07-26,,SISTEMA DE ACUEDUCTO AGUAS FRAILEJONAL,197161,Colombia,"CUNDINAMARCA,LA CALERA,FRAILEJONAL,Cedro",CUNDINAMARCA,LA CALERA,"FRAILEJONAL,Cedro",4.64051,-73.94154,3341.3,,,2012.0,6.0,1.0,"ALTO DE PIEDRA, ARRAYANES, CEDRO, ENCENILLOS, LOS LAGOS, MALABRIGO",ASOCIACIÓN DE USUARIOS DEL ACUEDUCTO FRAILEJONAL - AGUAS FRAILEJONAL,703.0,239.0,,517000000.0,30000000.0,SI,NO,NO,NO,SI,SI,1.0,Quebrada,1.17,LITROS POR SEGUNDO,1.0,A,1,1.0,A,1.0,Desinfección con cloro,1.0,A,2.0,106000.0,LITROS,6.0,MESES,0.85,B,2.0,24.0,239.0,239.0,97.0,Mayor de 100 m,1.0,A,2.5,LITROS POR SEGUNDO,"Sí, y funciona","Sí, de maner mayoritaria",0.3,MILIGRAMOS POR LITRO,2021-10-29,Sí pasa,2021-10-29,Sí pasa,2021-10-29,1.0,0.9602,0.8,1.0,0.9401,2
2021-07-23,,ACUEDUCTO VEREDA CASCAJAL,197162,Colombia,"CUNDINAMARCA,SUBACHOQUE,CASCAJAL",CUNDINAMARCA,SUBACHOQUE,CASCAJAL,4.977877,-74.156493,2910.0,25799,,1976.0,3.0,1.0,"CASCAJAL, CASCAJAL ENTRADA 32, CASCAJAL ENTRADA 33",ASOCIACIÓN DE SUSCRIPTORES DE LA VEREDA CASCAJAL,1625.0,270.0,Otros,500000.0,94000000.0,SI,NO,NO,NO,SI,SI,1.0,Quebrada,2.46,LITROS POR SEGUNDO,0.7,C,1,1.0,A,5.0,"Filtración lenta, Coagulación y Floculación, Desinfección con cloro, Sedimentación, Aireación (oxidación)",1.0,A,3.0,80000.0,LITROS,6.0,MESES,0.85,B,2.0,24.0,270.0,270.0,270.0,Mayor de 100 m,1.0,A,2.46,LITROS POR SEGUNDO,No se realiza,"Sí, de maner mayoritaria",,MILIGRAMOS POR LITRO,,No aplica,2021-08-05,No aplica,2021-08-05,1.0,0.8783,1.0,0.5,0.8446,2
2021-07-27,,SISTEMA DE ACUEDUCTO LOS MOLINOS,197164,Colombia,"CUNDINAMARCA,LA CALERA,El Salitre,Molinos 1",CUNDINAMARCA,LA CALERA,"El Salitre,Molinos 1",4.64653,-73.97771,3108.7,,,1999.0,1.0,1.0,MOLINOS 1,ASOCIACIÓN DE USUARIOS DEL ACUEDUCTO RURAL LOS MOLINOS,98.0,27.0,,120000000.0,50000000.0,SI,NO,NO,NO,SI,NO,1.0,Ojo de agua o manantial,0.98,LITROS POR SEGUNDO,1.0,A,1,1.0,A,1.0,Desinfección con cloro,0.7,C,1.0,16000.0,LITROS,1.0,MESES,1.0,A,1.0,24.0,27.0,27.0,27.0,Mayor de 100 m,1.0,A,0.98,LITROS POR SEGUNDO,"Sí, y funciona","Sí, de maner mayoritaria",2.9,MILIGRAMOS POR LITRO,2021-10-28,Sí pasa,2021-10-28,No pasa,2021-10-29,1.0,1.0,1.0,1.0,1.0,2
2021-07-30,,ABASTO DE AGUA DE LA VEREDA MODELIA.,197173,Colombia,"CUNDINAMARCA,VIOTÁ,MODELIA",CUNDINAMARCA,VIOTÁ,MODELIA,4.4799444,-74.440277777778,1444.5,,,1991.0,2.0,1.0,"MODELIA ALTA, MODELIA BAJA",ASOCIACIÓN DE USUARIOS DEL ACUEDUCTO DE LA VEREDA MODELIA,150.0,44.0,Otros,20000000.0,5000000.0,SI,NO,NO,NO,NO,SI,1.0,Quebrada,3.2,LITROS POR SEGUNDO,0.4,C,1,0.7,C,1.0,Sedimentación,0.85,B,1.0,80000.0,LITROS,24.74,MESES,0.35,D,2.0,24.0,44.0,0.0,0.0,Mayor de 100 m,0.55,C,3.2,LITROS POR SEGUNDO,No se realiza,"Sí, pero no de maner mayoritaria",,MILIGRAMOS POR LITRO,,No aplica,2021-07-30,No aplica,2021-07-30,1.0,0.4818,0.6,0.425,0.6267,2
2021-07-29,,ACUEDUCTO Y PLANTA DE TRATAMIENTO DE LA ASOCIACIÓN DE USUARIOS DEL SERVICIO DE LA CABRERA DEL MUNICIPIO DE PACHO DEPARTAMENTO DE CUNDINAMARCA,197184,Colombia,"CUNDINAMARCA,PACHO,LA CABRERA",CUNDINAMARCA,PACHO,LA CABRERA,5.13751,-74.13496,2046.0,,,1999.0,8.0,1.0,"CABRERA SECTOR 3, CABRERA SECTOR 4, CABRERA SECTOR 4A, CABRERA SECTOR 4B Y C, CABRERA SECTOR 4D, CABRERA SECTOR 5, SECTOR 1 EL VIVERO, SECTOR 2 ESCUELA",ASOCIACIÓN DE USUARIOS DEL SERVICIO DE LA CABRERA DEL MUNICIPIO DE PACHO DEPARTAMENTO DE CUNDINAMARCA,605.0,199.0,Otros,50000000.0,1500000.0,SI,NO,NO,NO,SI,SI,1.0,Río,11.5,LITROS POR SEGUNDO,0.7,C,1,0.7,C,1.0,Coagulación y Floculación,1.0,A,2.0,100000000.0,LITROS,0.51,MESES,0.85,B,1.0,24.0,199.0,199.0,199.0,Mayor de 100 m,0.7,C,11.5,LITROS POR SEGUNDO,"Sí, y funciona",No,0.5,MILIGRAMOS POR LITRO,2021-10-29,Sí pasa,2021-10-29,No pasa,2021-08-06,1.0,0.7348,1.0,1.0,0.9337,2
2021-07-25,,ABASTO DE AGUA - ASOVERIOS,197219,Colombia,"CUNDINAMARCA,ARBELÁEZ,SAN ROQUE,El Michu",CUNDINAMARCA,ARBELÁEZ,"SAN ROQUE,El Michu",4.27288,-74.39309,1436.3,,,2002.0,3.0,1.0,"EL MICHU, EL PUENTE, LA CURVA",ASOCIACION DE USUARIOS DEL ACUEDCTO DEL RIO GUAVIO ASOVERIOS,281.92,66.0,Otros,36000000.0,40000000.0,SI,NO,NO,NO,NO,SI,1.0,Río,0.92,LITROS POR SEGUNDO,0.7,C,1,0.7,C,,,,,,,,,,0.0,D,1.0,24.0,66.0,0.0,0.0,Mayor de 100 m,0.7,C,0.92,LITROS POR SEGUNDO,No se realiza,No,,MILIGRAMOS POR LITRO,,No pasa,2021-08-07,No pasa,2021-08-07,0.0,0.0,0.8,0.1,0.225,2
2021-07-28,,ABASTO DE AGUA - SAN ROQUE,197220,Colombia,"CUNDINAMARCA,ARBELÁEZ,SAN ROQUE",CUNDINAMARCA,ARBELÁEZ,SAN ROQUE,4.27547,-74.41709,1353.3,,,1981.0,10.0,1.0,"EL EDEN, EL MIRADOR, EL SAMANO, ESCUELA SAN ROQUE, JICUA, LA CUNCIA, LA RECEBERA, MESA ALTA, MESA DEL MEDIO, PLAZA DE FERIAS","ASOCIACIÓN DE USUARIOS DEL ACUEDUCTO DE AGUA NO POTABLE  VEREDA SAN ROQUE MUNICIPIO DE ARBELAEZ ""ACUEDUCTO VEREDA SAN ROQUE""",604.0,151.0,,650000.0,40000000.0,SI,NO,NO,NO,SI,SI,1.0,Río,4.5,LITROS POR SEGUNDO,1.0,A,1,1.0,A,,,,,2.0,230000.0,LITROS,1.02,MESES,1.0,A,1.0,24.0,151.0,151.0,151.0,Mayor de 100 m,1.0,A,4.5,LITROS POR SEGUNDO,No se realiza,No,,MILIGRAMOS POR LITRO,2021-11-02,No pasa,2021-11-04,No pasa,2021-08-07,1.0,1.0,0.8,0.375,0.7937,2
2021-07-30,,ABASTO DE AGUA - LA ARABIA,197221,Colombia,"CUNDINAMARCA,ARBELÁEZ,Santa Barbara",CUNDINAMARCA,ARBELÁEZ,Santa Barbara,4.26776,-74.37658,1579.3,,,1997.0,4.0,1.0,"CAPOTES, EL CRUCE, EL MIMBRE, LA ESCUELA LA ARABIA",JUNTA ADMINISTRADORA DEL ACUEDUCTO DE LA ARABIA,283.0,75.0,,1000000.0,,SI,NO,NO,NO,NO,SI,1.0,Río,0.2,LITROS POR SEGUNDO,0.7,C,1,0.7,C,,,,,1.0,300000.0,LITROS,6.0,MESES,0.7,C,1.0,2.0,75.0,0.0,0.0,Mayor de 100 m,0.7,C,0.2,LITROS POR SEGUNDO,No se realiza,No,,MILIGRAMOS POR LITRO,,No pasa,2021-08-07,No pasa,2021-08-07,1.0,0.7,0.6,0.1,0.6,2
2021-10-07,,ABASTO DE AGUA -  SANTA LUCIA,197222,Colombia,"CUNDINAMARCA,CABRERA,SANTA LUCIA,DISTRITO",CUNDINAMARCA,CABRERA,"SANTA LUCIA,DISTRITO",3.98695,-74.47349,2175.5,,,1991.0,2.0,1.0,"DISTRITO, EL COLEGIO",GESTIÓN COMUNITARIA DISTRITO,148.0,37.0,,40000000.0,,SI,NO,NO,NO,NO,SI,1.0,Quebrada,8.5,LITROS POR SEGUNDO,0.7,C,1,0.7,C,,,,,,,,,,0.0,D,1.0,24.0,49.0,0.0,0.0,Mayor de 100 m,0.4,C,8.5,LITROS POR SEGUNDO,No se realiza,No,,MILIGRAMOS POR LITRO,,No aplica,2021-08-07,No aplica,2021-08-07,0.0,0.0,0.4,0.275,0.1688,2
2021-08-03,,ABASTO DE AGUA - LA ARENOSA,197223,Colombia,"CUNDINAMARCA,ARBELÁEZ,San Antonio",CUNDINAMARCA,ARBELÁEZ,San Antonio,4.24161,-74.40256,1717.2,,,1990.0,5.0,1.0,"ARENALES, EL ANGEL, EL CUCHARO, EL TRAPICHE LA LAJITA, TRAPICHE GALEANO",ASOCIACIÓN DE USUARIOS DEL ACUEDUCTO  LA ARENOSA,304.0,76.0,,700000.0,4000000.0,SI,NO,NO,NO,NO,SI,1.0,Quebrada,1.09,LITROS POR SEGUNDO,0.7,C,1,0.7,C,,,,,1.0,100000.0,LITROS,3.0,MESES,0.85,B,1.0,24.0,76.0,0.0,0.0,Mayor de 100 m,1.0,A,1.09,LITROS POR SEGUNDO,No se realiza,No,,MILIGRAMOS POR LITRO,2021-11-02,No pasa,2021-08-07,No pasa,2021-08-07,1.0,0.8033,0.8,0.1,0.6758,2
2021-08-04,,ABASTO DE AGUA -  BERLÍN,197224,Colombia,"CUNDINAMARCA,ARBELÁEZ,San Luis,alto san luis",CUNDINAMARCA,ARBELÁEZ,"San Luis,alto san luis",4.19929,-74.386206,2494.1,,,2002.0,1.0,1.0,BERLIN ALTO,GESTIÓN COMUNITARIA DE BERLIN MUNICIPIO DE ARBELAEZ,100.0,25.0,,250000.0,,SI,NO,NO,NO,NO,NO,1.0,Lago,0.02,LITROS POR SEGUNDO,0.0,D,1,0.0,D,,,,,,,,,,0.0,D,1.0,24.0,25.0,0.0,0.0,Mayor de 100 m,0.4,C,0.02,LITROS POR SEGUNDO,No se realiza,No,,MILIGRAMOS POR LITRO,,No pasa,2021-08-07,No pasa,2021-08-07,0.0,0.0,0.8,0.0,0.2,2
2021-08-04,,ABASTO DE AGUA -  TEQUENDAMA LA CARBONERA,197225,Colombia,"CUNDINAMARCA,ARBELÁEZ,San Luis,alto san luis",CUNDINAMARCA,ARBELÁEZ,"San Luis,alto san luis",4.21182,-74.41573,2210.2,,,1990.0,4.0,1.0,"ALTO SAN LUIS, LA CARBONERA-CORINTO, LOS ROJAS, TEQUENDAMA",ASOCIACIÓN DE USUARIOS DEL ACUEDUCTO  TEQUENDAMA LA CARBONERA,144.0,36.0,,400000.0,,SI,NO,NO,NO,NO,SI,2.0,Quebrada,0.9,LITROS POR SEGUNDO,0.55,C,2,0.7,C,,,,,,,,,,0.0,D,1.0,24.0,36.0,0.0,0.0,Mayor de 100 m,0.7,C,0.6,LITROS POR SEGUNDO,No se realiza,No,,MILIGRAMOS POR LITRO,,No aplica,2021-08-07,No aplica,2021-08-07,0.0,0.0,0.6,0.1,0.175,2
2021-08-06,,ABASTO DE AGUA - LA VICTORIA,197226,Colombia,"CUNDINAMARCA,ARBELÁEZ,El Salitre",CUNDINAMARCA,ARBELÁEZ,El Salitre,4.22985,-74.33975,2431.2,,,1995.0,2.0,1.0,"CENTRO, LAS PARCELAS",JUNTA ADMINISTRADORA LA VICTORIA,200.0,50.0,,60000000.0,,SI,NO,NO,NO,SI,SI,1.0,Río,4.0,LITROS POR SEGUNDO,1.0,A,1,0.7,C,,,,,2.0,8670.0,LITROS,1.02,MESES,0.925,A,1.0,24.0,50.0,0.0,0.0,Mayor de 100 m,0.7,C,4.0,LITROS POR SEGUNDO,No se realiza,No,,MILIGRAMOS POR LITRO,,No aplica,2021-08-07,No aplica,2021-08-07,0.6947,0.8205,0.6,0.1,0.5538,2
2021-07-25,,ACUEDUCTO VEREDA RINCON SANTO,197290,Colombia,"CUNDINAMARCA,SUBACHOQUE,RINCON SANTO",CUNDINAMARCA,SUBACHOQUE,RINCON SANTO,4.975759,-74.122732,2935.0,,,1993.0,1.0,1.0,RINCON SANTO,ASOCIACIÓN DE USUARIOS DEL ACUEDUCTO REGIONAL DE LA VEREDA RINCÓN SANTO,1414.0,139.0,Otros,2000000.0,17000000.0,SI,NO,NO,NO,SI,SI,2.0,Fuente,0.39,LITROS POR SEGUNDO,1.0,A,2,0.7,C,2.0,"Filtración rápida, Aireación (oxidación)",1.0,A,2.0,36000.0,LITROS,0.24,MESES,1.0,A,2.0,24.0,139.0,139.0,139.0,Mayor de 100 m,1.0,A,0.28,LITROS POR SEGUNDO,No se realiza,"Sí, de maner mayoritaria",,MILIGRAMOS POR LITRO,,No aplica,2021-08-08,No aplica,2021-08-08,0.6365,0.9147,1.0,0.5,0.7628,2
2021-07-26,,ACUEDUCTO VEREDA LAGUNITAS,197291,Colombia,"CUNDINAMARCA,SUBACHOQUE,LA UNION",CUNDINAMARCA,SUBACHOQUE,LA UNION,5.018105,-74.111415,3080.0,,,1999.0,3.0,1.0,"LA UNION, SECTOR LAGUNITAS, SECTOR PARAMILLO",ASOCIACION DE SUSCRIPTORES DEL ACUEDUCTO LAGUNITAS    ASUALAGUNITAS,542.0,138.0,Otros,3000000.0,,SI,NO,NO,NO,SI,SI,1.0,Quebrada,1.19,LITROS POR SEGUNDO,0.0,D,1,1.0,A,3.0,"Coagulación y Floculación, Aireación (oxidación), Filtración lenta",0.2,D,2.0,110000.0,LITROS,2.0,MESES,1.0,A,2.0,24.0,138.0,138.0,138.0,Mayor de 100 m,1.0,A,1.19,LITROS POR SEGUNDO,No se realiza,"Sí, de maner mayoritaria",,MILIGRAMOS POR LITRO,,No aplica,2021-08-08,No aplica,2021-08-08,1.0,0.0,1.0,0.5,0.625,2
2021-07-31,,ACUEDUCTO VEREDA CANICA BAJA,197292,Colombia,"CUNDINAMARCA,SUBACHOQUE,CANICA BAJA",CUNDINAMARCA,SUBACHOQUE,CANICA BAJA,4.93777386,-74.1209527,2889.0,,,1978.0,1.0,1.0,CANICA BAJA,ASOCIACION DE USUARIOS DEL ACUEDUCTO DE LA VEREDA CANICA BAJA,1081.0,360.0,Otros,2000000.0,,SI,NO,NO,NO,NO,NO,1.0,Quebrada,3.5,LITROS POR SEGUNDO,0.0,D,1,1.0,A,3.0,"Sedimentación, Desinfección con cloro, Filtración rápida",0.95,A,4.0,270000.0,LITROS,2.0,MESES,1.0,A,4.0,24.0,360.0,360.0,360.0,Menor de 100 m,1.0,A,3.5,LITROS POR SEGUNDO,"Sí, y funciona","Sí, de maner mayoritaria",0.0,MILIGRAMOS POR LITRO,2021-07-31,No aplica,2021-08-08,No aplica,2021-08-08,1.0,0.0,1.0,1.0,0.75,2
2021-07-29,,SISTEMA DE ACUEDUCTO TRES QUEBRADAS,197316,Colombia,"CUNDINAMARCA,LA CALERA,LA TOMA,Sector Caracolito",CUNDINAMARCA,LA CALERA,"LA TOMA,Sector Caracolito",4.63611,-73.89357,3232.9,,,1978.0,11.0,1.0,"ALTAMAR, ALTO DE LAS AREPAS, BASE MILITAR, EL SENA, LA CAÑADA - LA RESERVA, LA PORTADA, SAN JOSE DE LA CONCEPCIÓN, SANTA HELENA, SECTOR 5, SECTOR ALTO, SECTOR CARACOLITO",ASOCIACIÓN DE SUSCRIPTORES DEL ACUEDUCTO RURAL DE TRES QUEBRADAS,5033.0,1163.0,,500000000.0,35000000.0,SI,NO,NO,NO,SI,SI,1.0,Quebrada,12.9,LITROS POR SEGUNDO,1.0,A,1,1.0,A,2.0,"Desinfección con cloro, Desinfección con cloro",1.0,A,1.0,155000.0,LITROS,6.0,MESES,0.85,B,2.0,24.0,1163.0,1163.0,1163.0,Mayor de 100 m,1.0,A,19.2,LITROS POR SEGUNDO,"Sí, y funciona","Sí, de maner mayoritaria",1.9,MILIGRAMOS POR LITRO,2021-10-28,Sí pasa,2021-10-28,Sí pasa,2021-10-28,1.0,0.9602,1.0,1.0,0.99,2
2021-08-03,,ACUEDUCTO VEREDA LA CHACUA,197366,Colombia,"CUNDINAMARCA,SIBATÉ,Chacua,chacua sector sibate",CUNDINAMARCA,SIBATÉ,"Chacua,chacua sector sibate",4.52824219,-74.23183761,2584.0,,,1971.0,3.0,1.0,"CHACUA SECTOR SIBATE, CHACUA SOACHA ALTO DE LA CABRERA, GARCIA SECTOR ALTO",ASOCIACION DE SUSCRIPTORES DEL SERVICIO DE ACUEDUCTO        AGUAS DE CHACUA,3050.0,1050.0,Otros,3000000.0,20000000.0,SI,NO,NO,NO,SI,SI,2.0,Quebrada,10.0,LITROS POR SEGUNDO,1.0,A,2,1.0,A,5.0,"Filtración rápida, Coagulación y Floculación, Desinfección con cloro, Filtración lenta, Aireación (oxidación)",1.0,A,1.0,220000.0,LITROS,0.68,MESES,1.0,A,2.0,12.0,1050.0,1050.0,1050.0,Mayor de 100 m,1.0,A,8.0,LITROS POR SEGUNDO,"Sí, y funciona","Sí, de maner mayoritaria",1.85,MILIGRAMOS POR LITRO,2021-08-03,No aplica,2021-08-10,No aplica,2021-08-10,1.0,1.0,0.6,1.0,0.9,2
2021-08-03,,ACUEDUCTO VEREDA SAN RAFAEL,197369,Colombia,"CUNDINAMARCA,SIBATÉ,San Rafael",CUNDINAMARCA,SIBATÉ,San Rafael,4.46757091,-74.28662143,2712.0,,,1992.0,1.0,1.0,SAN RAFAEL,ACUEDUCTO VEREDA SAN RAFAEL,54.78640776699029,33.0,Otros,1500000.0,40000000.0,SI,NO,NO,NO,SI,SI,1.0,Quebrada,2.7,LITROS POR SEGUNDO,0.7,C,1,0.7,C,1.0,Filtración rápida,0.7,C,2.0,65000.0,LITROS,3.0,MESES,0.85,B,1.0,8.0,33.0,33.0,33.0,Mayor de 100 m,1.0,A,2.7,LITROS POR SEGUNDO,"Sí, y funciona","Sí, de maner mayoritaria",1.49,MILIGRAMOS POR LITRO,2021-08-03,No aplica,2021-08-10,No aplica,2021-08-10,1.0,0.8033,1.0,1.0,0.9508,2
2021-08-05,,ACUAPILAS,197381,Colombia,"CUNDINAMARCA,SUBACHOQUE,SANTUARIO LA CUESTA",CUNDINAMARCA,SUBACHOQUE,SANTUARIO LA CUESTA,4.89923877,-74.16677565,2690.0,,,1994.0,9.0,1.0,"CONDOMINIO SANTA RITA, CONDOMINIO UMBRIA, CONDOMINIO VERDE, LA PIÑUELA, LAS PILAS, LA YEGUERA, SANTA RITA, SANTUARIO, TIBAGOTA","CORPORACION PARA LA CONSERVACION, APROVECHAMIENTO Y USO RACIONAL DEL AGUA DE LAS VEREDAS LA YEGUERA, LAS PILAS, TIBAGOTA Y EL SANTUARIO",1256.0,392.0,Otros,200000000.0,30000000.0,NO,SI,NO,NO,SI,SI,2.0,Pozo Perforado,4.0,LITROS POR SEGUNDO,0.7,C,2,0.7,C,6.0,"Aireación (oxidación), Desinfección con cloro, Coagulación y Floculación, Desinfección con cloro, Coagulación y Floculación, Aireación (oxidación)",0.85,B,8.0,532529.96,LITROS,6.0,MESES,0.7,C,6.0,24.0,392.0,392.0,392.0,Mayor de 100 m,0.7,C,4.0,LITROS POR SEGUNDO,"Sí, y funciona","Sí, de maner mayoritaria",1.9,MILIGRAMOS POR LITRO,2021-08-05,No aplica,2021-08-10,No aplica,2021-08-10,1.0,0.7,1.0,1.0,0.925,2
2021-08-02,,SISTEMA DE ACUEDUCTO VEREDA EL ROZO,197392,Colombia,"CUNDINAMARCA,COTA,ROZO,porteria sur",CUNDINAMARCA,COTA,"ROZO,porteria sur",4.79291,-74.11907,2565.9,,,1994.0,4.0,1.0,"CINDERELLA, PORTERIA NORTE, PORTERIA SUR, SECTOR REFOUS Y GONZALEZ",ASOCIACIÓN DE USUARIOS DEL ACUEDUCTO DE LA VEREDA DE ROZO - ASACOR,795.0,110.0,,100315000.0,5000000.0,NO,SI,NO,NO,SI,SI,1.0,Pozo excavado,4.8,LITROS POR SEGUNDO,0.7,C,1,0.7,C,1.0,Desinfección con cloro,0.85,B,1.0,62500.0,LITROS,1.0,MESES,0.85,B,1.0,24.0,110.0,100.0,100.0,Mayor de 100 m,0.7,C,0.09,LITROS POR SEGUNDO,"Sí, y funciona","Sí, de maner mayoritaria",1.3,MILIGRAMOS POR LITRO,2021-08-02,No aplica,2021-08-11,No aplica,2021-08-02,1.0,0.7348,0.8,1.0,0.8837,2
2021-08-04,,ABASTO PUBLICO DE AGUA SALITRE ALTO,197402,Colombia,"CUNDINAMARCA,GUASCA,SALITRE,salitre alto",CUNDINAMARCA,GUASCA,"SALITRE,salitre alto",4.77874,-73.88934,3007.4,,,,2.0,1.0,"SALITRE ALTO, SALITRE ALTO SECTOR LA ESCUELA",JUNTA DE ACCIÓN COMUNAL VEREDA SALITRE SECTOR ALTO,351.0,117.0,,50000000.0,,SI,NO,NO,NO,SI,SI,1.0,Río,1.3,LITROS POR SEGUNDO,0.7,C,1,0.7,C,,,,,1.0,50000.0,LITROS,1.0,MESES,0.85,B,1.0,24.0,117.0,117.0,117.0,Mayor de 100 m,0.7,C,1.8,LITROS POR SEGUNDO,No se realiza,"Sí, de maner mayoritaria",,MILIGRAMOS POR LITRO,,No pasa,2021-08-11,No pasa,2021-08-11,1.0,0.7348,0.8,0.5,0.7587,2
2021-08-03,,SISTEMA DE ACUEDUCTO RURAL EL HORNILLO,197403,Colombia,"CUNDINAMARCA,TABIO,RIO FRI OOCCIDENTAL",CUNDINAMARCA,TABIO,RIO FRI OOCCIDENTAL,5.00832,-74.08639,2966.1,,,1986.0,4.0,1.0,"ALCAPARRO, BUENA VISTA, EL BOTE, SAN ISIDRO",ASOCIACIÓN DE USUARIOS DEL ACUEDUCTO EL HORNILLO,1653.0,403.0,,,30427000.0,SI,NO,NO,NO,NO,SI,1.0,Quebrada,8.2,LITROS POR SEGUNDO,0.7,C,1,0.7,C,1.0,Coagulación y Floculación,0.6333333,C,2.0,112000.0,LITROS,2.0,MESES,0.85,B,1.0,24.0,403.0,403.0,403.0,Mayor de 100 m,0.7,C,4.6,LITROS POR SEGUNDO,No se realiza,"Sí, de maner mayoritaria",,MILIGRAMOS POR LITRO,,No aplica,2021-08-11,No aplica,2021-08-11,1.0,0.7348,0.8,0.5,0.7587,2
2021-08-11,,ABASTO PUBLICO DE AGUA SALITRE BAJO,197408,Colombia,"CUNDINAMARCA,GUASCA,SALITRE",CUNDINAMARCA,GUASCA,SALITRE,4.81582,-73.93424,2000.2,2761.6,,1981.0,3.0,1.0,"SALITRE  BAJO SECTOR FERRETERIA, SALITRE  BAJO SECTOR LA VIRGEN, SALITRE  BAJO SECTOR TANQUES",ASOCIACIÓN DE USUARIOS DEL ACUEDUCTO LA CABRERITA EMPRESA DE SERVICIOS PUBLICOS,412.0,122.0,,,16000000.0,SI,NO,NO,NO,NO,SI,6.0,Ojo de agua o manantial,4.8,LITROS POR SEGUNDO,0.45,C,4,0.4,C,,,,,6.0,97200.0,LITROS,4.0,MESES,0.725,B,3.0,12.0,122.0,0.0,0.0,Mayor de 100 m,0.4,C,0.5,LITROS POR SEGUNDO,No se realiza,"Sí, de maner mayoritaria",,MILIGRAMOS POR LITRO,,No aplica,2021-08-11,No aplica,2021-08-11,1.0,0.478,0.8,0.5,0.6945,2
2021-07-26,,"ACUEDUCTO Y PLANTA DE TRATAMIENTO DE LAS VEREDAS PAJONALES, LLANO DE LA HACIENDA Y LA RAMADA",197411,Colombia,"CUNDINAMARCA,PACHO,Pajonales",CUNDINAMARCA,PACHO,Pajonales,5.15348,-74.14591,1785.0,,,1989.0,32.0,1.0,"LA PLANTA, LOS OBANDO, SECTOR  AGRÍCOLA ALTO, SECTOR AGRICOLA BAJO, SECTOR CALATAYUD, SECTOR CAMINO DE PAJONALES, SECTOR CAMPAI, SECTOR CÁRDENAS, SECTOR CASA VERDE, SECTOR CHATARRAL ALTO, SECTOR CHATARRAL BAJO, SECTOR CONTRERAS, SECTOR CORREA, SECTOR CUCARACHO, SECTOR EL ANTOJO, SECTOR EL DERRUMBE, SECTOR EL LAGO, SECTOR  EL SENA, SECTOR GOMEZ, SECTOR GUZMAN, SECTOR JOTA, SECTOR  KIOSKO, SECTOR LA BARRANCA, SECTOR LA CRUZ, SECTOR LA ESCUELA, SECTOR LAS FLORES, SECTOR LAS FRESAS, SECTOR LA SIERRA, SECTOR LOS RUBIANOS, SECTOR MUGNO, SECTOR RANCHO LEÓN, SECTOR  VILLA BIBI","ASOCIACIÓN DE USUARIOS DEL ACUEDUCTO DE LAS VEREDAS DE PAJONALES, LLANO DE LA HACIENDA Y LA RAMADA",2289.0,703.0,"Otros, Otros",100000000.0,49000000.0,SI,NO,NO,NO,SI,SI,1.0,Quebrada,14.0,LITROS POR SEGUNDO,0.7,C,1,0.7,C,1.0,Coagulación y Floculación,1.0,A,2.0,117000000.0,LITROS,3.0,MESES,0.7,C,1.0,24.0,703.0,703.0,703.0,Mayor de 100 m,0.7,C,14.0,LITROS POR SEGUNDO,"Sí, y funciona","Sí, pero no de maner mayoritaria",0.6,MILIGRAMOS POR LITRO,2021-10-29,Sí pasa,2021-10-29,Sí pasa,2021-10-29,1.0,0.7,1.0,1.0,0.925,2
2021-08-02,,ABASTO DE AGUA DEL SECTOR LA VIRGEN,197413,Colombia,"CUNDINAMARCA,PACHO,LA CABRERA,Sector la virgen",CUNDINAMARCA,PACHO,"LA CABRERA,Sector la virgen",5.137881,-74.151912,1839.0,,,2017.0,1.0,1.0,SECTOR LA VIRGEN,ASOCIACIÓN DE SUSCRIPTORES DEL ACUEDUCTO DEL SECTOR LA VIRGEN,600.0,140.0,Otros,,2000000.0,SI,NO,NO,NO,SI,SI,1.0,Quebrada,1.2,LITROS POR SEGUNDO,0.0,D,1,0.4,C,,,,,1.0,50000000.0,LITROS,1.0,MESES,0.85,B,1.0,24.0,140.0,0.0,0.0,Mayor de 100 m,0.7,C,1.2,LITROS POR SEGUNDO,No se realiza,No,,MILIGRAMOS POR LITRO,,No pasa,2021-08-11,No pasa,2021-08-11,1.0,0.0,0.4,0.0,0.35,2
2021-08-03,,ABASTO DE AGUA DE LA  VEREDA LA HUERTAS,197415,Colombia,"CUNDINAMARCA,PACHO,Las Huertas",CUNDINAMARCA,PACHO,Las Huertas,5.17265,-74.1714,1583.0,,,1976.0,1.0,1.0,LAS HUERTAS,ASOCIACIÓN DE USUARIOS DEL ACUEDUCTO EL TAPAS VEREDA LAS HUERTAS,200.0,80.0,Otros,,44000000.0,SI,NO,NO,NO,NO,SI,1.0,Quebrada,1.95,LITROS POR SEGUNDO,0.4,C,1,1.0,A,,,,,1.0,25000.0,LITROS,3.0,MESES,0.7,C,1.0,24.0,80.0,0.0,0.0,Mayor de 100 m,0.7,C,1.95,LITROS POR SEGUNDO,No se realiza,No,,MILIGRAMOS POR LITRO,,No pasa,2021-08-11,No pasa,2021-08-11,1.0,0.6654,0.4,0.0,0.5163,2
2021-07-19,,ACUEDUCTO VEREDAL GOBERNADOR CENTRO,197516,Colombia,"CUNDINAMARCA,SESQUILÉ,GOBERNADOR",CUNDINAMARCA,SESQUILÉ,GOBERNADOR,5.025717,-73.804792,2750.0,197516,,2001.0,4.0,1.0,"GOBERNADOR SUR, SECTOR ALTO, SECTOR EL CAJÓN, SECTOR SALÓN COMUNAL",ASOCIACIÓN DE SUSCRIPTORES DEL SERVICIO DE AGUA POTABLE DE LA VEREDA GOBERNADOR DEL MUNICIPIO DE SESQUILÉ,541.7826086956522,148.0,,,,SI,NO,NO,NO,NO,SI,1.0,Quebrada,2.0,LITROS POR SEGUNDO,0.7,C,1,0.7,C,1.0,Coagulación y Floculación,0.85,B,1.0,34000.0,LITROS,0.95,MESES,0.85,B,1.0,24.0,152.0,152.0,145.0,Mayor de 100 m,1.0,A,2.0,LITROS POR SEGUNDO,"Sí, y funciona",No,1.3,MILIGRAMOS POR LITRO,2021-09-09,Sí pasa,2021-09-09,No pasa,2021-08-16,1.0,0.8033,0.6,0.925,0.8321,2
2021-07-19,,ACUEDUCTO VEREDA GOBERNADOR SAN ANTONIO,197521,Colombia,"CUNDINAMARCA,SESQUILÉ,GOBERNADOR",CUNDINAMARCA,SESQUILÉ,GOBERNADOR,5.035512,-73.80071,2640.0,197521,,2001.0,1.0,1.0,SECTOR TRES,ASOCIACIÓN DE SUSCRIPTORES DEL SERVICIO DE AGUA POTABLE DE LA VEREDA GOBERNADOR DEL MUNICIPIO DE SESQUILÉ,53.0,15.0,,,7000000.0,SI,NO,NO,NO,NO,SI,1.0,Quebrada,1.0,LITROS POR SEGUNDO,1.0,A,1,1.0,A,1.0,Coagulación y Floculación,1.0,A,1.0,10000.0,LITROS,0.95,MESES,1.0,A,1.0,24.0,15.0,15.0,15.0,Mayor de 100 m,1.0,A,1.0,LITROS POR SEGUNDO,"Sí, y funciona",No,0.3,MILIGRAMOS POR LITRO,2021-09-09,Sí pasa,2021-09-09,No pasa,2021-08-16,1.0,1.0,0.6,1.0,0.9,2
2021-07-28,,ABASTO  VEREDA TIERRA NEGRA EL ARRAYAN,197527,Colombia,"CUNDINAMARCA,SESQUILÉ,TIERRA NEGRA,El Arrayan",CUNDINAMARCA,SESQUILÉ,"TIERRA NEGRA,El Arrayan",5.020162,-73.771745,2998.0,197527,,2007.0,3.0,1.0,"EL ARRAYAN, LA LAGUNA, SECTOR LA Y",ASOCIACIÓN DE USUARIOS DE LA VEREDA TIERRA NEGRA,148.36173913043478,45.0,Otros,137420327.0,70000000.0,SI,NO,NO,NO,NO,SI,1.0,Quebrada,0.55,LITROS POR SEGUNDO,0.7,C,1,1.0,A,,,,,2.0,46000.0,LITROS,6.0,MESES,0.85,B,1.0,24.0,45.0,45.0,45.0,Mayor de 100 m,1.0,A,0.55,LITROS POR SEGUNDO,No se realiza,No,,MILIGRAMOS POR LITRO,,No pasa,2021-08-16,No pasa,2021-08-16,1.0,0.8783,1.0,0.1,0.7446,2
2021-08-14,,ACUAGUALIVA,197564,Colombia,"CUNDINAMARCA,LA VEGA,Llano Grande",CUNDINAMARCA,LA VEGA,Llano Grande,4.958903,-74.363843,1595.0,,,1993.0,10.0,1.0,"EL CURAL, EL PEÑON, LLANO GRANDE SECTOR ALTO, LLANO GRANDE SECTOR BAJO, SECTOR ALTO DIVINO NIÑO, SECTOR BAJO SAN JOSE, SECTOR LA CANTERA, SECTOR LA FLORIDA, SECTOR TIERRAS VIEJAS, UCRANIA SECTOR ALTO",ASOCIACION DE SUSCRIPTORES DEL ACUEDUCTO      ACUAGUALIVA,2879.0,707.0,Otros,4000000.0,63700000.0,SI,NO,NO,NO,SI,SI,2.0,Quebrada,16.0,LITROS POR SEGUNDO,1.0,A,2,1.0,A,4.0,"Filtración lenta, Desinfección con cloro, Filtración lenta, Desinfección con cloro",0.9,B,8.0,400000.0,LITROS,2.0,MESES,0.98125,A,8.0,24.0,706.0,706.0,706.0,Mayor de 100 m,1.0,A,16.0,LITROS POR SEGUNDO,"Sí, y funciona","Sí, de maner mayoritaria",0.11,MILIGRAMOS POR LITRO,2021-08-14,No aplica,2021-08-17,No aplica,2021-08-17,1.0,0.9953,1.0,1.0,0.9988,2
2021-08-12,,ABASTO PUBLICO DE AGUA SANTA LUCIA,197570,Colombia,"CUNDINAMARCA,GUASCA,SANTA LUCIA",CUNDINAMARCA,GUASCA,SANTA LUCIA,4.81582,-73.93424,3100.0,,,1980.0,4.0,1.0,"CENTRO, GAMBOA, SECTOR LINARES, TRINIDAD",ASOCIACIÓN DE USUARIOS DEL ACUEDUCTO DE LA VEREDA SANTALUCIA,530.0,140.0,,50000000.0,16000000.0,SI,NO,NO,NO,NO,SI,1.0,Quebrada,4.0,LITROS POR SEGUNDO,0.7,C,1,0.7,C,1.0,Sedimentación,0.85,B,1.0,192000.0,LITROS,24.74,MESES,0.35,D,1.0,24.0,140.0,130.0,130.0,Mayor de 100 m,0.7,C,2.5,LITROS POR SEGUNDO,No se realiza,"Sí, de maner mayoritaria",,MILIGRAMOS POR LITRO,,No pasa,2021-08-17,No pasa,2021-08-17,1.0,0.5886,1.0,0.5,0.7722,2
2021-08-17,,ABASTO PUBLICO DE AGUA LA CALERA,197578,Colombia,"CUNDINAMARCA,TABIO,RIO FRI OOCCIDENTAL",CUNDINAMARCA,TABIO,RIO FRI OOCCIDENTAL,4.9823,-74.0961,3026.9,,,1994.0,8.0,1.0,"BOTE ALTO, CAMINO AL VIENTO, EL CHITAL, EL RETIRO, GALLERA PICO PICO, LA PALMA, LOS GARZONES, LOS LUQUE",ASOCIACION DE USUARIOS DEL ACUEDUCTO RURAL DENOMINADO LA CALERA,1384.0,346.0,,12000000.0,,SI,NO,NO,NO,NO,SI,1.0,Quebrada,1.8,LITROS POR SEGUNDO,0.7,C,1,0.7,C,,,,,1.0,110000.0,LITROS,24.74,MESES,0.35,D,4.0,24.0,346.0,346.0,346.0,Mayor de 100 m,1.0,A,1.3,LITROS POR SEGUNDO,No se realiza,"Sí, de maner mayoritaria",,MILIGRAMOS POR LITRO,,No aplica,2021-08-17,No aplica,2021-08-17,1.0,0.6435,1.0,0.5,0.7859,2
2021-09-29,,ABASTO PUBLICO DE AGUA VEREDA TUNJAQUE,197589,Colombia,"CUNDINAMARCA,LA CALERA,TUNJAQUE,LAS CRUCES",CUNDINAMARCA,LA CALERA,"TUNJAQUE,LAS CRUCES",4.66923,-73.93078,2766.2,,,1992.0,8.0,1.0,"2 ESQUINAS, LAS CRUCES, LOS TANQUES, PARTE ALTA 36, POLIDEPORTIVO, SAN ANTONIO, SECTOR CENTRO, SECTOR LA ESCUELA",ASOCIACIÓN DE USUARIOS DEL ACUEDUCTO COMUNITARIO DE LA VEREDA DE TUNJAQUE ¨AGUATUN¨,485.0,150.0,,35000000.0,,SI,NO,NO,NO,SI,SI,1.0,Quebrada,1.5,LITROS POR SEGUNDO,0.7,C,1,0.7,C,1.0,Sedimentación,0.52500004,C,2.0,220000.0,LITROS,3.0,MESES,0.7,C,3.0,24.0,150.0,118.0,118.0,Mayor de 100 m,0.7,C,0.85,LITROS POR SEGUNDO,No se realiza,"Sí, de maner mayoritaria",,MILIGRAMOS POR LITRO,,No aplica,2021-08-17,No aplica,2021-08-17,1.0,0.7,1.0,0.5,0.8,2
2021-08-19,,ABASTO PUBLICO DE AGUA VEREDA MERCENARIO,197594,Colombia,"CUNDINAMARCA,SOPÓ,MERCENARIO",CUNDINAMARCA,SOPÓ,MERCENARIO,4.84787,-73.97201,2665.5,,,1999.0,3.0,1.0,"LOS GARZONES, SECTOR MEDINA, SECTOR VALBUENA",ASOCIACION DE USUARIOS DE AGUA POTABLE VEREDA MERCENARIO,353.0,74.0,,20000000.0,3000000.0,SI,SI,NO,NO,SI,SI,1.0,Quebrada,0.61,LITROS POR SEGUNDO,0.7,C,1,0.7,C,,,,,2.0,97000.0,LITROS,5.0,MESES,0.7,C,1.0,24.0,74.0,74.0,74.0,Mayor de 100 m,0.7,C,1.5,LITROS POR SEGUNDO,"Sí, y funciona","Sí, de maner mayoritaria",0.89,MILIGRAMOS POR LITRO,2021-08-19,No aplica,2021-08-17,No aplica,2021-08-17,1.0,0.7,1.0,1.0,0.925,2
2021-07-23,,ACUEDUCTO VEREDA SAN JOSÉ AGUA CLARA,197648,Colombia,"CUNDINAMARCA,SESQUILÉ,SAN JOSE,Aguas Claras",CUNDINAMARCA,SESQUILÉ,"SAN JOSE,Aguas Claras",5.001628,-73.79431,2752.0,197648,,2005.0,1.0,1.0,AGUA CLARA,JUNTA ADMINISTRADORA DEL ACUEDUCTO VEREDAL SAN JOSE,342.0,114.0,,,,SI,NO,NO,NO,SI,SI,1.0,Quebrada,0.98,LITROS POR SEGUNDO,1.0,A,1,0.7,C,1.0,Coagulación y Floculación,0.85,B,1.0,50000.0,LITROS,4.0,MESES,0.85,B,1.0,24.0,114.0,114.0,104.0,Mayor de 100 m,0.7,C,0.98,LITROS POR SEGUNDO,"Sí, y funciona",No,1.43,MILIGRAMOS POR LITRO,2021-09-09,Sí pasa,2021-09-09,Sí pasa,2021-09-12,1.0,0.8033,0.8,0.925,0.8821,2
2021-07-23,,ACUEDUCTO VEREDA SAN JOSÉ BUENA VISTA,197654,Colombia,"CUNDINAMARCA,SESQUILÉ,SAN JOSE,Buna Vista",CUNDINAMARCA,SESQUILÉ,"SAN JOSE,Buna Vista",5.022202,-73.800178,2827.0,197654,,2005.0,1.0,1.0,BUENA VISTA,JUNTA ADMINISTRADORA DEL ACUEDUCTO VEREDAL SAN JOSE,342.0,90.0,,,,SI,NO,NO,NO,NO,SI,1.0,Quebrada,0.98,LITROS POR SEGUNDO,0.7,C,1,0.7,C,1.0,Coagulación y Floculación,1.0,A,2.0,60000.0,LITROS,4.0,MESES,0.85,B,1.0,24.0,90.0,90.0,80.0,Mayor de 100 m,0.7,C,0.06,LITROS POR SEGUNDO,"Sí, y funciona",No,0.3,MILIGRAMOS POR LITRO,2021-09-09,Sí pasa,2021-09-09,Sí pasa,2021-09-09,1.0,0.7348,0.6,1.0,0.8337,2
2021-07-28,,ACUEDUCTO VEREDA NESCUATA LA VILLA,197699,Colombia,"CUNDINAMARCA,SESQUILÉ,NESCUATA,Sector La Villa",CUNDINAMARCA,SESQUILÉ,"NESCUATA,Sector La Villa",5.050063,-73.78179,2741.0,197699,,1977.0,3.0,1.0,"LA ESCUELA, NESCUATÁ BAJO, SECTOR LA VILLA",ASOCIACIÓN DE ACUEDUCTO NESCUATA LA VILLA,664.0,188.0,Otros,,,SI,NO,NO,NO,NO,SI,1.0,Quebrada,0.9,LITROS POR SEGUNDO,1.0,A,1,1.0,A,1.0,Coagulación y Floculación,0.85,B,3.0,210000.0,LITROS,6.0,MESES,0.8,B,1.0,24.0,188.0,188.0,188.0,Mayor de 100 m,1.0,A,1.1,LITROS POR SEGUNDO,"Sí, y funciona",No,0.09,MILIGRAMOS POR LITRO,2021-09-09,No pasa,2021-08-19,No pasa,2021-08-19,1.0,0.9457,0.6,0.925,0.8677,2
2021-07-23,,ACUEDUCTO VEREDA NESCUATÁ LA ESMERALDA,197700,Colombia,"CUNDINAMARCA,SESQUILÉ,NESCUATA,La Esmeralda",CUNDINAMARCA,SESQUILÉ,"NESCUATA,La Esmeralda",5.059963,-73.7693,2754.0,197700,,1969.0,3.0,1.0,"LA ESCUELA, LA ESMERALDA, SECTOR LA BASCULA",ASOCIACIÓN DE USUARIOS DE ACUEDUCTO Y ALCANTARILLADO DE  NESCUATA SESQUILÉ CUNDINAMARCA,870.0,300.0,,100000000.0,80000000.0,SI,NO,NO,NO,NO,SI,2.0,Quebrada,4.0,LITROS POR SEGUNDO,0.85,B,2,1.0,A,2.0,"Coagulación y Floculación, Coagulación y Floculación",1.0,A,4.0,390000.0,LITROS,2.0,MESES,1.0,A,1.0,24.0,300.0,300.0,290.0,Mayor de 100 m,0.7,C,2.0,LITROS POR SEGUNDO,"Sí, y funciona",No,0.3,MILIGRAMOS POR LITRO,2021-09-09,Sí pasa,2021-09-09,No pasa,2021-08-19,1.0,0.8783,0.9,1.0,0.9446,2
2021-07-28,,ABASTO VEREDA EL HATO,197870,Colombia,"CUNDINAMARCA,SESQUILÉ,EL HATO",CUNDINAMARCA,SESQUILÉ,EL HATO,4.99285,-73.748868,2838.0,197870,,1991.0,2.0,1.0,"CUARTO DEL SANTUARIO, SECTOR EL RINCON",GESTIÓN COMUNITARIA EL HATO,70.1764705882353,22.0,,5000000.0,60000000.0,SI,NO,NO,NO,NO,SI,1.0,Ojo de agua o manantial,0.8,LITROS POR SEGUNDO,0.7,C,3,0.8,B,,,,,3.0,54000.0,LITROS,2.0,MESES,1.0,A,1.0,24.0,22.0,0.0,0.0,Mayor de 100 m,0.7,C,0.8,LITROS POR SEGUNDO,No se realiza,No,,MILIGRAMOS POR LITRO,,No pasa,2021-08-22,No pasa,2021-08-22,1.0,0.7913,1.0,0.1,0.7228,2
2021-07-30,,ACUEDUCTO VEREDA UVAL RINCÓN,197873,Colombia,"CUNDINAMARCA,SESQUILÉ,EL UVAL",CUNDINAMARCA,SESQUILÉ,EL UVAL,4.962057,-73.743813,3146.0,197873,,1990.0,2.0,1.0,"COMPLEJO LECHERO, SECTOR LA ESCUELA",ASOCIACIÓN DE USUARIOS VEREDA UVAL RINCÓN SESQUILÉ CUNDINAMARCA,486.0,152.0,,30000000.0,,SI,NO,NO,NO,NO,SI,1.0,Río,3.5,LITROS POR SEGUNDO,1.0,A,2,1.0,A,1.0,Coagulación y Floculación,1.0,A,2.0,91000.0,LITROS,2.0,MESES,0.925,A,1.0,24.0,152.0,152.0,152.0,Mayor de 100 m,1.0,A,3.5,LITROS POR SEGUNDO,"Sí, y funciona",No,,MILIGRAMOS POR LITRO,2021-08-22,No pasa,2021-08-22,No pasa,2021-08-22,1.0,0.9807,0.8,1.0,0.9452,2
2021-07-30,,ABASTO VEREDA TENERIA,197885,Colombia,"CUNDINAMARCA,SUESCA,TENERIA",CUNDINAMARCA,SUESCA,TENERIA,5.087675,-73.752317,2779.0,197885,,1986.0,4.0,1.0,"LA CRUZ, LAGOS DE QUICAGUA, SECTOR LA ESCUELA, SECTOR TENERIA ALTO",ASOCIACIÓN DE USUARIOS DE ACUEDUCTO DE LA VEREDA TENERÍA,524.0,142.0,,2000000.0,400000.0,SI,NO,NO,NO,NO,SI,1.0,Quebrada,0.9,LITROS POR SEGUNDO,0.0,D,1,1.0,A,,,,,2.0,80000.0,LITROS,4.0,MESES,0.775,B,1.0,24.0,142.0,140.0,140.0,Mayor de 100 m,0.7,C,0.9,LITROS POR SEGUNDO,No se realiza,No,,MILIGRAMOS POR LITRO,,No pasa,2021-08-23,No pasa,2021-08-23,1.0,0.0,1.0,0.1,0.525,2
2021-08-06,,ACUEDUCTO VEREDA SAN VICENTE EL SOCORRO,197893,Colombia,"CUNDINAMARCA,SUESCA,SAN VICENTE",CUNDINAMARCA,SUESCA,SAN VICENTE,5.084825,-73.767387,2744.0,197893,,1986.0,2.0,1.0,"EL COLEGIO, LA INVASIÓN",ASOCIACIÓN DE USUARIOS DEL ACUEDUCTO DE LA VEREDA SAN VICENTE ACUASAN DEL MUNICIPIO DE SUESCA DEPARTAMENTO DE CUNDINAMARCA,655.0,221.0,,,80000000.0,SI,NO,NO,NO,NO,SI,1.0,Quebrada,1.8,LITROS POR SEGUNDO,0.7,C,1,1.0,A,1.0,Coagulación y Floculación,0.6,C,1.0,60000.0,LITROS,0.95,MESES,0.85,B,1.0,24.0,221.0,221.0,221.0,Mayor de 100 m,0.7,C,1.8,LITROS POR SEGUNDO,"Sí, y funciona",No,0.09,MILIGRAMOS POR LITRO,2021-09-09,No pasa,2021-08-23,No pasa,2021-08-23,1.0,0.8033,0.8,0.8,0.8508,2
2021-08-06,,ACUEDUCTO VEREDA SAN VICENTE EL OJITO,197895,Colombia,"CUNDINAMARCA,SUESCA,SAN VICENTE",CUNDINAMARCA,SUESCA,SAN VICENTE,5.071652,-73.755017,2880.0,197895,,1986.0,2.0,1.0,"ALTO DE LA CRUZ, SECTOR LA VICTORIA",ASOCIACIÓN DE USUARIOS DEL ACUEDUCTO DE LA VEREDA SAN VICENTE ACUASAN DEL MUNICIPIO DE SUESCA DEPARTAMENTO DE CUNDINAMARCA,535.0,125.0,,,50000000.0,SI,NO,NO,NO,NO,SI,1.0,Ojo de agua o manantial,0.5,LITROS POR SEGUNDO,1.0,A,1,1.0,A,1.0,Coagulación y Floculación,0.6,C,3.0,88000.0,LITROS,0.95,MESES,0.9,B,1.0,24.0,125.0,125.0,125.0,Mayor de 100 m,0.7,C,0.5,LITROS POR SEGUNDO,"Sí, y funciona",No,0.09,MILIGRAMOS POR LITRO,2021-09-09,No pasa,2021-08-23,No pasa,2021-08-23,1.0,0.8909,1.0,0.8,0.9227,2
2021-07-21,,ACUEDUCTO AGUABUENA,197908,Colombia,"CUNDINAMARCA,CHOACHÍ,POTRERO GRANDE,Potrero Grande parte alta",CUNDINAMARCA,CHOACHÍ,"POTRERO GRANDE,Potrero Grande parte alta",4.624266,-73.953331,2590.0,2518102601,,1995.0,5.0,1.0,"ALTO DEL ESPIGO, LAS AGUADAS, POTRERO GRANDE PARTE ALTA, POTRERO GRANDE PARTE BAJA, YERBABUENA","ASOCIACIÓN DE USUARIOS DEL ACUEDUCTO POTRERO GRANDE, YERBABUENA, AGUADAS - AGUABUENA",920.0,230.0,,,,SI,NO,NO,NO,SI,SI,1.0,Pozo excavado,12.0,LITROS POR SEGUNDO,1.0,A,1,1.0,A,,,,,1.0,10000.0,LITROS,3.0,MESES,0.85,B,1.0,24.0,230.0,230.0,230.0,Mayor de 100 m,1.0,A,12.0,LITROS POR SEGUNDO,No se realiza,No,,MILIGRAMOS POR LITRO,,No pasa,2021-08-23,No pasa,2021-08-23,0.2718,0.9602,0.8,0.425,0.6142,2
2021-08-09,,ABASTO VEREDA GÜITA EL RETAMO,197909,Colombia,"CUNDINAMARCA,SUESCA,GUITA",CUNDINAMARCA,SUESCA,GUITA,5.10306,-73.77007,2647.0,197909,,1994.0,4.0,1.0,"GUANZAQUE, LA ESCUELA, LOS SAUCES, SECTOR ALTO",COMITÉ EMPRESARIAL VEREDA GUITA,481.0,156.0,,90000000.0,20000000.0,SI,SI,NO,NO,NO,SI,1.0,Ojo de agua o manantial,1.0,LITROS POR SEGUNDO,1.0,A,3,1.0,A,,,,,4.0,120000.0,LITROS,0.95,MESES,1.0,A,1.0,24.0,156.0,156.0,156.0,Mayor de 100 m,0.7,C,1.0,LITROS POR SEGUNDO,No se realiza,No,,MILIGRAMOS POR LITRO,,No pasa,2021-08-23,No pasa,2021-08-23,1.0,0.9147,1.0,0.1,0.7537,2
2021-07-21,,ABASTO DE AGUA VEREDA LA VICTORIA SECTOR LOS SITIOS.,197911,Colombia,"CUNDINAMARCA,CHOACHÍ,LA VICTORIA,La Victoria",CUNDINAMARCA,CHOACHÍ,"LA VICTORIA,La Victoria",4.5547222,-73.9561111,2498.0,2518102201,,2007.0,2.0,1.0,"LA VICTORIA, LOS SITIOS",ASOCIACIÓN DE USUARIOS LA VICTORIA SECTOR LOS SITIOS,336.0,84.0,Otros,60000000.0,5000000.0,SI,NO,NO,NO,SI,SI,1.0,Quebrada,1.8,LITROS POR SEGUNDO,0.0,D,1,1.0,A,1.0,Sedimentación,0.7,C,1.0,500.0,LITROS,2.0,MESES,1.0,A,1.0,24.0,84.0,84.0,84.0,Mayor de 100 m,1.0,A,1.84,LITROS POR SEGUNDO,No se realiza,No,,MILIGRAMOS POR LITRO,,No aplica,2021-08-23,No aplica,2021-08-23,0.0372,0.0,1.0,0.35,0.3468,2
2021-08-09,,ABASTO VEREDA GÜITA EL MANANTIAL,197913,Colombia,"CUNDINAMARCA,SUESCA,GUITA",CUNDINAMARCA,SUESCA,GUITA,5.113525,-73.782875,2799.0,,,1974.0,3.0,1.0,"SECTOR BAJO, SECTOR MEDIO, SECTOR SAN PABLIN",COMITÉ EMPRESARIAL VEREDA GUITA,190.0,52.0,,5000000.0,8000000.0,SI,NO,NO,NO,NO,SI,1.0,Ojo de agua o manantial,0.5,LITROS POR SEGUNDO,1.0,A,1,1.0,A,,,,,4.0,34000.0,LITROS,0.95,MESES,1.0,A,1.0,24.0,52.0,52.0,52.0,Mayor de 100 m,1.0,A,0.5,LITROS POR SEGUNDO,No se realiza,No,,MILIGRAMOS POR LITRO,,No pasa,2021-08-23,No pasa,2021-08-23,1.0,1.0,1.0,0.1,0.775,2
2021-08-05,,ABASTO DE AGUA VEREDA EL PULPITO Y PARTE DE QUIUZA,197914,Colombia,"CUNDINAMARCA,CHOACHÍ,EL PULPITO,El Pulpito",CUNDINAMARCA,CHOACHÍ,"EL PULPITO,El Pulpito",4.5516667,-73.942222222,2490.0,2518101201,,1991.0,2.0,1.0,"EL PULPITO, QUIUZA",ASOCIACIÓN DE USUARIOS DEL ACUEDUCTO DE LA VEREDA DE EL PULPITO Y PARTE DE QUIUZA,234.0,61.0,,,2800000.0,SI,NO,NO,NO,SI,SI,1.0,Captación desde otro sistema,1.2,LITROS POR SEGUNDO,0.0,D,1,1.0,A,,,,,1.0,1100.0,LITROS,2.0,MESES,1.0,A,1.0,24.0,61.0,61.0,61.0,Mayor de 100 m,1.0,A,1.2,LITROS POR SEGUNDO,No se realiza,No,,MILIGRAMOS POR LITRO,,No aplica,2021-08-23,No aplica,2021-08-23,0.1175,0.0,1.0,0.0,0.2794,2
2021-07-27,,ABASTO DE AGUA EL CURI,197918,Colombia,"CUNDINAMARCA,CHOACHÍ,EL CURI",CUNDINAMARCA,CHOACHÍ,EL CURI,4.587778,-73.96527777,2476.0,25181010,,2000.0,1.0,1.0,EL CURI,ASOCIACIÓN DE USUARIOS DEL ACUEDUCTO LA VEREDA EL CURÍ SECTOR CHORRO NEGRO DEL MUNICIPIO DE CHOACHÍ,260.0,65.0,,,,SI,NO,NO,NO,SI,SI,1.0,Quebrada,2.0,LITROS POR SEGUNDO,1.0,A,1,1.0,A,,,,,1.0,2000.0,LITROS,2.0,MESES,0.85,B,1.0,24.0,65.0,65.0,65.0,Mayor de 100 m,0.7,C,10.0,LITROS POR SEGUNDO,No se realiza,"Sí, pero no de maner mayoritaria",,MILIGRAMOS POR LITRO,,No aplica,2021-08-23,No aplica,2021-08-23,0.1923,0.8783,0.8,0.2,0.5177,2
2021-07-29,,ACUEDUCTO RURAL EL CHIFLÓN VEREDA LA PALMA,197920,Colombia,"CUNDINAMARCA,CHOACHÍ,LA PALMA",CUNDINAMARCA,CHOACHÍ,LA PALMA,4.594363,-73.946282,2461.0,25181021,,2001.0,1.0,1.0,LA PALMA,ASOCIACIÓN DE SUSCRIPTORES ACUEDUCTO RURAL EL CHIFLÓN VEREDA LA PALMA,264.0,66.0,Otros,10000000.0,,SI,NO,NO,NO,SI,SI,1.0,Quebrada,12.0,LITROS POR SEGUNDO,1.0,A,1,1.0,A,1.0,Coagulación y Floculación,1.0,A,1.0,300000.0,LITROS,2.0,MESES,1.0,A,1.0,24.0,66.0,66.0,66.0,Mayor de 100 m,1.0,A,14.6,LITROS POR SEGUNDO,"Sí, y funciona","Sí, pero no de maner mayoritaria",,MILIGRAMOS POR LITRO,2021-08-23,No aplica,2021-08-23,No aplica,2021-08-23,1.0,1.0,0.8,1.0,0.95,2
2021-07-30,,ABASTO DE AGUA LOS LAURELES,197922,Colombia,"CUNDINAMARCA,CHOACHÍ,LOS LAURELES,Laureles",CUNDINAMARCA,CHOACHÍ,"LOS LAURELES,Laureles",4.5713889,-73.9649445,2510.0,2518102401,,2004.0,3.0,1.0,"GARALLES, LOS LAURELES, SANTA BARBARA",ASOCIACIÓN DE USUARIOS DEL ACUEDUCTO LOS LAURELES MUNICIPIO DE CHOACHÍ CUNDINAMARCA,340.0,93.0,Otros,8000000.0,,SI,NO,NO,NO,SI,SI,1.0,Captación desde otro sistema,15.0,LITROS POR SEGUNDO,1.0,A,1,0.7,C,,,,,1.0,2000.0,LITROS,2.0,MESES,1.0,A,3.0,24.0,93.0,0.0,0.0,Menor de 100 m,0.7,C,9.0,LITROS POR SEGUNDO,No se realiza,"Sí, de maner mayoritaria",,MILIGRAMOS POR LITRO,,No aplica,2021-08-23,No aplica,2021-08-23,0.1471,0.8367,0.8,0.5,0.571,2
2021-08-11,,ABASTO DE AGUA ASOACUMA,197930,Colombia,"CUNDINAMARCA,CHOACHÍ,MAZA",CUNDINAMARCA,CHOACHÍ,MAZA,4.569725,-73.873527,2122.0,25181025,,2005.0,3.0,1.0,"MAZA PARTE ALTA, MAZA PARTE BAJA, MAZA PARTE MEDIA",ASOACUMA,816.0,204.0,Otros,5000000.0,5000000.0,SI,NO,NO,NO,SI,SI,1.0,Quebrada,9.0,LITROS POR SEGUNDO,0.7,C,1,0.7,C,1.0,Sedimentación,1.0,A,1.0,2000.0,LITROS,2.0,MESES,0.85,B,1.0,24.0,204.0,200.0,140.0,Mayor de 100 m,1.0,A,1.6,LITROS POR SEGUNDO,No se realiza,No,,MILIGRAMOS POR LITRO,,No aplica,2021-08-24,No aplica,2021-08-24,0.0306,0.8033,1.0,0.5,0.5835,2
2021-08-24,,ABASTO PUBLICO DE AGUA VEREDA LA CONCEPCIÓN,197940,Colombia,"CUNDINAMARCA,GUASCA,CONCEPCIÓN,cooperativa",CUNDINAMARCA,GUASCA,"CONCEPCIÓN,cooperativa",4.81607,-73.79623,2885.51,,,1998.0,3.0,1.0,"LA COOPERATIVA, LA ESCUELA, SECTOR EL RIO",ACUEDUCTO VEREDA LA CONCEPCIÓN,108.0,30.0,,11200000.0,,SI,NO,NO,NO,SI,SI,1.0,Quebrada,11.3,LITROS POR SEGUNDO,0.7,C,1,0.7,C,,,,,,,,,,0.0,D,1.0,24.0,30.0,21.0,21.0,Mayor de 100 m,0.7,C,4.8,LITROS POR SEGUNDO,No se realiza,"Sí, de maner mayoritaria",,MILIGRAMOS POR LITRO,,No pasa,2021-08-24,No pasa,2021-08-24,0.0,0.0,0.8,0.5,0.325,2
2021-08-24,,ABASTO PUBLICO DE AGUA LA FLORESTA II,197945,Colombia,"CUNDINAMARCA,GUASCA,LA FLORESTA,carlos cifuentes",CUNDINAMARCA,GUASCA,"LA FLORESTA,carlos cifuentes",4.84342,-73.83893,2974.29,,,1997.0,5.0,1.0,"EL UVAL, LA VIRGEN, PEÑAS NEGRAS SECTOR ALTO, PEÑAS NEGRAS SECTOR BAJO, SALON COMUNAL",COMITE EMPRESARIAL DE ACUEDUCTO FLORESTA  II Y PEÑA NEGRA CEAPFLOR2,577.0,148.0,,50000000.0,35000000.0,SI,NO,NO,NO,NO,SI,3.0,Río,18.75,LITROS POR SEGUNDO,0.7,C,2,0.7,C,,,,,2.0,160000.0,LITROS,6.0,MESES,0.625,C,2.0,24.0,148.0,0.0,0.0,Mayor de 100 m,0.7,C,4.0,LITROS POR SEGUNDO,No se realiza,"Sí, de maner mayoritaria",,MILIGRAMOS POR LITRO,,No pasa,2021-08-24,No pasa,2021-08-24,1.0,0.6804,0.8,0.5,0.7451,2
2021-08-20,,ABASTO DE AGUA -  EL CARMEN,197951,Colombia,"CUNDINAMARCA,SAN BERNARDO,Vereda El Carmen",CUNDINAMARCA,SAN BERNARDO,Vereda El Carmen,4.16309,-74.33644,2918.1,,,1981.0,9.0,1.0,"ALTO DE LA ANTENA, ALTO SAN GIL, BAJO SAN ANTONIO, CAMION, EL ROBLE, ESCUELA EL CARMEN, GAVIONES, LA ESCUELA SAN ANTONIO, SAN FRANCISCO EL RAMAL",GRUPO COMUNITARIO DE USUARIOS DEL ACUEDUCTO VEREDA EL CARMEN G.C.A.C,731.0,185.0,,2000000.0,8000000.0,SI,NO,NO,NO,SI,SI,1.0,Quebrada,1.97,LITROS POR SEGUNDO,1.0,A,1,0.4,C,1.0,Aireación (oxidación),1.0,A,3.0,4000.0,LITROS,0.51,MESES,0.9,B,1.0,24.0,185.0,0.0,0.0,Mayor de 100 m,0.4,C,1.97,LITROS POR SEGUNDO,No se realiza,No,,MILIGRAMOS POR LITRO,2021-11-03,No pasa,2021-08-24,No pasa,2021-08-24,0.1368,0.616,0.4,0.5,0.4132,2
2021-08-19,,"ABASTO DE AGUA -  ACUEDUCTO ANDES, ALEJANDRIA HONDURAS Y LAUREL BAJO",197959,Colombia,"CUNDINAMARCA,SAN BERNARDO,Vereda Alejandria",CUNDINAMARCA,SAN BERNARDO,Vereda Alejandria,4.12641,-74.38947,2391.1,,,2005.0,10.0,1.0,"ALEJANDRIA ALTA, ALEJANDRIA BAJA, EL GUALILO, EL ROCIO, ESCUELA ALEJANDRIA, LA BATEA, LA ESCUELA ANDES, LA GALLINAZA, PLAN DE LOS ANDES, PRIMER CAMPAMENTO",ASOCIACION DE USUARIOS DEL ACUEDUCTO ANDES ALEJANDRIA Y HONDURAS,642.0,200.0,,,45000000.0,SI,NO,NO,NO,SI,SI,1.0,Quebrada,2.37,LITROS POR SEGUNDO,0.7,C,1,0.7,C,,,,,1.0,100000.0,LITROS,0.51,MESES,1.0,A,1.0,24.0,200.0,0.0,0.0,Mayor de 100 m,0.7,C,2.37,LITROS POR SEGUNDO,No se realiza,No,,MILIGRAMOS POR LITRO,,No aplica,2021-08-25,No aplica,2021-08-25,1.0,0.7653,0.8,0.0,0.6413,2
2021-08-19,,ABASTO DE AGUA - HONDURAS,197961,Colombia,"CUNDINAMARCA,SAN BERNARDO,HONDURAS",CUNDINAMARCA,SAN BERNARDO,HONDURAS,4.13312,-74.38916,2265.1,,,2003.0,2.0,1.0,"LA ESCUELA, LAS CANCHAS",GESTIÓN COMUNITARIA - HONDURAS,94.73333333333333,25.0,,1000000.0,,SI,NO,NO,NO,NO,SI,1.0,Quebrada,1.5,LITROS POR SEGUNDO,0.7,C,1,0.7,C,,,,,1.0,5000.0,LITROS,0.51,MESES,1.0,A,1.0,24.0,25.0,0.0,0.0,Mayor de 100 m,0.7,C,1.5,LITROS POR SEGUNDO,No se realiza,No,,MILIGRAMOS POR LITRO,,No aplica,2021-08-25,No aplica,2021-08-25,1.0,0.7653,0.6,0.0,0.5913,2
2021-08-23,,ABASTO DE AGUA -  AGUA AMARILLA,197962,Colombia,"CUNDINAMARCA,SAN BERNARDO,Vereda Aguamarilla",CUNDINAMARCA,SAN BERNARDO,Vereda Aguamarilla,4.17174,-74.37331,2386.1,,,2001.0,4.0,1.0,"AGUA AMARILLA ALTA, AGUA AMARILLA BAJA, EL ROBLE, LA CAPILLA",JUNTA DE ACUEDUCTO AGUA AMARILLA,122.62337662337663,34.0,,5000000.0,,SI,NO,NO,NO,NO,SI,1.0,Quebrada,2.0,LITROS POR SEGUNDO,0.4,C,1,0.4,C,,,,,1.0,500.0,LITROS,3.0,MESES,0.7,C,1.0,24.0,34.0,0.0,0.0,Mayor de 100 m,0.4,C,2.0,LITROS POR SEGUNDO,No se realiza,No,,MILIGRAMOS POR LITRO,,No pasa,2021-08-25,No pasa,2021-08-25,0.051,0.4601,0.6,0.0,0.2778,2
2021-08-24,,ABASTO DE AGUA -  QUECOS AMERICAS,197963,Colombia,"CUNDINAMARCA,SAN BERNARDO,QUECOS",CUNDINAMARCA,SAN BERNARDO,QUECOS,4.19393,-74.39637,2379.1,,,1941.0,3.0,1.0,"NIÑA MARIA, QUECOS ALTO, QUECOS BAJO",JUNTA DE ACUEDUCTO QUECOS AMERICAS,160.0,45.0,,50000.0,150000.0,SI,NO,NO,NO,SI,SI,1.0,Quebrada,2.0,LITROS POR SEGUNDO,0.7,C,1,0.7,C,,,,,1.0,2000000.0,LITROS,5.0,MESES,0.7,C,1.0,24.0,45.0,0.0,0.0,Mayor de 100 m,0.4,C,2.0,LITROS POR SEGUNDO,No se realiza,No,,MILIGRAMOS POR LITRO,,No pasa,2021-08-25,No pasa,2021-08-25,1.0,0.6086,0.6,0.0,0.5522,2
2021-08-26,,ABASTO PUBLICO DE AGUA RURAL MARIANO OSPINA.,197975,Colombia,"CUNDINAMARCA,GUASCA,MARIANO OSPINA,sector bajo",CUNDINAMARCA,GUASCA,"MARIANO OSPINA,sector bajo",4.77789,-73.88951,2991.7,,,1989.0,8.0,1.0,"4 ESQUINAS, CENTRO POBLADO, ENTRADA 4, LOS GONZALEZ, SECTOR ALTO, SECTOR BAJO, SECTOR CORONEL, TANQUES NEGROS",ASOCIACION DE USUARIOS DEL ACUEDUCTO RURAL MARIANO OSPINA RODRIGUEZ ESP,1926.0,550.0,,10000000.0,40000000.0,SI,NO,NO,NO,SI,SI,1.0,Río,6.8,LITROS POR SEGUNDO,0.7,C,1,0.7,C,,,,,4.0,370000.0,LITROS,2.0,MESES,0.85,B,4.0,24.0,554.0,551.0,551.0,Mayor de 100 m,0.7,C,3.5,LITROS POR SEGUNDO,"Sí, y funciona","Sí, de maner mayoritaria",,MILIGRAMOS POR LITRO,2021-09-10,No pasa,2021-08-26,No pasa,2021-08-26,1.0,0.7348,1.0,1.0,0.9337,2
2021-08-12,,ACUEDUCTO DE LA VEREDA BRADAMONTE ASUACUEBRA,197987,Colombia,"CUNDINAMARCA,SIBATÉ,BRADAMONTE",CUNDINAMARCA,SIBATÉ,BRADAMONTE,4.42164716,-74.22206334,3463.0,,,1991.0,1.0,1.0,BRADAMONTE,ASOCIACION DE USUARIOS DEL ACUEDUCTO DE LA VEREDA BRADAMONTE     ASUACUEBRA,366.0,170.0,"Otros, Otros",2000000.0,130000000.0,SI,NO,NO,NO,NO,SI,1.0,Quebrada,1.5,LITROS POR SEGUNDO,1.0,A,1,1.0,A,3.0,"Desinfección con cloro, Coagulación y Floculación, Filtración lenta",1.0,A,2.0,73000.0,LITROS,6.0,MESES,0.7,C,2.0,24.0,170.0,170.0,170.0,Mayor de 100 m,1.0,A,1.5,LITROS POR SEGUNDO,"Sí, y funciona","Sí, de maner mayoritaria",1.0,MILIGRAMOS POR LITRO,2021-09-15,Sí pasa,2021-09-15,No pasa,2021-09-17,1.0,0.9147,1.0,1.0,0.9787,2
2021-08-12,,ACUEDUCTO VEREDA USABA LA CANTERA,197988,Colombia,"CUNDINAMARCA,SIBATÉ,USABA,sector la cantera",CUNDINAMARCA,SIBATÉ,"USABA,sector la cantera",4.45361088,-74.22721745,3342.0,,,1988.0,1.0,1.0,SECTOR LA CANTERA,ASOCIACION DE USUARIOS DEL ACUEDUCTO DEL MUNICIPIO DE SIBATE VEREDA USABA LA CANTERA       AVEUS,392.0,98.0,Otros,500000.0,,SI,NO,NO,NO,SI,SI,1.0,Quebrada,2.0,LITROS POR SEGUNDO,0.7,C,1,0.7,C,1.0,Aireación (oxidación),0.7,C,1.0,50000.0,LITROS,3.0,MESES,0.7,C,1.0,24.0,98.0,98.0,98.0,Mayor de 100 m,1.0,A,2.0,LITROS POR SEGUNDO,No se realiza,"Sí, de maner mayoritaria",0.14,MILIGRAMOS POR LITRO,2021-08-12,No aplica,2021-08-26,No aplica,2021-08-26,1.0,0.7653,0.8,0.5,0.7663,2
2021-08-06,,AGUASISO,197992,Colombia,"CUNDINAMARCA,SIBATÉ,LA UNIÓN",CUNDINAMARCA,SIBATÉ,LA UNIÓN,4.49022594,-74.26010564,2602.0,,,1993.0,23.0,1.0,"ALTO CHARCO, ALTO DE LA CRUZ, CARRIZAL, EL PEÑON, LA PLAYITA, LA UNION, PIE DE ALTO, SABANETA, SAN FRANCISCO, SAN MIGUEL, SAN RAFAEL, SANTA FE, SECTOR ALCANCIA, SECTOR BOQUERON, SECTOR CARDONAL BAJO, SECTOR EL HOYO, SECTOR  EL PROGRESO, SECTOR LA FLORESTA, SECTOR LOS ZORROS, SECTOR PINO 4, SECTOR PUENTE TERRA, SECTOR SANTA LUCIA, SECTOR VILLA BLANCA",ASOCIACION DE AFILIADOS ACUEDUCTO REGIONAL VEREDAS Y SECTORES DE LOS MUNICIPIOS DE SIBATE SOACHA Y GRANADA      AGUASISO,6536.21359223301,1884.0,Otros,900000.0,74750000.0,SI,NO,NO,NO,SI,SI,1.0,Quebrada,26.5,LITROS POR SEGUNDO,0.7,C,1,1.0,A,3.0,"Sedimentación, Desinfección con cloro, Coagulación y Floculación",0.8875,B,21.0,1530000.0,LITROS,6.0,MESES,0.8214286,B,21.0,24.0,1884.0,1884.0,1884.0,Mayor de 100 m,1.0,A,26.5,LITROS POR SEGUNDO,"Sí, y funciona","Sí, de maner mayoritaria",1.96,MILIGRAMOS POR LITRO,2021-08-06,No aplica,2021-08-26,No aplica,2021-08-26,1.0,0.8708,0.8,1.0,0.9177,2
2021-08-25,,ABASTO PUBLICO DE AGUA FLORESTA,198060,Colombia,"CUNDINAMARCA,GUASCA,LA FLORESTA",CUNDINAMARCA,GUASCA,LA FLORESTA,4.83892,-73.85845,2830.7,,,1981.0,4.0,1.0,"CARLOS CIFUENTES, FLORISTERIA, VIA PASO HONDA, VILLA OLIMPICA",ASOCIACIÓN DE USUARIOS DISTRITO DE RIEGO LA FLORESTA,798.0,259.0,,50000000.0,7000000.0,SI,NO,NO,NO,SI,SI,1.0,Río,9.5,LITROS POR SEGUNDO,0.4,C,1,0.7,C,,,,,1.0,45000.0,LITROS,2.0,MESES,0.85,B,2.0,24.0,259.0,0.0,0.0,Mayor de 100 m,0.7,C,2.7,LITROS POR SEGUNDO,No se realiza,"Sí, de maner mayoritaria",,MILIGRAMOS POR LITRO,,No pasa,2021-08-31,No pasa,2021-08-31,1.0,0.6389,0.8,0.5,0.7347,2
2021-08-17,,ABASTO DE AGUA DE LA VEREDA CORDOBA.,198071,Colombia,"CUNDINAMARCA,CAPARRAPÍ,CORDOBA,cacerio",CUNDINAMARCA,CAPARRAPÍ,"CORDOBA,cacerio",5.3898333,-74.555833333333,542.0,,,1960.0,1.0,1.0,CASERIO CORDOBA,ACUEDUCTO DE LA VEREDA CORDOBA,182.0,57.0,Programa Rural,25000000.0,5000000.0,SI,NO,NO,NO,NO,SI,1.0,Quebrada,2.5,LITROS POR SEGUNDO,0.7,C,1,0.7,C,1.0,Sedimentación,0.85,B,1.0,120000.0,LITROS,12.37,MESES,0.5,C,1.0,24.0,57.0,0.0,0.0,Mayor de 100 m,0.7,C,2.5,LITROS POR SEGUNDO,No se realiza,"Sí, de maner mayoritaria",,MILIGRAMOS POR LITRO,,No aplica,2021-08-17,No aplica,2021-08-17,1.0,0.6435,0.8,0.5,0.7359,2
2021-08-18,,ABASTO DE AGUA VEREDAL SAN RAMON BAJO.,198072,Colombia,"CUNDINAMARCA,CAPARRAPÍ,SAN RAMON BAJO,san ramon bajo",CUNDINAMARCA,CAPARRAPÍ,"SAN RAMON BAJO,san ramon bajo",5.3473889,-74.575527777778,583.3,,,1991.0,2.0,1.0,"SAN RAMON BAJO, TRAPICHE",GESTIÓN COMUNITARIA  - VEREDA SAN RAMON BAJO,106.0,32.0,Programa Rural,15000000.0,,SI,NO,NO,NO,NO,SI,1.0,Quebrada,1.6,LITROS POR SEGUNDO,0.7,C,1,0.7,C,1.0,Sedimentación,1.0,A,1.0,60000.0,LITROS,1.0,MESES,1.0,A,2.0,24.0,32.0,0.0,0.0,Mayor de 100 m,0.7,C,1.6,LITROS POR SEGUNDO,No se realiza,"Sí, pero no de maner mayoritaria",,MILIGRAMOS POR LITRO,,No aplica,2021-08-18,No aplica,2021-08-18,1.0,0.7653,0.8,0.5,0.7663,2
2021-08-19,,ABASTO DE AGUA DE LA VEREDA PARRI,198073,Colombia,"CUNDINAMARCA,CAPARRAPÍ,PARRI,parri bajo cacerio",CUNDINAMARCA,CAPARRAPÍ,"PARRI,parri bajo cacerio",5.4172222,-74.455888888889,1338.9,,,1996.0,2.0,1.0,"PARRI BAJO EL CASERIO, PARRI SECTOR ALTO",GESTIÓN COMUNITARIA  - VEREDA PARRÍ,115.0,37.0,Programa Rural,20000000.0,3000000.0,SI,NO,NO,NO,NO,SI,1.0,Quebrada,2.1,LITROS POR SEGUNDO,0.7,C,1,1.0,A,1.0,Sedimentación,0.85,B,1.0,12000.0,LITROS,12.37,MESES,0.35,D,2.0,24.0,37.0,0.0,0.0,Mayor de 100 m,0.7,C,2.1,LITROS POR SEGUNDO,No se realiza,No,,MILIGRAMOS POR LITRO,,No aplica,2021-08-19,No aplica,2021-08-19,1.0,0.6435,0.8,0.425,0.7171,2
2021-08-20,,ABASTO DE AGUA DE LA VEREDA PALENQUE.,198074,Colombia,"CUNDINAMARCA,CAPARRAPÍ,PALENQUE,palenque",CUNDINAMARCA,CAPARRAPÍ,"PALENQUE,palenque",5.4009167,-74.450916666667,1238.1,,,1990.0,2.0,1.0,"PALENQUE, PALENQUE LA CAÑA",GESTIÓN COMUNITARIA VEREDA PALENQUE,112.0,38.0,Programa Rural,20000000.0,1000000.0,SI,NO,NO,NO,NO,SI,1.0,Ojo de agua o manantial,1.3,LITROS POR SEGUNDO,0.0,D,1,0.0,D,,,,,1.0,32000.0,LITROS,1.0,MESES,0.85,B,2.0,24.0,38.0,0.0,0.0,Mayor de 100 m,0.35,D,1.3,LITROS POR SEGUNDO,No se realiza,"Sí, pero no de maner mayoritaria",,MILIGRAMOS POR LITRO,,No aplica,2021-08-20,No aplica,2021-08-20,1.0,0.0,0.8,0.2,0.5,2
2021-08-20,,ABASTO DE AGUA DE LA VEREDA OTUMBE.,198075,Colombia,"CUNDINAMARCA,CAPARRAPÍ,OTUMBE,otumbe",CUNDINAMARCA,CAPARRAPÍ,"OTUMBE,otumbe",5.3496667,-74.471722222222,1407.0,,,1995.0,1.0,1.0,OTUMBE,GESTIÓN COMUNITARIA  - VEREDA OTUMBE,96.0,30.0,Programa Rural,20000000.0,,SI,NO,NO,NO,NO,SI,1.0,Quebrada,1.6,LITROS POR SEGUNDO,0.7,C,1,0.7,C,1.0,Sedimentación,0.85,B,1.0,40000.0,LITROS,49.47,MESES,0.35,D,1.0,24.0,30.0,0.0,0.0,Mayor de 100 m,0.7,C,1.6,LITROS POR SEGUNDO,No se realiza,"Sí, pero no de maner mayoritaria",,MILIGRAMOS POR LITRO,,No aplica,2021-08-20,No aplica,2021-08-20,1.0,0.5886,0.8,0.425,0.7034,2
2021-08-23,,ABASTO DE AGUA DE LA VEREDA EL HATO.,198076,Colombia,"CUNDINAMARCA,GUADUAS,EL HATO,hato comunitario la escuela",CUNDINAMARCA,GUADUAS,"EL HATO,hato comunitario la escuela",5.0283056,-74.622833333333,1296.3,,,2000.0,2.0,1.0,"HATO COMUNITARIO LA ESCUELA, HATO SECTOR MALADRIGO",ASOCIACIÓN DE SUSCRIPTORES DEL ACUEDUCTO VEREDA EL HATO SECTOR FILADELFIA,144.0,45.0,Programa Rural,100000000.0,40000000.0,SI,NO,NO,NO,NO,SI,1.0,Quebrada,1.2,LITROS POR SEGUNDO,0.7,C,1,1.0,A,1.0,Sedimentación,0.85,B,1.0,50000.0,LITROS,24.74,MESES,0.35,D,2.0,24.0,45.0,0.0,0.0,Mayor de 100 m,0.7,C,1.2,LITROS POR SEGUNDO,No se realiza,"Sí, pero no de maner mayoritaria",,MILIGRAMOS POR LITRO,,No aplica,2021-08-23,No aplica,2021-08-23,1.0,0.6435,1.0,0.425,0.7671,2
2021-08-24,,ABASTO DE AGUA DE LA VEREDA LAJITAS.,198077,Colombia,"CUNDINAMARCA,GUADUAS,LAJITAS,lajitas sector la escuela",CUNDINAMARCA,GUADUAS,"LAJITAS,lajitas sector la escuela",4.9918889,-74.565527777778,1712.1,,,1991.0,2.0,1.0,"LAJITAS ALTO DE LA VIRGEN, LAJITAS LA ESCUELA",ASOCIACIÓN DE USUARIOS DEL ACUEDUCTO ALTO DE LA VIRGEN MULTI VEREDAL LA TABLA Y LAJITAS,164.0,51.0,,,,SI,NO,NO,NO,NO,SI,1.0,Ojo de agua o manantial,0.9,LITROS POR SEGUNDO,0.7,C,1,0.4,C,1.0,Sedimentación,0.7,C,1.0,40000.0,LITROS,1.0,MESES,0.7,C,2.0,24.0,51.0,0.0,0.0,Mayor de 100 m,0.55,C,0.9,LITROS POR SEGUNDO,No se realiza,No,,MILIGRAMOS POR LITRO,,No aplica,2021-08-24,No aplica,2021-08-24,1.0,0.573,1.0,0.35,0.7308,2
2021-08-25,,ABASTO DE AGUA HATILLO BUENOS AIRES.,198080,Colombia,"CUNDINAMARCA,GUADUAS,EL HATILLO,buenos aires sector la escuela",CUNDINAMARCA,GUADUAS,"EL HATILLO,buenos aires sector la escuela",4.9823611,-74.558083333333,1731.3,,,1978.0,3.0,1.0,"BUENOS AIRES MIRADOR, BUENOS AIRES SECTOR LA ESCUELA, HATILLO LA ESCUELA",ASOCIACIÓN DE USUARIOS DEL SERVICIO DE ACUEDUCTO DE LA VEREDA HATILLO BUENOS AIRES,78.0,28.0,Programa Rural,3500000.0,50000000.0,SI,NO,NO,NO,NO,SI,1.0,Ojo de agua o manantial,1.3,LITROS POR SEGUNDO,0.4,C,1,0.7,C,1.0,Sedimentación,0.85,B,1.0,24000.0,LITROS,1.0,MESES,0.85,B,2.0,24.0,28.0,0.0,0.0,Mayor de 100 m,0.7,C,1.3,LITROS POR SEGUNDO,No se realiza,No,,MILIGRAMOS POR LITRO,,No aplica,2021-08-25,No aplica,2021-08-25,1.0,0.6389,1.0,0.425,0.766,2
2021-08-26,,ABASTO DE AGUA DE LA VEREDA PALMARSITO,198083,Colombia,"CUNDINAMARCA,GUADUAS,PALMARCITO,palmarsito",CUNDINAMARCA,GUADUAS,"PALMARCITO,palmarsito",5.0145,-74.553083333333,1817.6,,,2013.0,1.0,1.0,PALMARCITO ALTO,ASOCIACIÓN DE SUSCRIPTORES DEL ACUEDUCTO VEREDAL PALMARSITO 2,33.0,12.0,Programa Rural,1000000.0,,SI,NO,NO,NO,NO,SI,1.0,Ojo de agua o manantial,0.8,LITROS POR SEGUNDO,0.0,D,1,0.4,C,1.0,Sedimentación,0.85,B,1.0,70000.0,LITROS,24.74,MESES,0.5,C,1.0,24.0,12.0,0.0,0.0,Mayor de 100 m,0.7,C,0.8,LITROS POR SEGUNDO,No se realiza,No,,MILIGRAMOS POR LITRO,,No aplica,2021-08-26,No aplica,2021-08-26,1.0,0.0,1.0,0.425,0.6062,2
2021-08-24,,ABASTO DE AGUA DE LA VEREDA PALMITA CIMARRONA,198089,Colombia,"CUNDINAMARCA,GUADUAS,LA PALMITA,palmita simarrona alta",CUNDINAMARCA,GUADUAS,"LA PALMITA,palmita simarrona alta",5.1835278,-74.642333333333,910.3,,,2008.0,2.0,1.0,"PALMITA SIMARRONA ALTA, PALMITA  SIMARRONA BAJA",ASOCIACIÓN DE SUSCRIPTORES DEL ACUEDUCTO DE LA VEREDA CIMARRONA SECTOR LA PALMITA,91.0,27.0,Programa Rural,10000000.0,40000000.0,SI,NO,NO,NO,NO,SI,1.0,Quebrada,1.5,LITROS POR SEGUNDO,0.0,D,1,1.0,A,1.0,Sedimentación,0.85,B,1.0,20000.0,LITROS,1.0,MESES,1.0,A,2.0,24.0,27.0,0.0,0.0,Mayor de 100 m,0.7,C,1.5,LITROS POR SEGUNDO,No se realiza,No,,MILIGRAMOS POR LITRO,,No aplica,2021-08-24,No aplica,2021-08-24,1.0,0.0,1.0,0.425,0.6062,2
2021-09-17,,SISTEMA DE ACUEDUCTO LLANO GRANDE,198112,Colombia,"CUNDINAMARCA,TABIO,LLANO GRANDE,SECTOR LOS MALAGONES",CUNDINAMARCA,TABIO,"LLANO GRANDE,SECTOR LOS MALAGONES",5.00241,-74.09834,3082.0,,,2000.0,4.0,1.0,"SECTOR LOS FONSECA, SECTOR LOS MALAGONES, SECTOR LOS PULIDOS, SECTOR LOS SALGADOS",ASOCIACIÓN DE USUARIOS DEL ACUEDUCTO LLANO GRANDE,234.0,60.0,,,,SI,NO,NO,NO,SI,SI,1.0,Quebrada,1.9,LITROS POR SEGUNDO,1.0,A,1,0.7,C,1.0,Desinfección con cloro,0.85,B,1.0,40000.0,LITROS,6.0,MESES,0.7,C,2.0,24.0,60.0,60.0,60.0,Mayor de 100 m,0.7,C,1.3,LITROS POR SEGUNDO,"Sí, y funciona","Sí, de maner mayoritaria",0.2,MILIGRAMOS POR LITRO,2021-10-15,No pasa,2021-09-01,No pasa,2021-09-01,1.0,0.7653,1.0,1.0,0.9413,2
2021-08-27,,ABASTO DE AGUA -  AGUA NEGRA 2,198150,Colombia,"CUNDINAMARCA,SAN BERNARDO,AGUANEGRA",CUNDINAMARCA,SAN BERNARDO,AGUANEGRA,4.17817,-74.38367,2320.1,,,1989.0,2.0,1.0,"AGUA NEGRA BAJA, ESCUELA AGUADAS",JUNTA DE ACUEDUCTO AGUA NEGRA,55.81818181818182,15.0,,5000000.0,500000.0,SI,NO,NO,NO,SI,SI,1.0,Quebrada,2.0,LITROS POR SEGUNDO,0.7,C,1,0.7,C,,,,,2.0,3500.0,LITROS,0.95,MESES,0.775,B,1.0,24.0,52.0,0.0,0.0,Mayor de 100 m,0.7,C,2.0,LITROS POR SEGUNDO,No se realiza,No,,MILIGRAMOS POR LITRO,,No pasa,2021-09-03,No pasa,2021-09-03,1.0,0.718,0.8,0.0,0.6295,2
2021-08-26,,ABASTO DE AGUA -  SANTA MARTA,198151,Colombia,"CUNDINAMARCA,SAN BERNARDO,SANTA MARTA",CUNDINAMARCA,SAN BERNARDO,SANTA MARTA,4.10254,-74.41501,2433.0,,,2005.0,2.0,1.0,"SANTA MARTA ALTA, SANTA MARTA BAJA",GESTION COMUNITARIA VEREDA SANTA MARTA,68.98449612403101,20.0,,3000000.0,2000000.0,SI,NO,NO,NO,NO,SI,2.0,Quebrada,3.0,LITROS POR SEGUNDO,0.7,C,2,0.85,B,,,,,1.0,7570.82,LITROS,0.51,MESES,1.0,A,2.0,24.0,20.0,0.0,0.0,Mayor de 100 m,0.7,C,3.0,LITROS POR SEGUNDO,No se realiza,No,,MILIGRAMOS POR LITRO,,No aplica,2021-09-03,No aplica,2021-09-03,1.0,0.8033,0.7,0.0,0.6258,2
2021-08-19,,ACUELAGUNA,198217,Colombia,"CUNDINAMARCA,LA VEGA,TABACAL",CUNDINAMARCA,LA VEGA,TABACAL,5.033923,-74.330327,1537.0,,,1988.0,4.0,1.0,"CACAHUAL, GUARUMAL, LA CABAÑA, TABACAL",AS0CIACION DE SUSCRIPTORES DEL ACUEDUCTO DE LA LAGUNA     ACUELAGUNA,1408.0,352.0,Otros,34000000.0,68000000.0,SI,NO,NO,NO,NO,SI,1.0,Quebrada,2.5,LITROS POR SEGUNDO,0.0,D,1,0.4,C,3.0,"Filtración lenta, Coagulación y Floculación, Desinfección con cloro",0.2,D,4.0,124000.0,LITROS,6.0,MESES,0.5875,C,4.0,18.0,352.0,352.0,352.0,Mayor de 100 m,0.7,C,2.5,LITROS POR SEGUNDO,No se realiza,"Sí, de maner mayoritaria",,MILIGRAMOS POR LITRO,,No aplica,2021-09-05,No aplica,2021-09-05,1.0,0.0,0.8,0.5,0.575,2
2021-09-02,,ACUEDUCTO DE SERVICIOS PÚBLICOS DE LA VEGA,198218,Colombia,"CUNDINAMARCA,LA VEGA,San Juan",CUNDINAMARCA,LA VEGA,San Juan,4.995788,-74.337573,1234.0,230125402,,1974.0,4.0,1.0,"PETAQUERO SECTOR ALTO, PETAQUERO SECTOR BAJO, ROSARIO, UCRANIA SECTOR BAJO","EMPRESA DE ACUEDUCTO ,ALCANTARILLADO Y ASEO  DE LA VEGA   E.S.P",656605.0,660.0,"Otros, Programas del departamento",43000000.0,700000000.0,SI,NO,NO,NO,SI,SI,2.0,Río,53.4,LITROS POR SEGUNDO,0.7,C,2,0.7,C,4.0,"Sedimentación, Coagulación y Floculación, Filtración lenta, Desinfección con cloro",1.0,A,2.0,1020000.0,LITROS,6.0,MESES,0.85,B,2.0,24.0,660.0,660.0,660.0,Mayor de 100 m,1.0,A,53.4,LITROS POR SEGUNDO,"Sí, y funciona","Sí, de maner mayoritaria",0.84,MILIGRAMOS POR LITRO,2021-09-02,No aplica,2021-09-05,No aplica,2021-09-05,0.0388,0.8033,1.0,1.0,0.7105,2
2021-08-25,,ABASTO DE AGUA -  EL  DIAMANTE,198226,Colombia,"CUNDINAMARCA,SAN BERNARDO,EL DIAMANTE",CUNDINAMARCA,SAN BERNARDO,EL DIAMANTE,4.13386,-74.37633,2395.1,,,2001.0,2.0,1.0,"EL COLEGIO, LA ESMERALDA",JUNTA DE  ACCIÓN COMUNAL VEREDA EL DIAMANTE,133.14285714285714,35.0,,500000.0,2000000.0,SI,NO,NO,NO,NO,SI,1.0,Quebrada,1.0,LITROS POR SEGUNDO,0.7,C,1,0.7,C,,,,,,,,,,0.0,D,1.0,24.0,35.0,0.0,0.0,Mayor de 100 m,0.7,C,1.0,LITROS POR SEGUNDO,No se realiza,No,,MILIGRAMOS POR LITRO,,No aplica,2021-09-06,No aplica,2021-09-06,0.0,0.0,0.4,0.0,0.1,2
2021-08-13,,ACUEDUCTO VEREDA CHITIVA ABAJO,198228,Colombia,"CUNDINAMARCA,SUESCA,CHITIVA BAJO,sector la escuela",CUNDINAMARCA,SUESCA,"CHITIVA BAJO,sector la escuela",5.102185,-73.81189,2720.0,198228,,1986.0,5.0,1.0,"LA ESCUELA, SECTOR GUASCA, SECTOR  LOS GONZALEZ, SECTOR MALDONADO, SECTOR VILLANUEVA",COMITÉ DE ACUEDUCTO DE LA VEREDA CHITIVA ABAJO,437.0,135.0,,,,SI,NO,NO,NO,SI,SI,1.0,Quebrada,1.2,LITROS POR SEGUNDO,1.0,A,1,0.7,C,1.0,Coagulación y Floculación,0.52500004,C,2.0,156000.0,LITROS,0.95,MESES,1.0,A,1.0,24.0,135.0,135.0,135.0,Mayor de 100 m,0.7,C,1.2,LITROS POR SEGUNDO,"Sí, y funciona","Sí, pero no de maner mayoritaria",,MILIGRAMOS POR LITRO,2021-08-13,No aplica,2021-09-06,No aplica,2021-09-06,1.0,0.8367,0.8,0.7625,0.8498,2
2021-08-19,,ABASTO DE AGUA VEREDA GUADUAL EL POTRERO.,198246,Colombia,"CUNDINAMARCA,CAPARRAPÍ,EL GUADUAL,guadual",CUNDINAMARCA,CAPARRAPÍ,"EL GUADUAL,guadual",5.3750667,-74.458311111111,1205.3,,,1991.0,2.0,1.0,"GUADUAL, POTRERO",GESTIÓN COMUNITARIA  -  VEREDA GUADUAL POTRERO,100.0,35.0,Programa Rural,10000000.0,,SI,NO,NO,NO,NO,SI,1.0,Quebrada,1.2,LITROS POR SEGUNDO,0.7,C,1,0.7,C,1.0,Sedimentación,0.85,B,1.0,40000.0,LITROS,1.0,MESES,0.85,B,2.0,24.0,35.0,0.0,0.0,Mayor de 100 m,0.85,B,1.2,LITROS POR SEGUNDO,No se realiza,No,,MILIGRAMOS POR LITRO,,No aplica,2021-08-19,No aplica,2021-08-19,1.0,0.7714,0.8,0.425,0.7491,2
2021-08-18,,ABASTO DE AGUA DE LA VEREDA YAZAL.,198247,Colombia,"CUNDINAMARCA,CAPARRAPÍ,YAZAL,yazal",CUNDINAMARCA,CAPARRAPÍ,"YAZAL,yazal",5.3112778,-74.523361111111,1037.5,,,1990.0,1.0,1.0,YAZAL LA ESCUELA,GESTIÓN COMUNITARIA -   VEREDA YAZAL,41.0,16.0,,,1600000.0,SI,NO,NO,NO,NO,SI,1.0,Quebrada,1.2,LITROS POR SEGUNDO,0.7,C,1,0.7,C,1.0,Sedimentación,0.85,B,1.0,10000.0,LITROS,12.37,MESES,0.35,D,1.0,24.0,16.0,0.0,0.0,Mayor de 100 m,0.7,C,1.2,LITROS POR SEGUNDO,No se realiza,No,,MILIGRAMOS POR LITRO,,No aplica,2021-08-18,No aplica,2021-08-18,1.0,0.5886,1.0,0.425,0.7534,2
2021-08-17,,ACUEDUCTO VEREDA OVEJERAS,198275,Colombia,"CUNDINAMARCA,SUESCA,OVEJERAS",CUNDINAMARCA,SUESCA,OVEJERAS,5.193118,-73.753197,2805.0,198275,,1989.0,5.0,1.0,"LA ESCUELA, SECTOR EL ALTO, SECTOR LAS VIRGENES, SECTOR LA Y, SECTOR LOS CEREZOS",ASOCIACIÓN DE USUARIOS DEL SERVICIO DE AGUA POTABLE Y ALCANTARILLADO DE LA VEREDA DE OVEJERAS SUESCA ASOVEJERAS,468.0,160.0,Otros,,60000000.0,SI,SI,NO,NO,SI,SI,1.0,Ojo de agua o manantial,1.3,LITROS POR SEGUNDO,1.0,A,2,1.0,A,1.0,Desinfección con cloro,0.6,C,2.0,166000.0,LITROS,6.0,MESES,0.85,B,1.0,24.0,160.0,160.0,160.0,Mayor de 100 m,1.0,A,1.3,LITROS POR SEGUNDO,"Sí, y funciona",No,,MILIGRAMOS POR LITRO,2021-08-16,No aplica,2021-09-07,No aplica,2021-09-07,1.0,0.9602,1.0,0.8,0.9401,2
2021-09-08,,ACUEDUCTO VEREDA PALMIRA,198306,Colombia,"CUNDINAMARCA,SUESCA,PALMIRA,SECTOR LA ESCUELA",CUNDINAMARCA,SUESCA,"PALMIRA,SECTOR LA ESCUELA",5.062587,-73.858912,2655.0,198306,,1991.0,6.0,1.0,"LA AURORA, LA ESCUELA, PUERTO NUEVO, SECTOR LA ESQUINA, SECTOR PUENTE NEMOCON, SECTOR TRES ESQUINAS",ASUAP ASOCIACIÓN DE USUARIOS DEL SERVICIO DE AGUA POTABLE Y ALCANTARILLADO DE LA VEREDA PALMIRA SUESCA,322.0,101.0,Otros,12000000.0,35000000.0,SI,NO,NO,NO,NO,SI,1.0,Quebrada,1.6,LITROS POR SEGUNDO,1.0,A,1,0.7,C,1.0,Coagulación y Floculación,0.375,D,1.0,216000.0,LITROS,3.0,MESES,0.7,C,1.0,24.0,101.0,101.0,101.0,Mayor de 100 m,1.0,A,1.6,LITROS POR SEGUNDO,"Sí, y funciona","Sí, pero no de maner mayoritaria",,MILIGRAMOS POR LITRO,2021-08-20,No aplica,2021-09-08,No aplica,2021-09-08,1.0,0.8367,1.0,0.7,0.8842,2
2021-09-08,,ABASTO PUBLICO DE AGUA EL VOLCAN,198310,Colombia,"CUNDINAMARCA,LA CALERA,EL VOLCAN",CUNDINAMARCA,LA CALERA,EL VOLCAN,4.71596,-73.90195,3165.7,,,1998.0,16.0,1.0,"ALTO DE LA VIRGEN, BETANIA, BOQUERÓN, EL CORONEL, EL PAREJO, ESCUELA, LA BOBA, LA GRAPA, LOS CIFUENTES, LOS SASTOQUE, SAN ANTONIO, SECTOR EL CEDRO, SECTOR FRAILEJONAL, SEVILLA, SIMALLA, TRES ESQUINAS",ASOCIACIÓN DE USUARIOS DEL SERVICIO DE ACUEDUCTO Y ALCANTARILLADO  DE LA VEREDA EL VOLCAN,1809.0,580.0,,50000000.0,34000000.0,SI,NO,NO,NO,SI,SI,2.0,Quebrada,3.32,LITROS POR SEGUNDO,0.85,B,2,0.7,C,,,,,4.0,292000.0,LITROS,6.0,MESES,0.7,C,8.0,24.0,580.0,480.0,480.0,Mayor de 100 m,0.7,C,1.5,LITROS POR SEGUNDO,No se realiza,"Sí, de maner mayoritaria",,MILIGRAMOS POR LITRO,,No pasa,2021-09-09,No pasa,2021-09-09,1.0,0.7348,1.0,0.5,0.8087,2
2021-09-09,,ABASTO PUBLICO DE AGUA EL MORICHAL,198328,Colombia,"CUNDINAMARCA,LA CALERA,LA JANGADA,SECTOR CAPITOLIO",CUNDINAMARCA,LA CALERA,"LA JANGADA,SECTOR CAPITOLIO",4.65603,-73.8819,2705.4,,,1994.0,2.0,1.0,"SECTOR CAPITOLIO, TANQUE MORICHAL",ASOCIACIÓN DE USUARIOS DEL ACUEDUCTO RURAL EL MORICHAL,122.0,33.0,,32000000.0,,SI,NO,NO,NO,SI,NO,1.0,Quebrada,1.5,GALONES POR MINUTO,0.7,C,1,0.7,C,,,,,1.0,36000.0,LITROS,24.74,MESES,0.35,D,1.0,24.0,33.0,0.0,0.0,Mayor de 100 m,0.7,C,1.5,LITROS POR SEGUNDO,No se realiza,"Sí, de maner mayoritaria",,MILIGRAMOS POR LITRO,,No pasa,2021-09-09,No pasa,2021-09-09,1.0,0.5886,1.0,0.5,0.7722,2
2021-09-09,,ABASTO PUBLICO DE AGUA EL PARAISO,198332,Colombia,"CUNDINAMARCA,LA CALERA,LA JANGADA,LA JANGADA PARTE BAJA",CUNDINAMARCA,LA CALERA,"LA JANGADA,LA JANGADA PARTE BAJA",4.69219,-73.9528,2905.8,,,2013.0,1.0,1.0,LA JANGADA PARTE BAJA,ASOCIACIÓN DE USUARIOS DEL ACUEDUCTO VEREDAL EL PARAISO VEREDA LA JANGADA BAJA,175.0,30.0,,25000000.0,,SI,NO,NO,NO,SI,SI,1.0,Ojo de agua o manantial,0.98,LITROS POR SEGUNDO,0.7,C,1,0.7,C,,,,,1.0,10000.0,LITROS,6.0,MESES,0.85,B,1.0,24.0,30.0,0.0,0.0,Mayor de 100 m,0.7,C,1.7,LITROS POR SEGUNDO,No se realiza,"Sí, de maner mayoritaria",,MILIGRAMOS POR LITRO,,No pasa,2021-09-09,No pasa,2021-09-09,1.0,0.7348,1.0,0.5,0.8087,2
2021-07-30,,ACUEDUCTO UBOCAR,198371,Colombia,"CUNDINAMARCA,CHOACHÍ,EL UVAL",CUNDINAMARCA,CHOACHÍ,EL UVAL,4.60601,-73.933311,2388.0,25181014,,1990.0,5.0,1.0,"BOBADILLAS PARTE BAJA, EL CARRIZO, EL UVAL, PAJONAL, RESGUARDO",UBOCAR E.S.P,856.0,225.0,Otros,70000000.0,10000000.0,SI,NO,NO,NO,NO,NO,1.0,Pozo excavado,11.1,LITROS POR SEGUNDO,1.0,A,1,1.0,A,1.0,Filtración lenta,1.0,A,1.0,70000.0,LITROS,3.0,MESES,0.85,B,1.0,24.0,225.0,0.0,0.0,Mayor de 100 m,1.0,A,12.0,LITROS POR SEGUNDO,"Sí, y funciona","Sí, de maner mayoritaria",0.2,MILIGRAMOS POR LITRO,2021-09-20,No pasa,2021-09-10,No pasa,2021-09-10,1.0,0.9602,0.8,1.0,0.9401,2
2021-09-04,,ACUEDUCTO DE LA VEREDA LA TRIBUNA,198389,Colombia,"CUNDINAMARCA,FACATATIVÁ,LA TRIBUNA",CUNDINAMARCA,FACATATIVÁ,LA TRIBUNA,4.870042,-74.41235,2839.0,,,1992.0,4.0,1.0,"SECTOR EL OASIS, SECTOR EL TRIANGULO DE LOS ANDES, SECTOR MALABRIGO, SECTOR YERBABUENA",ASOCICION DE USUARIOS DEL ACUEDUCTO Y SANEAMIENTO BASICO VEREDA LA TRIBUNA  * AUAVT¨*,665.0,204.0,Otros,40000000.0,,SI,NO,NO,NO,SI,SI,1.0,Quebrada,0.53,LITROS POR SEGUNDO,0.7,C,2,0.7,C,6.0,"Desinfección con cloro, Coagulación y Floculación, Coagulación y Floculación, Filtración lenta, Desinfección con cloro, Filtración lenta",0.90000004,A,6.0,130000.0,LITROS,6.0,MESES,0.8,B,2.0,24.0,204.0,204.0,204.0,Mayor de 100 m,0.7,C,0.53,LITROS POR SEGUNDO,"Sí, y funciona","Sí, de maner mayoritaria",0.35,MILIGRAMOS POR LITRO,2021-10-13,Sí pasa,2021-10-13,Sí pasa,2021-10-13,1.0,0.7238,0.8,1.0,0.881,2
2021-08-28,,ACUEDUCTO DE LA VEREDA LA LIBERTAD,198397,Colombia,"CUNDINAMARCA,LA VEGA,LIBERTAD",CUNDINAMARCA,LA VEGA,LIBERTAD,4.948035,-74.33713,1698.0,,,1999.0,1.0,1.0,LA LIBERTAD,ASOCIACION DE SUSCRIPTORES DEL ACUEDUCTO LA LIBERTAD   ASOALL,94.0,47.0,Otros,20000000.0,2500000.0,SI,NO,NO,NO,NO,SI,1.0,Río,0.57,LITROS POR SEGUNDO,1.0,A,1,0.7,C,,,,,2.0,81000.0,LITROS,4.0,MESES,0.625,C,2.0,24.0,47.0,22.0,22.0,Mayor de 100 m,0.7,C,0.57,LITROS POR SEGUNDO,No se realiza,No,,MILIGRAMOS POR LITRO,,No aplica,2021-09-10,No aplica,2021-09-10,1.0,0.7439,0.8,0.25,0.6985,2
2021-09-27,,ABASTO DE AGUA DE LA  VEREDA CAPITAN,198402,Colombia,"CUNDINAMARCA,PACHO,CAPITAN",CUNDINAMARCA,PACHO,CAPITAN,5.18205,-74.20367,1423.0,,,1985.0,2.0,1.0,"CAPITAN SECTOR ALTO, CAPITAN SECTOR BAJO",ASOCIACIÓN DE USUARIOS ACUEDUCTO VEREDA CAPITÁN,249.0,86.0,"Otros, Otros",0.0,55000000.0,SI,NO,NO,NO,SI,SI,1.0,Quebrada,0.85,LITROS POR SEGUNDO,0.4,C,1,0.7,C,,,,,1.0,50000.0,LITROS,12.37,MESES,0.35,D,2.0,24.0,86.0,0.0,0.0,Mayor de 100 m,0.7,C,0.85,LITROS POR SEGUNDO,No se realiza,No,,MILIGRAMOS POR LITRO,,No pasa,2021-09-11,No pasa,2021-09-11,1.0,0.5118,1.0,0.0,0.628,2
2021-08-28,,ABASTO DE AGUA DE LAS VEREDAS LAS LAJAS Y BALCONCITOS PARTE ALTA,198405,Colombia,"CUNDINAMARCA,PACHO,LAS LAJAS,LAS LAJAS PARTE ALTA",CUNDINAMARCA,PACHO,"LAS LAJAS,LAS LAJAS PARTE ALTA",5.10489,-74.11876,1644.0,,,1999.0,2.0,1.0,"BALCONCITOS, LAS LAJAS",ASOCIACIÓN DE USUARIOS DEL ACUEDUCTO LAS LAJAS Y BALCONCITOS PARTE ALTA,369.4,115.0,Otros,,,SI,NO,NO,NO,NO,SI,1.0,Quebrada,1.2,LITROS POR SEGUNDO,0.4,C,1,0.7,C,,,,,1.0,27000.0,LITROS,12.37,MESES,0.35,D,1.0,24.0,115.0,0.0,0.0,Mayor de 100 m,0.7,C,1.2,LITROS POR SEGUNDO,No se realiza,No,,MILIGRAMOS POR LITRO,,No pasa,2021-09-11,No pasa,2021-09-11,1.0,0.5118,0.8,0.0,0.5779,2
2021-08-26,,ABASTO DE AGUA DE LA ASOCIACIÓN DE USUARIOS DEL ACUEDUCTO NARANJAL,198406,Colombia,"CUNDINAMARCA,PACHO,PAN DE AZUCAR",CUNDINAMARCA,PACHO,PAN DE AZUCAR,5.199252,-74.222333,1398.0,,,2010.0,3.0,1.0,"CARBON PARTE BAJA, EL MANANTIAL, PAN DE AZUCAR",ASOCIACIÓN DE USUARIOS DEL ACUEDUCTO EL NARANJAL ENTIDAD SIN ANIMO DE LUCRO,203.63636363636363,72.0,Otros,15000000.0,4000000.0,SI,NO,NO,NO,SI,SI,1.0,Quebrada,3.0,LITROS POR SEGUNDO,0.7,C,3,0.7,C,,,,,,,,,,0.0,D,3.0,24.0,72.0,0.0,0.0,Mayor de 100 m,0.7,C,3.0,LITROS POR SEGUNDO,No se realiza,No,,MILIGRAMOS POR LITRO,,No aplica,2021-09-11,No aplica,2021-09-11,0.0,0.0,0.8,0.0,0.2,2
2021-08-17,,ABASTO DE AGUA DE LA ASOCIACIÓN DE USUARIOS DEL ACUEDUCTO GUADUALITO YACOPI CUNDINAMARCA,198407,Colombia,"CUNDINAMARCA,YACOPÍ,GUADUALITO",CUNDINAMARCA,YACOPÍ,GUADUALITO,5.5558742,-74.30547222,1215.0,,,1995.0,4.0,1.0,"SECTOR EL PISCO, SECTOR LA LAGUNA, SECTOR SARABANDA CENTRO, VILLA PAZ",ASOCIACIÓN DE USUARIOS DEL ACUEDUCTO GUADUALITO YACOPÍ CUNDINAMARCA,145.0,57.0,"Otros, Otros, Otros",35645540.0,44000000.0,SI,NO,NO,NO,SI,SI,1.0,Quebrada,1.84,LITROS POR SEGUNDO,0.7,C,1,0.7,C,,,,,1.0,65000.0,LITROS,1.0,MESES,0.85,B,1.0,24.0,57.0,0.0,0.0,Mayor de 100 m,0.7,C,3.0,LITROS POR SEGUNDO,No se realiza,No,,MILIGRAMOS POR LITRO,,No aplica,2021-09-11,No aplica,2021-09-11,1.0,0.7348,0.8,0.0,0.6337,2
2021-08-26,,ACUEDUCTO CATALLÁN,198408,Colombia,"CUNDINAMARCA,CHOACHÍ,LLANADA,alto del palo",CUNDINAMARCA,CHOACHÍ,"LLANADA,alto del palo",4.651054,-73.866329,2339.0,2518102303,,1988.0,3.0,1.0,"ALTO DEL PALO, LLANADA CENTRAL, LLANADA PARTE BAJA",CATALLAN,616.0,154.0,Otros,40000000.0,3000000.0,SI,NO,NO,NO,SI,SI,1.0,Otras,11.0,LITROS POR SEGUNDO,1.0,A,1,1.0,A,1.0,Desinfección con cloro,1.0,A,1.0,10000.0,LITROS,2.0,MESES,0.85,B,3.0,24.0,154.0,154.0,154.0,Mayor de 100 m,0.7,C,11.0,LITROS POR SEGUNDO,"Sí, y funciona",No,0.3,MILIGRAMOS POR LITRO,2021-09-20,No pasa,2021-09-11,No pasa,2021-09-11,0.2432,0.8783,0.8,1.0,0.7304,2
2021-08-17,,ABASTO DE AGUA  VEREDA PASURCHA,198409,Colombia,"CUNDINAMARCA,YACOPÍ,PASURSHA",CUNDINAMARCA,YACOPÍ,PASURSHA,5.323035,-74.194656,978.0,,,2000.0,1.0,1.0,PASURCHA,GESTION COMUNITARIA PASURCHA,31.0,10.0,Otros,,,SI,NO,NO,NO,SI,SI,1.0,Ojo de agua o manantial,0.5,LITROS POR SEGUNDO,0.4,C,1,0.7,C,,,,,1.0,5000.0,LITROS,6.0,MESES,0.7,C,1.0,24.0,10.0,0.0,0.0,Mayor de 100 m,0.7,C,0.5,LITROS POR SEGUNDO,No se realiza,No,,MILIGRAMOS POR LITRO,,No aplica,2021-09-11,No aplica,2021-09-11,1.0,0.6086,1.0,0.0,0.6522,2
2021-08-11,,ABASTO DE AGUA CAVALU,198410,Colombia,"CUNDINAMARCA,CHOACHÍ,CABANA,llanada parte alta",CUNDINAMARCA,CHOACHÍ,"CABANA,llanada parte alta",4.586049,-73.867627,2737.0,25181023,,1985.0,2.0,1.0,"LA CABAÑA, LLANADA PARTE ALTA","ASOCIACIÓN DE USUARIOS DEL ACUEDUCTO VEREDA LA CABAÑA ""CAVALU""",212.0,53.0,Otros,40000000.0,5000000.0,SI,NO,NO,NO,SI,SI,1.0,Otras,10.9,LITROS POR SEGUNDO,1.0,A,1,1.0,A,,,,,1.0,50000.0,LITROS,2.0,MESES,1.0,A,1.0,24.0,53.0,0.0,0.0,Menor de 100 m,1.0,A,10.6,LITROS POR SEGUNDO,No se realiza,"Sí, pero no de maner mayoritaria",,MILIGRAMOS POR LITRO,,No aplica,2021-09-11,No aplica,2021-09-11,1.0,1.0,1.0,0.2,0.8,2
2021-08-18,,ABASTO DE AGUA  APOSENTOS CENTRO,198412,Colombia,"CUNDINAMARCA,YACOPÍ,APOSENTOS",CUNDINAMARCA,YACOPÍ,APOSENTOS,5.524126,-74.30551,1109.0,,,1994.0,1.0,1.0,APOSENTOS CENTRO,GESTION COMUNITARIA APOSENTOS CENTRO,66.66666666666666,24.0,Otros,,,SI,NO,NO,NO,SI,SI,1.0,Quebrada,0.85,LITROS POR SEGUNDO,0.0,D,1,0.7,C,,,,,1.0,50000.0,LITROS,,MESES,0.35,D,1.0,24.0,24.0,0.0,0.0,Mayor de 100 m,0.7,C,0.85,LITROS POR SEGUNDO,No se realiza,No,,MILIGRAMOS POR LITRO,,No aplica,2021-09-11,No aplica,2021-09-11,1.0,0.0,0.4,0.0,0.35,2
2021-08-18,,ABASTO DE AGUA DEL ACUEDUCTO ALTO DE MICOS,198413,Colombia,"CUNDINAMARCA,YACOPÍ,APOSENTOS,ALTO DE MICOS",CUNDINAMARCA,YACOPÍ,"APOSENTOS,ALTO DE MICOS",5.311154,-74.180788,1263.0,,,2011.0,1.0,1.0,ALTO DE MICOS,ACUEDUCTO ALTO DE MICOS,38.0,15.0,Otros,,,SI,NO,NO,NO,SI,SI,1.0,Quebrada,0.6,LITROS POR SEGUNDO,0.7,C,1,0.7,C,,,,,1.0,5000.0,LITROS,2.0,MESES,0.85,B,1.0,24.0,15.0,0.0,0.0,Mayor de 100 m,0.7,C,0.6,LITROS POR SEGUNDO,No se realiza,No,,MILIGRAMOS POR LITRO,,No aplica,2021-09-11,No aplica,2021-09-11,1.0,0.7348,0.8,0.0,0.6337,2
2021-08-19,,ABASTO DE AGUA SECTOR EL CURAL,198415,Colombia,"CUNDINAMARCA,YACOPÍ,APOSENTOS",CUNDINAMARCA,YACOPÍ,APOSENTOS,5.313909,-74.175152,1263.0,,,1990.0,2.0,1.0,"EL CURAL, SECTOR LA PLAYA",GESTION COMUNITARIA EL CURAL,89.5,30.0,Otros,,,SI,NO,NO,NO,SI,SI,1.0,Otras,0.7,LITROS POR SEGUNDO,0.4,C,1,0.7,C,,,,,,,,,,0.0,D,1.0,24.0,30.0,0.0,0.0,Mayor de 100 m,0.7,C,0.7,LITROS POR SEGUNDO,No se realiza,No,,MILIGRAMOS POR LITRO,,No aplica,2021-09-11,No aplica,2021-09-11,0.0,0.0,1.0,0.0,0.25,2
2021-08-19,,ABASTO DE AGUA VEREDA EL ATICO,198417,Colombia,"CUNDINAMARCA,YACOPÍ,ATICO",CUNDINAMARCA,YACOPÍ,ATICO,5.3102624,-74.182367,1190.0,,,2006.0,1.0,1.0,ATICO,GESTION COMUNITARIA VEREDA ATICO,24.0,10.0,Otros,,,SI,NO,NO,NO,NO,SI,1.0,Quebrada,0.4,LITROS POR SEGUNDO,0.0,D,1,0.4,C,,,,,,,,,,0.0,D,1.0,24.0,10.0,0.0,0.0,Mayor de 100 m,0.4,C,0.4,LITROS POR SEGUNDO,No se realiza,No,,MILIGRAMOS POR LITRO,,No aplica,2021-09-11,No aplica,2021-09-11,0.0,0.0,0.8,0.0,0.2,2
2021-08-20,,ABASTO DE AGUA  VEREDA YASAL BAJO,198418,Colombia,"CUNDINAMARCA,YACOPÍ,YASAL BAJO",CUNDINAMARCA,YACOPÍ,YASAL BAJO,5.503494,-74.316664,1232.0,,,1992.0,1.0,1.0,YASAL BAJO,GESTION COMUNITARIA YASAL BAJO,29.999999999999996,11.0,Programa Rural,35000000.0,,SI,NO,NO,NO,SI,SI,1.0,Quebrada,1.0,LITROS POR SEGUNDO,0.7,C,1,0.7,C,,,,,,,,,,0.0,D,1.0,24.0,11.0,0.0,0.0,Mayor de 100 m,0.7,C,1.0,LITROS POR SEGUNDO,No se realiza,No,,MILIGRAMOS POR LITRO,,No aplica,2021-09-11,No aplica,2021-09-11,0.0,0.0,1.0,0.0,0.25,2
2021-08-20,,ABASTO DE AGUA DE LA VEREDA YASAL ALTO,198420,Colombia,"CUNDINAMARCA,YACOPÍ,YASAL ALTO",CUNDINAMARCA,YACOPÍ,YASAL ALTO,5.505784,-74.307997,1284.0,,,1985.0,1.0,1.0,YASAL ALTO,GESTION COMUNITARIA YASAL ALTO,25.0,10.0,Otros,50000000.0,,SI,NO,NO,NO,NO,SI,1.0,Quebrada,0.9,LITROS POR SEGUNDO,0.4,C,1,0.7,C,,,,,1.0,25000.0,LITROS,6.0,MESES,0.7,C,1.0,24.0,10.0,0.0,0.0,Mayor de 100 m,0.7,C,0.06,LITROS POR SEGUNDO,No se realiza,No,,MILIGRAMOS POR LITRO,,No aplica,2021-09-11,No aplica,2021-09-11,1.0,0.6086,0.8,0.0,0.6021,2
2021-08-23,,ABASTO DE AGUA CORREGIMIENTO DE IBAMA,198422,Colombia,"CUNDINAMARCA,YACOPÍ,INSP. IBAMA",CUNDINAMARCA,YACOPÍ,INSP. IBAMA,5.402238,-74.270557,1162.0,,,1980.0,1.0,1.0,IBAMA,GESTION COMUNITARIA ISNPECCION IBAMA,177.77777777777777,80.0,"Otros, Otros",,,SI,NO,NO,NO,SI,SI,1.0,Quebrada,1.0,LITROS POR SEGUNDO,0.7,C,1,0.7,C,,,,,1.0,80000000.0,LITROS,3.0,MESES,0.7,C,1.0,24.0,80.0,0.0,0.0,Mayor de 100 m,0.7,C,1.0,LITROS POR SEGUNDO,No se realiza,No,,MILIGRAMOS POR LITRO,,No aplica,2021-09-11,No aplica,2021-09-11,1.0,0.7,1.0,0.0,0.675,2
2021-09-11,,ABASTO DE LAS VEREDAS PIEDRAS LARGAS Y SUSATÁ,198426,Colombia,"CUNDINAMARCA,SUESCA,PIEDRAS LARGAS,sector la escuela",CUNDINAMARCA,SUESCA,"PIEDRAS LARGAS,sector la escuela",5.120418,-73.810963,2860.0,198426,,1992.0,4.0,1.0,"LOS MONOLITOS, SECTOR LA ESCUELA, SECTOR SUSATÁ, SIMAR",COMITÉ DE ACUEDUCTO VEREDAS PIEDRAS LARGAS Y SUSATA,210.0,62.0,,45000000.0,18000000.0,SI,SI,NO,NO,NO,SI,1.0,Quebrada,1.0,LITROS POR SEGUNDO,1.0,A,3,1.0,A,,,,,4.0,145000.0,LITROS,0.95,MESES,1.0,A,1.0,5.0,62.0,62.0,62.0,Mayor de 100 m,1.0,A,1.0,LITROS POR SEGUNDO,No se realiza,No,,MILIGRAMOS POR LITRO,,No aplica,2021-09-11,No aplica,2021-09-11,1.0,1.0,0.6,0.1,0.675,2
2021-09-04,,ACUEDUCTO VEREDA ARRAYANES,198429,Colombia,"CUNDINAMARCA,SUESCA,ARRAYANES,la escuela",CUNDINAMARCA,SUESCA,"ARRAYANES,la escuela",5.165325,-73.736657,2963.0,198429,,1983.0,4.0,1.0,"LA ESCUELA, SECTOR BAJO, SECTOR EL CRUCERO, SECTOR LA Y",ASOCIACIÓN DE SUSCRIPTORES DEL SERVICIO DE AGUA POTABLE DE LA VEREDA ARRAYANES,339.0,105.0,Otros,2000000.0,40000000.0,SI,SI,NO,NO,NO,SI,1.0,Quebrada,0.62,LITROS POR SEGUNDO,1.0,A,4,1.0,A,2.0,"Desinfección con cloro, Sedimentación",1.0,A,4.0,131000.0,LITROS,0.95,MESES,1.0,A,1.0,24.0,105.0,105.0,105.0,Mayor de 100 m,1.0,A,0.62,LITROS POR SEGUNDO,"Sí, y funciona",No,,MILIGRAMOS POR LITRO,2021-08-24,No aplica,2021-09-11,No aplica,2021-09-11,1.0,1.0,1.0,1.0,1.0,2
2021-08-05,,ACUEDUCTO ASUAGRERIO,198432,Colombia,"CUNDINAMARCA,CHOACHÍ,RESGUARDO PARTE ALTA",CUNDINAMARCA,CHOACHÍ,RESGUARDO PARTE ALTA,4.52896,-73.92789,2342.0,25181029,,1983.0,8.0,1.0,"GUAZA, RESGUARDO SUR PARTE ALTA, RESGUARDO SUR PARTE BAJA, RESGUARDO SUR SECTOR LAS MARAVILLAS, RIO BLANCO PARTE ALTA, RIO BLANCO PARTE BAJA, ROMERO ALTO, SECTOR SALIDA DE BOGOTÁ",ASUAGRERIO,1303.0,338.0,Otros,10000000.0,22000000.0,SI,NO,NO,NO,SI,SI,1.0,Quebrada,11.0,LITROS POR SEGUNDO,1.0,A,1,1.0,A,1.0,Filtración rápida,1.0,A,3.0,170000.0,LITROS,1.0,MESES,0.8333333,B,1.0,24.0,338.0,0.0,0.0,Mayor de 100 m,1.0,A,10.8,LITROS POR SEGUNDO,"Sí, y funciona","Sí, pero no de maner mayoritaria",0.5,MILIGRAMOS POR LITRO,2021-09-20,Sí pasa,2021-09-20,Sí pasa,2021-09-20,1.0,0.9554,1.0,1.0,0.9889,2
2021-08-05,,ABASTO DE AGUA ASOPROARRA,198435,Colombia,"CUNDINAMARCA,CHOACHÍ,RESGUARDO PARTE ALTA",CUNDINAMARCA,CHOACHÍ,RESGUARDO PARTE ALTA,4.533403,-73.927651,2025.0,25181029,,1971.0,2.0,1.0,"RAMAL CENTRAL, RAMAL LA QUEBRADA",ASOPROARRA,472.0,118.0,Otros,30000000.0,12000000.0,SI,NO,NO,NO,NO,SI,1.0,Otras,1.9,LITROS POR SEGUNDO,0.7,C,1,0.7,C,,,,,3.0,30000.0,LITROS,2.0,MESES,1.0,A,3.0,24.0,140.0,0.0,0.0,Menor de 100 m,0.7,C,1.9,LITROS POR SEGUNDO,No se realiza,"Sí, pero no de maner mayoritaria",,MILIGRAMOS POR LITRO,,No aplica,2021-09-11,No aplica,2021-09-11,1.0,0.7653,0.6,0.2,0.6413,2
2021-08-26,,ABASTO VEREDA SANTA ROSITA,198437,Colombia,"CUNDINAMARCA,SUESCA,SANTA ROSA,la escuela",CUNDINAMARCA,SUESCA,"SANTA ROSA,la escuela",5.114022,-73.766603,2863.0,198437,,1965.0,3.0,1.0,"LA ESCUELA, SANTA ROSITA SECTOR ALTO, SECTOR LA MINA",ASOCIACIÓN DE USUARIOS DE ACUEDUCTO DE LA VEREDA SANTA ROSITA ACUASANTAROSITA,346.0,110.0,Otros,2000000.0,24000000.0,SI,SI,NO,NO,SI,SI,2.0,Ojo de agua o manantial,2.03,LITROS POR SEGUNDO,1.0,A,4,0.925,A,,,,,3.0,148000.0,LITROS,6.0,MESES,0.8,B,1.0,14.0,110.0,110.0,110.0,Mayor de 100 m,1.0,A,1.53,LITROS POR SEGUNDO,No se realiza,"Sí, pero no de maner mayoritaria",,MILIGRAMOS POR LITRO,,No aplica,2021-09-11,No aplica,2021-09-11,1.0,0.9275,0.9,0.2,0.7569,2
2021-08-24,,ABASTO VEREDA TAUSAQUIRA,198464,Colombia,"CUNDINAMARCA,SUESCA,TAUSAQUIRA,SECTOR SALON COMUNAL",CUNDINAMARCA,SUESCA,"TAUSAQUIRA,SECTOR SALON COMUNAL",5.114018,-73.766628,2862.0,198464,,1969.0,4.0,1.0,"EL MIRADOR, SALON COMUNAL, SECTOR EL PÁRAMO, SECTOR POTRERO ALTO",ACUEDUCTO VEREDAL TAUSAQUIRA,405.0,125.0,,2000000.0,10000000.0,SI,SI,NO,NO,SI,SI,2.0,Ojo de agua o manantial,2.03,LITROS POR SEGUNDO,1.0,A,5,1.0,A,,,,,4.0,110000.0,LITROS,6.0,MESES,0.85,B,1.0,24.0,125.0,125.0,125.0,Mayor de 100 m,1.0,A,2.03,LITROS POR SEGUNDO,No se realiza,No,,MILIGRAMOS POR LITRO,,No aplica,2021-09-11,No aplica,2021-09-11,1.0,0.9602,0.9,0.1,0.74,2
2021-08-21,,ACUEDUCTO VEREDA SAN ANTONIO,198485,Colombia,"CUNDINAMARCA,LA VEGA,SAN ANTONIO",CUNDINAMARCA,LA VEGA,SAN ANTONIO,4.935673,-74.374022,1757.0,,,1986.0,1.0,1.0,SAN ANTONIO,ASOCIACION DE USUARIOS DEL ACUEDUCTO SAN ANTONIO LA VEGA,274.0,137.0,,4000000.0,,SI,NO,NO,NO,SI,SI,2.0,Quebrada,21.81,LITROS POR SEGUNDO,0.55,C,2,0.7,C,,,,,3.0,175000.0,LITROS,28.736666666666668,MESES,0.5833333,C,3.0,24.0,137.0,137.0,137.0,Mayor de 100 m,0.4,C,21.0,LITROS POR SEGUNDO,No se realiza,"Sí, de maner mayoritaria",,MILIGRAMOS POR LITRO,,No aplica,2021-09-13,No aplica,2021-09-13,1.0,0.5475,0.8,0.5,0.7119,2
2021-09-13,,ACUEDUCTO VEREDA SAN RAFAEL,198490,Colombia,"CUNDINAMARCA,FACATATIVÁ,SAN RAFAEL",CUNDINAMARCA,FACATATIVÁ,SAN RAFAEL,4.587872,-74.362905,2748.0,,,2003.0,1.0,1.0,SECTOR SAN RAFAEL MEDIO,ASOCIACION DE USUARIOS DEL  ACUEDUCTO Y SANEAMIENTO BÁSICO VEREDA SAN RAFAEL SECTOR  MEDIO       AUSAR,109.00000000000001,50.0,Otros,84500000.0,,SI,NO,NO,NO,SI,NO,1.0,Río,1.14,LITROS POR SEGUNDO,0.7,C,1,1.0,A,3.0,"Filtración lenta, Coagulación y Floculación, Desinfección con cloro",0.4,C,1.0,100000.0,LITROS,1.0,MESES,0.85,B,1.0,24.0,351.0,351.0,351.0,Mayor de 100 m,0.4,C,1.14,LITROS POR SEGUNDO,"Sí, y funciona","Sí, de maner mayoritaria",0.03,MILIGRAMOS POR LITRO,2021-09-08,No pasa,2021-09-13,No pasa,2021-09-13,1.0,0.6985,0.6,1.0,0.8246,2
2021-08-24,,ABASTO DE AGUA  VEREDA LIMONAL,198515,Colombia,"CUNDINAMARCA,YACOPÍ,LIMONAL",CUNDINAMARCA,YACOPÍ,LIMONAL,5.433411,-74.282125,1188.0,,,2011.0,1.0,1.0,LIMONAL,GESTION COMUNITARIA LIMONAL,43.294117647058826,16.0,Programa Rural,12000000.0,,SI,NO,NO,NO,SI,SI,1.0,Quebrada,0.85,LITROS POR SEGUNDO,0.4,C,1,0.7,C,,,,,1.0,30000.0,LITROS,6.0,MESES,0.7,C,1.0,24.0,16.0,0.0,0.0,Mayor de 100 m,0.7,C,0.85,LITROS POR SEGUNDO,No se realiza,No,,MILIGRAMOS POR LITRO,,No aplica,2021-09-14,No aplica,2021-09-14,1.0,0.6086,0.4,0.0,0.5021,2
2021-08-24,,ABASTO DE AGUA  VEREDA LAGUNETA,198516,Colombia,"CUNDINAMARCA,YACOPÍ,LAGUNETA",CUNDINAMARCA,YACOPÍ,LAGUNETA,5.442113,-74.304384,1243.0,,,2001.0,2.0,1.0,"PARTE ALTA, PARTE   BAJA",GESTION COMUNITARIA VEREDA LAGUNETA,44.0,23.0,Programa Rural,,,SI,NO,NO,NO,SI,SI,1.0,Fuente,0.5,LITROS POR SEGUNDO,0.7,C,1,0.7,C,,,,,1.0,20000.0,LITROS,3.0,MESES,0.7,C,1.0,24.0,23.0,23.0,15.0,Mayor de 100 m,0.7,C,0.5,LITROS POR SEGUNDO,No se realiza,No,,MILIGRAMOS POR LITRO,,No aplica,2021-09-14,No aplica,2021-09-14,1.0,0.7,1.0,0.0,0.675,2
2021-08-25,,ABASTO DE AGUA DE LA VEREDA LOMA DE PASCUA ALTA,198517,Colombia,"CUNDINAMARCA,YACOPÍ,LOMA DE PASCUA ALTO",CUNDINAMARCA,YACOPÍ,LOMA DE PASCUA ALTO,5.454657,-74.387582,1296.0,,,2020.0,1.0,1.0,LOMA DE PASCUA ALTO,GESTION COMUNITARIA LOMA DE PASCUA,27.0,9.0,Programa Rural,,,SI,NO,NO,NO,SI,SI,1.0,Quebrada,0.6,LITROS POR SEGUNDO,0.7,C,1,0.7,C,,,,,1.0,4000.0,LITROS,6.0,MESES,0.7,C,1.0,24.0,10.0,0.0,0.0,Mayor de 100 m,0.7,C,0.6,LITROS POR SEGUNDO,No se realiza,No,,MILIGRAMOS POR LITRO,,No aplica,2021-09-14,No aplica,2021-09-14,1.0,0.7,1.0,0.0,0.675,2
2021-08-25,,ABASTO DE AGUA INSPECCIÓN ALTO DE CAÑAS,198519,Colombia,"CUNDINAMARCA,YACOPÍ,ALTO DE CAÑA",CUNDINAMARCA,YACOPÍ,ALTO DE CAÑA,5.448578,-74.395561,1480.0,,,1970.0,1.0,1.0,ALTO DE CAÑAS,GESTION COMUNITARIA ALTO DE CAÑAS,35.0,11.0,Programa Rural,,,SI,NO,NO,NO,SI,SI,1.0,Quebrada,1.0,LITROS POR SEGUNDO,0.4,C,1,0.4,C,,,,,1.0,30000.0,LITROS,6.0,MESES,0.55,C,1.0,24.0,11.0,0.0,0.0,Mayor de 100 m,0.4,C,1.0,LITROS POR SEGUNDO,No se realiza,No,,MILIGRAMOS POR LITRO,,No aplica,2021-09-14,No aplica,2021-09-14,1.0,0.4331,1.0,0.0,0.6083,2
2021-08-25,,ABASTO DE AGUA VEREDA AVIPAY DE FAJARDO,198521,Colombia,"CUNDINAMARCA,YACOPÍ,AVIPAY DE FAJARDO",CUNDINAMARCA,YACOPÍ,AVIPAY DE FAJARDO,5.422982,-74.405358,1497.0,,,2019.0,1.0,1.0,AVIPAY  DE FAJARDO,ACUEDUCTO AVIPAY DE FAJARLO,38.0,17.0,Programa Rural,40000000.0,,SI,NO,NO,NO,SI,SI,1.0,Quebrada,0.5,LITROS POR SEGUNDO,0.7,C,1,0.7,C,,,,,1.0,20000.0,LITROS,6.0,MESES,0.7,C,1.0,24.0,17.0,17.0,13.0,Mayor de 100 m,0.7,C,0.5,LITROS POR SEGUNDO,No se realiza,No,,MILIGRAMOS POR LITRO,,No aplica,2021-09-14,No aplica,2021-09-14,1.0,0.7,1.0,0.0,0.675,2
2021-09-14,,SISTEMA DE ACUEDUCTO RIO FRIO ORIENTAL,198523,Colombia,"CUNDINAMARCA,TABIO,RIO FRIO ORIENTAL,CALAMAR",CUNDINAMARCA,TABIO,"RIO FRIO ORIENTAL,CALAMAR",4.98202,-74.06734,2652.2,,,1998.0,14.0,1.0,"CALAMAR, CASA AZUL, FIQUITIVA, LA MINA, LA VARIANTE, LOS QUIROGA, MONTECARMELO, PARTE ALTA, PARTE ALTA PASTORA, PICACHO, PUENTE CALAMAR, RED PRINCIPAL, SAN ISIDRO, SIMON BOLIVAR",ASOCIACION DE USUARIOS  DEL ACUEDUCTO DE LA VEREDA  RIO FRIO ORIENTAL,2900.0,725.0,,100000000.0,400000000.0,NO,SI,NO,NO,SI,SI,1.0,Río,4.9,LITROS POR SEGUNDO,1.0,A,1,0.7,C,1.0,Desinfección con cloro,0.925,A,4.0,420000.0,LITROS,3.0,MESES,0.85,B,4.0,24.0,727.0,727.0,727.0,Mayor de 100 m,0.85,B,3.2,LITROS POR SEGUNDO,"Sí, y funciona","Sí, de maner mayoritaria",0.47,MILIGRAMOS POR LITRO,2021-09-14,No aplica,2021-09-14,No aplica,2021-09-14,1.0,0.8433,0.8,1.0,0.9108,2
2021-08-25,,ABASTO DE AGUA VEREDA BOCA DE MONTE,198526,Colombia,"CUNDINAMARCA,YACOPÍ,BOCA DE MONTE",CUNDINAMARCA,YACOPÍ,BOCA DE MONTE,5.415308,-74.350968,1518.0,,,1983.0,3.0,1.0,"BOCA DE MONTE, PICACHO, SECTOR SABA",ASOCIACIÓN SUSCRIPTORES ACUEDUCTO VEREDA BOCA DE MONTE MUNICIPIO DE YACOPÍ CUNDINAMARCA,119.6875,40.0,Programa Rural,35000000.0,43000000.0,SI,NO,NO,NO,SI,SI,1.0,Quebrada,1.0,LITROS POR SEGUNDO,0.7,C,1,0.7,C,,,,,1.0,32000.0,LITROS,3.0,MESES,0.85,B,1.0,24.0,40.0,0.0,0.0,Mayor de 100 m,0.7,C,1.0,LITROS POR SEGUNDO,No se realiza,No,,MILIGRAMOS POR LITRO,,No aplica,2021-09-14,No aplica,2021-09-14,1.0,0.7348,1.0,0.0,0.6837,2
2021-09-14,,ACUEDUCTO VEREDA MANCILLA SECTOR 46,198547,Colombia,"CUNDINAMARCA,FACATATIVÁ,MANCILLA,sector la 46",CUNDINAMARCA,FACATATIVÁ,"MANCILLA,sector la 46",4.864153,-74.326677,2816.0,,,2002.0,1.0,1.0,SECTOR LA 46,JUNTA ADMINISTRADORA DEL SERVICIO DE AGUA POTABLE Y ALCANTARILLADO DE LA VEREDA MANCILLA DE FACATATIVA       HUNMANCILLA LA 46,300.0,75.0,Otros,28000000.0,,SI,NO,NO,NO,NO,SI,1.0,Quebrada,0.23,LITROS POR SEGUNDO,0.4,C,1,0.4,C,4.0,"Filtración lenta, Sedimentación, Coagulación y Floculación, Desinfección con cloro",0.77500004,B,2.0,160000.0,LITROS,3.0,MESES,0.7,C,2.0,12.0,75.0,75.0,75.0,Mayor de 100 m,0.7,C,0.23,LITROS POR SEGUNDO,"Sí, y funciona","Sí, de maner mayoritaria",0.0,MILIGRAMOS POR LITRO,2021-09-14,No aplica,2021-09-14,No aplica,2021-09-14,1.0,0.5292,1.0,1.0,0.8823,2
2021-09-01,,ACUEDUCTO FUDAVEAR,198555,Colombia,"CUNDINAMARCA,CHIPAQUE,ALTO DEL RAMO",CUNDINAMARCA,CHIPAQUE,ALTO DEL RAMO,4.455455,-74.064695,2780.0,25178002,,2000.0,4.0,1.0,"ALTO DEL RAMO SECTOR ESCUELA, MONGUE PARTE ALTA, MONGUE PARTE BAJA, SECTOR AUTOPISTA ALTO DEL RAMO",FUDAVEAR,339.0,93.0,,70000000.0,8000000.0,SI,NO,NO,NO,NO,SI,1.0,Quebrada,8.0,LITROS POR SEGUNDO,1.0,A,1,1.0,A,1.0,Aireación (oxidación),1.0,A,1.0,20000.0,LITROS,2.0,MESES,1.0,A,1.0,24.0,103.0,103.0,103.0,Menor de 100 m,1.0,A,8.0,LITROS POR SEGUNDO,"Sí, y funciona",No,0.08,MILIGRAMOS POR LITRO,2021-09-14,No aplica,2021-09-14,No aplica,2021-09-14,1.0,1.0,0.4,1.0,0.85,2
2021-08-24,,ABASTO DE AGUA  VEREDA ALTO RAMIREZ,198556,Colombia,"CUNDINAMARCA,YACOPÍ,ALTO DE RAMIREZ",CUNDINAMARCA,YACOPÍ,ALTO DE RAMIREZ,5.44871,-74.429515,1430.0,,,1970.0,2.0,1.0,"ALTO DE RAMIREZ, MONTAÑA DE LINARES",GESTION COMUNITARIA ALTO DE RAMIREZ,42.0,20.0,Programa Rural,,,SI,NO,NO,NO,SI,SI,1.0,Quebrada,0.87,GALONES POR MINUTO,1.0,A,1,0.7,C,,,,,1.0,5000.0,LITROS,2.0,MESES,0.85,B,1.0,24.0,20.0,0.0,0.0,Mayor de 100 m,0.4,C,0.87,LITROS POR SEGUNDO,No se realiza,No,,MILIGRAMOS POR LITRO,,No aplica,2021-09-14,No aplica,2021-09-14,1.0,0.6985,1.0,0.0,0.6746,2
2021-09-01,,ABASTO DE AGUA ALTO DE LA CRUZ,198557,Colombia,"CUNDINAMARCA,CHIPAQUE,ALTO DE LA CRUZ,ALTO DE LA CRUZ",CUNDINAMARCA,CHIPAQUE,"ALTO DE LA CRUZ,ALTO DE LA CRUZ",4.423157,-74.038729,2052.0,2517800101,,1993.0,4.0,2.0,"ALTO DE LA CRUZ, MONE PARTE BAJA, SECTOR ABASTICOS, SECTOR CHARQUITO","J.A.C ACUEDUCTO VEREDAL ALTO DE LA CRUZ, ACUEDUCTO LAS HUERTAS VEREDA MONE",370.0,99.0,,70000000.0,5000000.0,SI,NO,NO,NO,SI,NO,1.0,Quebrada,9.0,LITROS POR SEGUNDO,0.0,D,1,0.0,D,,,,,1.0,8000.0,LITROS,2.0,MESES,1.0,A,3.0,24.0,74.0,74.0,0.0,Mayor de 100 m,1.0,A,9.0,LITROS POR SEGUNDO,No se realiza,"Sí, pero no de maner mayoritaria",,MILIGRAMOS POR LITRO,,No aplica,2021-09-14,No aplica,2021-09-14,0.5405,0.0,0.6,0.2,0.3351,2
2021-09-01,,ABASTO DE AGUA LAS HUERTAS,198564,Colombia,"CUNDINAMARCA,CHIPAQUE,MONE",CUNDINAMARCA,CHIPAQUE,MONE,4.443403,-74.003792,2253.0,25178016,,2014.0,1.0,1.0,ALTO DE LOSADA,ACUEDUCTO LAS HUERTAS VEREDA MONE,88.0,22.0,,10000000.0,1600000.0,SI,NO,NO,NO,SI,SI,1.0,Otras,4.0,LITROS POR SEGUNDO,0.0,D,1,1.0,A,,,,,1.0,20000.0,LITROS,3.0,MESES,0.85,B,2.0,24.0,47.0,47.0,47.0,Mayor de 100 m,1.0,A,4.0,LITROS POR SEGUNDO,No se realiza,"Sí, pero no de maner mayoritaria",,MILIGRAMOS POR LITRO,,No pasa,2021-09-14,No pasa,2021-09-14,1.0,0.0,0.4,0.2,0.4,2
2021-09-09,,ACUEDUCTO DE LA VEREDA PRADO,198588,Colombia,"CUNDINAMARCA,FACATATIVÁ,PRADO",CUNDINAMARCA,FACATATIVÁ,PRADO,4.816253,-74.317763,2669.0,,,1982.0,3.0,1.0,"SECTOR ALTO CORDOBA, SECTOR PRADO BAJO, SECTOR PRADO NORUEGA",ASOCIACION DE ACUEDUCTO Y SANEAMIENTO BASICO  VEREDA PRADO,1745.0,277.0,"Otros, Otros",304000000.0,31500000.0,SI,SI,NO,NO,NO,SI,2.0,Pozo Perforado,9.5,LITROS POR SEGUNDO,0.85,B,2,0.85,B,4.0,"Filtración lenta, Aireación (oxidación), Coagulación y Floculación, Desinfección con cloro",0.8125,B,2.0,64000.0,LITROS,2.0,MESES,0.85,B,1.0,8.0,277.0,277.0,277.0,Mayor de 100 m,1.0,A,9.5,LITROS POR SEGUNDO,"Sí, y funciona","Sí, de maner mayoritaria",0.2,MILIGRAMOS POR LITRO,2021-10-13,No pasa,2021-09-14,No pasa,2021-09-14,0.9169,0.8852,1.0,1.0,0.9505,2
2021-09-16,,ACUEDUCTO AGUAS DE MANCILLA,198612,Colombia,"CUNDINAMARCA,FACATATIVÁ,MANCILLA,sector morabia",CUNDINAMARCA,FACATATIVÁ,"MANCILLA,sector morabia",4.849633,-74.332708,2697.0,,,2007.0,1.0,1.0,SECTOR MORABIA,ASOCIACION DE USUARIOS AGUAS DE MANCILLA  MORABIA,208.0,52.0,Otros,146000000.0,230000000.0,NO,SI,NO,NO,NO,NO,1.0,Pozo Perforado,0.23,LITROS POR SEGUNDO,0.4,C,1,0.4,C,3.0,"Filtración lenta, Aireación (oxidación), Coagulación y Floculación",0.4,C,1.0,120000.0,LITROS,12.37,MESES,0.35,D,3.0,12.0,53.0,53.0,53.0,Mayor de 100 m,0.7,C,0.23,LITROS POR SEGUNDO,No se realiza,"Sí, de maner mayoritaria",,MILIGRAMOS POR LITRO,,No aplica,2021-09-16,No aplica,2021-09-16,1.0,0.445,0.8,0.5,0.6863,2
2021-08-27,,ABASTO DE AGUA -  AGUA NEGRA 1,198613,Colombia,"CUNDINAMARCA,SAN BERNARDO,AGUANEGRA,agua negra alta",CUNDINAMARCA,SAN BERNARDO,"AGUANEGRA,agua negra alta",4.194625,-74.39592,2399.0,,,1986.0,2.0,1.0,"AGUA NEGRA ALTA, LA VIRGEN",JUNTA DE ACUEDUCTO AGUA NEGRA,186.0,50.0,,1000000.0,300000.0,SI,NO,NO,NO,SI,SI,1.0,Quebrada,1.5,LITROS POR SEGUNDO,0.7,C,1,0.7,C,,,,,1.0,250.0,LITROS,0.51,MESES,0.7,C,1.0,24.0,13.0,0.0,0.0,Mayor de 100 m,0.7,C,1.5,LITROS POR SEGUNDO,No se realiza,No,,MILIGRAMOS POR LITRO,,No pasa,2021-09-16,No pasa,2021-09-16,0.0672,0.7,0.6,0.0,0.3418,2
2021-09-02,,ABASTO DE AGUA VEREDA TIMACITA,198630,Colombia,"CUNDINAMARCA,UNE,TIMACITA",CUNDINAMARCA,UNE,TIMACITA,4.410239,-74.02005,2211.0,25845017,,1983.0,4.0,1.0,"SECTOR EL PALO, SECTOR ESCUELA (LA QUINTA), SECTOR PUENTE SANTANDER, SECTOR TRES ESQUINAS",ACUEDUCTO RURAL DE LA VEREDA TIMASITA,612.0,153.0,,10000000.0,3000000.0,SI,NO,NO,NO,NO,SI,1.0,Otras,4.0,LITROS POR SEGUNDO,1.0,A,1,1.0,A,1.0,Filtración domiciliaria,0.775,B,1.0,800.0,LITROS,3.0,MESES,0.85,B,2.0,13.0,153.0,153.0,153.0,Mayor de 100 m,1.0,A,4.0,LITROS POR SEGUNDO,No se realiza,No,,MILIGRAMOS POR LITRO,,No pasa,2021-09-17,No pasa,2021-09-17,0.0327,0.9602,0.8,0.3875,0.5451,2
2021-09-03,,ACUEDUCTO RURAL SAN ISIDRO,198631,Colombia,"CUNDINAMARCA,UNE,SAN ISIDRO",CUNDINAMARCA,UNE,SAN ISIDRO,4.373514,-74.033898,2852.0,25845015,,2002.0,3.0,1.0,"SAN ISIDRO PARTE ALTA, SAN ISIDRO PARTE MEDIA, SAN ISIDRO SECTOR LA VIRGEN",ASOCIACIÓN DE USUARIOS DEL ACUEDUCTO RURAL SAN ISIDRO MUNICIPIO DE UNE CUNDINAMARCA,360.0,90.0,,90000000.0,5000000.0,SI,NO,NO,NO,SI,SI,1.0,Otras,3.5,LITROS POR SEGUNDO,0.0,D,1,1.0,A,1.0,Filtración lenta,0.55,C,1.0,2000.0,LITROS,2.0,MESES,0.85,B,3.0,24.0,90.0,90.0,90.0,Mayor de 100 m,1.0,A,3.5,LITROS POR SEGUNDO,"Sí, y funciona",No,2.0,MILIGRAMOS POR LITRO,2021-10-11,Sí pasa,2021-10-11,No pasa,2021-09-17,0.1389,0.0,0.8,0.775,0.4285,2
2021-09-17,,"ACUEDUCTO SAN LUIS BAJO, MATEGA Y HOYAS DE CARRILLO",198632,Colombia,"CUNDINAMARCA,UNE,HOYA DE CARRILLO",CUNDINAMARCA,UNE,HOYA DE CARRILLO,4.3985,-74.023766,2411.0,25845007,,2002.0,3.0,1.0,"HOYA DE CARRILLO PARTE ALTA, HOYA DE CARRILLO PARTE MEDIA, HOYA DE CARRILLO SECTOR EL PUENTE",ASOCIACIÓN ADMINISTRADORA DE ACUEDUCTO SAN LUIS BAJO MATEGA HOYA DE CARRILLO,280.0,75.0,,8000000.0,6000000.0,SI,NO,NO,NO,NO,NO,1.0,Presa,3.0,LITROS POR SEGUNDO,0.0,D,1,0.0,D,1.0,Filtración lenta,0.7,C,2.0,12000.0,LITROS,3.0,MESES,0.525,C,1.0,24.0,75.0,0.0,0.0,Mayor de 100 m,1.0,A,3.0,LITROS POR SEGUNDO,No se realiza,No,,MILIGRAMOS POR LITRO,,No aplica,2021-09-17,No aplica,2021-09-17,1.0,0.0,0.8,0.35,0.5375,2
2021-09-10,,ACUEDUCTO RURAL QUECA SECTOR CARACOLI,198633,Colombia,"CUNDINAMARCA,UNE,QUECA",CUNDINAMARCA,UNE,QUECA,4.402954,-74.045614,2429.0,25845013,,1990.0,2.0,1.0,"SECTOR CARACOLI PARTE ALTA, SECTOR CARACOLI PARTE BAJA",ASOCIACIÓN DE USUARIOS SUSCRIPTORES ACUEDUCTO QUECA SECTOR CARACOLI,102.0,35.0,,5000000.0,38000000.0,SI,NO,NO,NO,SI,SI,1.0,Otras,4.0,LITROS POR SEGUNDO,1.0,A,1,1.0,A,1.0,Desinfección con cloro,1.0,A,1.0,45000.0,LITROS,2.0,MESES,1.0,A,2.0,24.0,35.0,35.0,35.0,Mayor de 100 m,1.0,A,4.0,LITROS POR SEGUNDO,"Sí, y funciona",No,0.1,MILIGRAMOS POR LITRO,2021-10-11,No pasa,2021-09-17,No pasa,2021-09-17,1.0,1.0,1.0,1.0,1.0,2
2021-09-16,,ACUEDUCTO VEREDA SAUCÍO,198634,Colombia,"CUNDINAMARCA,CHOCONTÁ,SAUCÍO,SECTOR LA ESCUELA",CUNDINAMARCA,CHOCONTÁ,"SAUCÍO,SECTOR LA ESCUELA",5.106157,-73.669473,2734.0,198634,,1990.0,5.0,1.0,"LA ESTACIÓN, LAS LOMAS, SECTOR EL GIRON, SECTOR LA ESCUELA, SECTOR LOS SILOS",ASOCIACIÓN DE USUARIOS DE AGUA POTABLE DE LA VEREDA SAUCIO CHOCONTÁ,408.0,136.0,Otros,5000000.0,46000000.0,SI,NO,NO,NO,SI,SI,1.0,Quebrada,1.38,LITROS POR SEGUNDO,1.0,A,2,1.0,A,1.0,Coagulación y Floculación,0.6,C,2.0,100000.0,LITROS,6.0,MESES,0.85,B,1.0,24.0,136.0,136.0,136.0,Mayor de 100 m,1.0,A,1.38,LITROS POR SEGUNDO,"Sí, y funciona",No,0.3,MILIGRAMOS POR LITRO,2021-10-12,Sí pasa,2021-10-12,No pasa,2021-09-16,1.0,0.9602,0.6,0.8,0.84,2
2021-09-15,,ABASTO DE AGUA VEREDA TEJAR,198672,Colombia,"CUNDINAMARCA,CHOCONTÁ,TEJAR,SECTOR LA ESCUELA",CUNDINAMARCA,CHOCONTÁ,"TEJAR,SECTOR LA ESCUELA",5.13761,-73.62357,3043.0,198672,,1998.0,5.0,1.0,"EL BOQUERÓN, LOS ARRAYANES, PUEBLO NUEVO, SECTOR LA ESCUELA, SECTOR TEJAR ALTO",ACUEDUCTO ASOTEJAR,815.0,280.0,"Otros, Otros, Programas del departamento",10000000.0,20000000.0,SI,NO,NO,NO,NO,SI,1.0,Ojo de agua o manantial,1.0,LITROS POR SEGUNDO,1.0,A,2,0.85,B,,,,,4.0,220000.0,LITROS,6.0,MESES,0.775,B,1.0,24.0,295.0,295.0,295.0,Mayor de 100 m,1.0,A,1.0,LITROS POR SEGUNDO,No se realiza,No,,MILIGRAMOS POR LITRO,,No aplica,2021-09-20,No aplica,2021-09-20,1.0,0.9009,1.0,0.1,0.7502,2
2021-09-16,,SISTEMA DE ACUEDUCTO MAZATAS,198675,Colombia,"CUNDINAMARCA,TABIO,RIO FRI OOCCIDENTAL,SECTOR LA LOMA",CUNDINAMARCA,TABIO,"RIO FRI OOCCIDENTAL,SECTOR LA LOMA",4.95155,-74.10038,2788.9,,,1986.0,6.0,1.0,"LOS GARCIA, LOS MUNEVAR, LOS MURCIA, LOS OSPINA, SECTOR LA LOMA, SECTOR LA PALMA",ASOCIACIÓN DE USUARIOS DEL ACUEDUCTO MAZATAS - SERVIMAZATAS,464.0,134.0,,15000000.0,,SI,NO,NO,NO,SI,SI,1.0,Quebrada,2.6,LITROS POR SEGUNDO,0.7,C,1,0.7,C,1.0,Desinfección con cloro,0.85,B,3.0,224000.0,LITROS,3.0,MESES,0.7,C,3.0,24.0,134.0,134.0,134.0,Mayor de 100 m,0.7,C,1.8,LITROS POR SEGUNDO,"Sí, y funciona","Sí, de maner mayoritaria",0.2,MILIGRAMOS POR LITRO,2021-10-15,Sí pasa,2021-10-15,No pasa,2021-09-20,1.0,0.7,1.0,1.0,0.925,2
2021-09-16,,ABASTO PUBLICO DE AGUA  VEREDA POZO HONDO,198684,Colombia,"CUNDINAMARCA,TABIO,RIO FRIO ORIENTAL,PARTE ALTA",CUNDINAMARCA,TABIO,"RIO FRIO ORIENTAL,PARTE ALTA",4.95134,-74.05737,2731.4,,,2013.0,2.0,1.0,"POZO HONDO PARTE ALTA, POZO HONDO PARTE BAJA",ASOCIACION DE USUARIOS DEL MANANTIAL POZO HONDO,373.0,95.0,Otros,43000000.0,8000000.0,SI,NO,NO,NO,NO,SI,1.0,Ojo de agua o manantial,0.75,LITROS POR SEGUNDO,1.0,A,1,1.0,A,,,,,1.0,10000.0,LITROS,2.0,MESES,0.85,B,2.0,24.0,44.0,44.0,44.0,Mayor de 100 m,0.7,C,1.3,LITROS POR SEGUNDO,No se realiza,"Sí, de maner mayoritaria",,MILIGRAMOS POR LITRO,,No pasa,2021-09-20,No pasa,2021-09-20,0.478,0.8783,1.0,0.5,0.7141,2
2021-09-16,,ABASTO DE AGUA VEREDA CRUCES,198688,Colombia,"CUNDINAMARCA,CHOCONTÁ,CRUCES,SECTOR BAJO",CUNDINAMARCA,CHOCONTÁ,"CRUCES,SECTOR BAJO",5.172445,-73.718577,2848.0,198431,,1994.0,6.0,1.0,"BUENOS AIRES, EL CORCHUELO, SECTOR BAJO, SECTOR LAS TORRES, SECTOR PEDREGAL, SECTOR VILLANATHALIA",ASOCIACION DE SUSCRIPTORES DEL SERVICIO DE ALCANTARILLADO Y ASEO DE LA VEREDA DE CRUCES DEL MUNICIPIO DE CHOCONTA ASOCRUCE E.S.P.,804.0,222.0,Otros,10000000.0,50000000.0,SI,SI,NO,NO,SI,SI,1.0,Quebrada,4.77,LITROS POR SEGUNDO,1.0,A,3,0.9,B,,,,,3.0,210000.0,LITROS,2.0,MESES,0.95,A,1.0,5.0,222.0,222.0,222.0,Mayor de 100 m,0.7,C,4.77,LITROS POR SEGUNDO,No se realiza,"Sí, pero no de maner mayoritaria",,MILIGRAMOS POR LITRO,2021-10-12,Sí pasa,2021-10-12,Sí pasa,2021-10-12,1.0,0.8796,1.0,0.2,0.7699,2
2021-09-20,,ABASTO PUBLICO DE AGUA VEREDA EL CHUSCAL,198689,Colombia,"CUNDINAMARCA,SOPÓ,CHUSCAL,SECTOR EL CEMENTERIO",CUNDINAMARCA,SOPÓ,"CHUSCAL,SECTOR EL CEMENTERIO",4.89567,-73.93446,2781.8,,,1999.0,8.0,1.0,"SECTOR EL CEMENTERIO, SECTOR EL POBLADO, SECTOR LA STHONIA, SECTOR LA TOSCANA, SECTOR LA Y, SECTOR MIRADOR, SECTOR PARTE ALTA, SECTOR PARTE MEDIA",ASOCIACIÓN DE USUARIOS DEL ACUEDUCTO VEREDA EL CHUSCAL ESP,980.0,245.0,,25000000.0,,SI,NO,NO,NO,SI,NO,1.0,Ojo de agua o manantial,1.06,LITROS POR SEGUNDO,1.0,A,2,0.85,B,,,,,2.0,302.84,LITROS,3.0,MESES,0.7,C,3.0,24.0,245.0,245.0,245.0,Mayor de 100 m,0.7,C,1.13,LITROS POR SEGUNDO,No se realiza,"Sí, de maner mayoritaria",,MILIGRAMOS POR LITRO,,No aplica,2021-09-20,No aplica,2021-09-20,0.0077,0.8033,1.0,0.5,0.5777,2
2021-09-21,,ACUEDUCTO VEREDA BULUCAIMA SECTOR FLORIDA,198784,Colombia,"CUNDINAMARCA,LA VEGA,BULUCAIMA,sector la florida",CUNDINAMARCA,LA VEGA,"BULUCAIMA,sector la florida",4.960247,-74.373303,1483.0,,,1982.0,1.0,1.0,SECTOR LA FLORIDA ALTA,ASOCIACION DE SUSCRIPTORES DEL ACUEDUCTO LA FLORIDA ALTO,55.0,26.0,Otros,20000000.0,,SI,NO,NO,NO,NO,SI,1.0,Quebrada,0.25,LITROS POR SEGUNDO,0.7,C,1,0.7,C,,,,,2.0,70000.0,LITROS,12.37,MESES,0.175,D,1.0,24.0,26.0,26.0,26.0,Mayor de 100 m,1.0,A,0.25,LITROS POR SEGUNDO,No se realiza,"Sí, de maner mayoritaria",0.0,MILIGRAMOS POR LITRO,,No aplica,2021-09-23,No aplica,2021-09-23,1.0,0.5411,0.8,0.5,0.7103,2
2021-09-13,,ACUEDUCTO VEREDA LA UNION.,198851,Colombia,"CUNDINAMARCA,QUIPILE,LA UNION,LA UNION CENTRO",CUNDINAMARCA,QUIPILE,"LA UNION,LA UNION CENTRO",4.7455278,-74.5585,1812.9,,,1998.0,6.0,1.0,"EL DINDE, LA PALMA, LA UNIÓN  CENTRO, LA VIRGINIA, SECTOR EL PUENTE, UNION SANTA ROSA",ASOCIACIÓN DE USUARIOS ACUEDUCTO DE LA VEREDA LA UNIÓN,865.0,267.0,Programa Rural,15000000.0,40000000.0,SI,NO,NO,NO,NO,SI,1.0,Quebrada,3.0,LITROS POR SEGUNDO,1.0,A,1,0.7,C,1.0,Desinfección con cloro,1.0,A,1.0,180000.0,LITROS,49.47,MESES,0.35,D,6.0,24.0,267.0,0.0,0.0,Mayor de 100 m,0.7,C,3.0,LITROS POR SEGUNDO,"Sí, y funciona",No,0.5,MILIGRAMOS POR LITRO,2021-11-04,Sí pasa,2021-11-04,Sí pasa,2021-11-04,1.0,0.6435,1.0,1.0,0.9109,2
2021-09-13,,ABASTO DE AGUA DE LA VEREDA ORIENTE.,198856,Colombia,"CUNDINAMARCA,QUIPILE,ORIENTE,ORIENTE",CUNDINAMARCA,QUIPILE,"ORIENTE,ORIENTE",4.7455278,-74.5585,1812.9,,,1980.0,5.0,1.0,"LA JOYA, ORIENTE, ORIENTE EL CRUCE, ORIENTRE TRES ESQUINAS, SINAI",ASOCIACIÓN DE USUARIOS SOACUEDUCTO VEREDA ORIENTE,720.0,225.0,Programa Rural,20000000.0,,SI,NO,NO,NO,NO,SI,1.0,Quebrada,1.6,LITROS POR SEGUNDO,0.7,C,1,0.7,C,1.0,Sedimentación,0.85,B,1.0,120000.0,LITROS,12.37,MESES,0.5,C,5.0,24.0,225.0,0.0,0.0,Mayor de 100 m,0.7,C,1.6,LITROS POR SEGUNDO,No se realiza,No,,MILIGRAMOS POR LITRO,2021-11-04,No pasa,2021-09-13,No pasa,2021-09-13,1.0,0.6435,1.0,0.425,0.7671,2
2021-09-14,,ABASTO DE AGUA CONVERTIJAGUA.,198857,Colombia,"CUNDINAMARCA,QUIPILE,EL TIBER,EL TIBER",CUNDINAMARCA,QUIPILE,"EL TIBER,EL TIBER",4.7455278,-74.5585,1812.9,,,1993.0,5.0,1.0,"ARABIA, CONCORDIA, EL TIBER, LA JUDEA, VERSALLES",CONVERTIJAGUA,442.0,140.0,Programa Rural,20000000.0,40000000.0,SI,NO,NO,NO,NO,SI,1.0,Quebrada,1.1,LITROS POR SEGUNDO,0.7,C,1,0.7,C,1.0,Sedimentación,0.85,B,1.0,60000.0,LITROS,12.37,MESES,0.35,D,5.0,24.0,140.0,0.0,0.0,Mayor de 100 m,0.7,C,1.1,LITROS POR SEGUNDO,No se realiza,"Sí, pero no de maner mayoritaria",0.0,MILIGRAMOS POR LITRO,2021-11-04,No pasa,2021-09-14,No pasa,2021-09-14,1.0,0.5886,1.0,0.425,0.7534,2
2021-09-14,,ABASTO DE AGUA DE LA VEREDA CANDELARIA LIMONAL.,198861,Colombia,"CUNDINAMARCA,QUIPILE,EL LIMONAL,EL LIMONAL",CUNDINAMARCA,QUIPILE,"EL LIMONAL,EL LIMONAL",4.7443056,-74.5555,1718.1,,,1998.0,3.0,1.0,"CANDELARIA BAJA, CANDELARIA SECTOR LA ESCUELA, EL LIMONAL",ASO ACUEDUCTO LIMONAL CANDELARIA,448.0,140.0,Programa Rural,200000000.0,40000000.0,SI,NO,NO,NO,NO,SI,1.0,Quebrada,1.7,LITROS POR SEGUNDO,0.7,C,1,0.7,C,1.0,Sedimentación,0.85,B,1.0,100000.0,LITROS,12.37,MESES,0.35,D,3.0,24.0,140.0,0.0,0.0,Mayor de 100 m,0.7,C,1.7,LITROS POR SEGUNDO,No se realiza,No,0.0,MILIGRAMOS POR LITRO,2021-11-04,No pasa,2021-09-14,No pasa,2021-09-14,1.0,0.5886,1.0,0.425,0.7534,2
2021-09-15,,ABASTO DE AGUA DE LA VEREDA LA BOTICA,198864,Colombia,"CUNDINAMARCA,QUIPILE,LA BOTICA,INSPECCION LA BOTICA",CUNDINAMARCA,QUIPILE,"LA BOTICA,INSPECCION LA BOTICA",4.74175,-74.56875,2042.1,,,1988.0,1.0,1.0,LA BOTICA INSPECCIÓN,ASOCIACIÓN DE USUARIOS DEL ACUEDUCTO SAN LUIS LA BOTICA,432.0,135.0,Programa Rural,8000000.0,1500000.0,SI,NO,NO,NO,NO,SI,1.0,Ojo de agua o manantial,1.2,LITROS POR SEGUNDO,0.7,C,1,0.7,C,1.0,Sedimentación,0.85,B,1.0,60000.0,LITROS,49.47,MESES,0.35,D,1.0,24.0,135.0,0.0,0.0,Mayor de 100 m,0.7,C,1.2,LITROS POR SEGUNDO,No se realiza,No,0.0,MILIGRAMOS POR LITRO,2021-11-04,No pasa,2021-09-15,No pasa,2021-09-15,1.0,0.5886,1.0,0.425,0.7534,2
2021-09-15,,ABASTO DE AGUA DE LA VEREDA GOLGOTA.,198865,Colombia,"CUNDINAMARCA,QUIPILE,GOLGOTA,GOLGOTA",CUNDINAMARCA,QUIPILE,"GOLGOTA,GOLGOTA",4.7668611,-74.563805555556,2007.3,,,1997.0,2.0,1.0,"GOLGOTA, GOLGOTA LA PALMERA",ASOCIACIÓN DE USUARIOS DEL ACUEDUCTO DE LA VEREDA GÓLGOTA,307.0,96.0,Programa Rural,20000000.0,40000000.0,SI,NO,NO,NO,NO,SI,1.0,Ojo de agua o manantial,1.8,LITROS POR SEGUNDO,0.4,C,1,0.7,C,1.0,Sedimentación,0.85,B,1.0,22000.0,LITROS,24.74,MESES,0.5,C,2.0,24.0,96.0,0.0,0.0,Mayor de 100 m,0.7,C,1.8,LITROS POR SEGUNDO,No se realiza,No,0.0,MILIGRAMOS POR LITRO,2021-11-04,No pasa,2021-09-15,No pasa,2021-09-15,1.0,0.5595,0.8,0.425,0.6961,2
2021-09-16,,ABASTO DE AGUA DE LA INSPECCIÓN DE SANTA MARTA,198866,Colombia,"CUNDINAMARCA,QUIPILE,SANTA MARTA,SANTA MARTA INSPECCION",CUNDINAMARCA,QUIPILE,"SANTA MARTA,SANTA MARTA INSPECCION",4.7803889,-74.563722222222,2029.0,,,1980.0,1.0,1.0,SANTA MARTA INSPECCIÓN,ASOCIACIÓN DE USUARIOS DEL ACUEDUCTO Y ALCANTARILLADO DE LA INSPECCIÓN SANTA MARTA,224.0,70.0,Programa Rural,10000000.0,,SI,NO,NO,NO,NO,SI,1.0,Ojo de agua o manantial,1.7,LITROS POR SEGUNDO,0.7,C,1,0.7,C,1.0,Sedimentación,0.85,B,1.0,10000.0,LITROS,12.37,MESES,0.5,C,1.0,24.0,70.0,0.0,0.0,Mayor de 100 m,0.7,C,1.7,LITROS POR SEGUNDO,No se realiza,"Sí, pero no de maner mayoritaria",0.0,MILIGRAMOS POR LITRO,2021-11-04,No pasa,2021-09-16,No pasa,2021-09-16,1.0,0.6435,1.0,0.425,0.7671,2
2021-09-16,,ABASTO DE AGUA DE LA VEREDA SANTA MARTA ALTA.,198869,Colombia,"CUNDINAMARCA,QUIPILE,SANTA MARTA,SANTA MARTA ALTA",CUNDINAMARCA,QUIPILE,"SANTA MARTA,SANTA MARTA ALTA",4.7689444,-74.564388888889,1959.8,,,1988.0,1.0,1.0,SANTA MARTA ALTA,ASOCIACIÓN DE USUARIOS DEL ACUEDUCTO DE LA VEREDA SANTA MARTA ALTA,269.0,84.0,Programa Rural,20000000.0,,SI,NO,NO,NO,NO,SI,1.0,Pozo Perforado,1.88,LITROS POR SEGUNDO,0.7,C,1,0.7,C,1.0,Sedimentación,0.55,C,1.0,70000.0,LITROS,1.0,MESES,1.0,A,1.0,24.0,84.0,0.0,0.0,Mayor de 100 m,0.7,C,1.88,LITROS POR SEGUNDO,No se realiza,"Sí, pero no de maner mayoritaria",0.0,MILIGRAMOS POR LITRO,2021-11-04,No pasa,2021-09-16,No pasa,2021-09-16,1.0,0.7653,1.0,0.275,0.7601,2
2021-09-17,,ABASTO DE AGUA DE LA VEREDA QUIPILITO.,198875,Colombia,"CUNDINAMARCA,QUIPILE,QUIPILITO,QUIPILITO",CUNDINAMARCA,QUIPILE,"QUIPILITO,QUIPILITO",4.76375,-74.550666666667,1819.3,,,1995.0,3.0,1.0,"QUIPILITO, QUIPILITO ALTO, QUIPILITO EL MIRADOR",ASOCIACIÓN DE USUARIOS DEL ACUEDUCTO DE LA VEREDA QUIPILITO,350.0,110.0,Programa Rural,100000000.0,40000000.0,SI,NO,NO,NO,NO,SI,1.0,Quebrada,1.8,LITROS POR SEGUNDO,0.7,C,1,0.7,C,1.0,Sedimentación,0.85,B,1.0,44000.0,LITROS,24.74,MESES,0.5,C,3.0,24.0,110.0,0.0,0.0,Mayor de 100 m,0.7,C,1.8,LITROS POR SEGUNDO,No se realiza,No,,MILIGRAMOS POR LITRO,,No aplica,2021-09-17,No aplica,2021-09-17,1.0,0.6435,1.0,0.425,0.7671,2
2021-09-17,,ABASTO DE AGUA DE LA VEREDA FLORESTA BERLIN.,198879,Colombia,"CUNDINAMARCA,QUIPILE,LA FLORESTA,LA FLORESTA",CUNDINAMARCA,QUIPILE,"LA FLORESTA,LA FLORESTA",4.7766389,-74.55375,1990.0,,,1980.0,1.0,1.0,LA FLORESTA,ASOCIACIÓN DE USUARIOS DEL ACUEDUCTO FLORESTA BERLIN,144.0,45.0,Programa Rural,25000000.0,30000000.0,SI,NO,NO,NO,NO,SI,1.0,Ojo de agua o manantial,1.9,LITROS POR SEGUNDO,0.7,C,1,1.0,A,1.0,Sedimentación,0.55,C,1.0,1000.0,LITROS,12.37,MESES,0.5,C,1.0,24.0,45.0,0.0,0.0,Mayor de 100 m,1.0,A,1.9,LITROS POR SEGUNDO,No se realiza,"Sí, pero no de maner mayoritaria",0.0,MILIGRAMOS POR LITRO,2021-11-04,No pasa,2021-09-17,No pasa,2021-09-17,0.1737,0.7692,1.0,0.275,0.5545,2
2021-09-20,,ABASTO DE AGUA EL ORTIGO VEREDA BERLIN,198880,Colombia,"CUNDINAMARCA,QUIPILE,BERLIN,BERLIN",CUNDINAMARCA,QUIPILE,"BERLIN,BERLIN",4.7523333,-74.55525,1866.8,,,1990.0,1.0,1.0,BERLIN,ASOCIACIÓN DE USUARIOS DE LOS ACUEDUCTOS INDEPENDIENTES EL ORTIGO VEREDA BERLÍN,63.0,18.0,Programa Rural,20000000.0,4000000.0,SI,NO,NO,NO,NO,SI,1.0,Ojo de agua o manantial,1.2,LITROS POR SEGUNDO,0.7,C,1,0.7,C,1.0,Sedimentación,0.85,B,1.0,40000.0,LITROS,49.47,MESES,0.35,D,1.0,24.0,18.0,0.0,0.0,Mayor de 100 m,0.7,C,1.2,LITROS POR SEGUNDO,No se realiza,"Sí, pero no de maner mayoritaria",0.0,MILIGRAMOS POR LITRO,2021-11-04,No pasa,2021-09-20,No pasa,2021-09-20,1.0,0.5886,0.2,0.425,0.5534,2
2021-09-20,,ABASTO DE AGUA LA CRISTALINA VEREDA LA FLORESTA.,198882,Colombia,"CUNDINAMARCA,QUIPILE,LA FLORESTA,LA FLORESTA",CUNDINAMARCA,QUIPILE,"LA FLORESTA,LA FLORESTA",4.7830556,-74.554277777778,2017.8,,,1981.0,1.0,1.0,CARTAGENITA,NACEDERO LA CRISTALINA DE LE VEREDA LA FLORESTA,67.0,21.0,Programa Rural,10000000.0,5000000.0,SI,NO,NO,NO,NO,SI,1.0,Ojo de agua o manantial,0.4,LITROS POR SEGUNDO,0.0,D,1,0.7,C,1.0,Sedimentación,0.7,C,1.0,5000.0,LITROS,24.74,MESES,0.35,D,1.0,24.0,21.0,0.0,0.0,Mayor de 100 m,0.7,C,0.4,LITROS POR SEGUNDO,No se realiza,"Sí, pero no de maner mayoritaria",0.0,MILIGRAMOS POR LITRO,2021-11-04,No pasa,2021-09-20,No pasa,2021-09-20,1.0,0.0,1.0,0.35,0.5875,2
2021-09-21,,ABASTO DE AGUA DE LA VEREDA SANTO DOMINGO.,198884,Colombia,"CUNDINAMARCA,ANOLAIMA,SANTO DOMINGO,SANTO DOMINGO CENTRO",CUNDINAMARCA,ANOLAIMA,"SANTO DOMINGO,SANTO DOMINGO CENTRO",4.8077778,-74.456888888889,1720.0,,,1985.0,7.0,1.0,"LA PAZ MATA REDONDA, SANTO DOMINGO CENTRO, SANTO DOMINGO CENTRO ALTO, SANTO DOMINGO EL CAUCHO, SANTO DOMINGO EL TUNJANO, SANTO DOMINGO PARTE ALTA, SANTO DOMINGO PATIO BONITO",ASOCIACIÓN DE USUARIOS DEL ACUEDUCTO VEREDA SANTO DOMINGO,686.0,216.0,Programa Rural,50000000.0,5000000.0,SI,NO,NO,NO,NO,SI,1.0,Quebrada,2.8,LITROS POR SEGUNDO,0.7,C,1,0.7,C,1.0,Sedimentación,0.85,B,1.0,80000.0,LITROS,74.21,MESES,0.2,D,7.0,24.0,216.0,0.0,0.0,Mayor de 100 m,0.74285716,B,2.8,LITROS POR SEGUNDO,No se realiza,"Sí, pero no de maner mayoritaria",,MILIGRAMOS POR LITRO,,No aplica,2021-09-21,No aplica,2021-09-21,1.0,0.5194,1.0,0.425,0.7361,2
2021-09-22,,ACUEDUCTO DE LA  VEREDA MESITAS DE CABALLERO.,198887,Colombia,"CUNDINAMARCA,ANOLAIMA,MESITAS DE CABALLERO,MESITAS ALTA",CUNDINAMARCA,ANOLAIMA,"MESITAS DE CABALLERO,MESITAS ALTA",4.7551389,-74.463888888889,1727.4,,,1987.0,9.0,1.0,"CALANDAIMA, CHARQUITOS, EL CAJON, LA MARIA, LOS PINOS, MESITAS ALTA, MESITAS BAJA, SAN CAYETANO 2, VISTA HERMOSA",ASOCIACION DE USUARIOS DEL ACUEDUCTO DE MESITAS DE CABALLERO,981.0,317.0,Programa Rural,80000000.0,98000000.0,SI,NO,NO,NO,NO,SI,1.0,Río,3.57,LITROS POR SEGUNDO,1.0,A,1,1.0,A,1.0,Desinfección con cloro,1.0,A,1.0,40000.0,LITROS,2.0,MESES,1.0,A,9.0,24.0,317.0,317.0,317.0,Mayor de 100 m,0.8666667,B,3.57,LITROS POR SEGUNDO,"Sí, y funciona",No,1.0,MILIGRAMOS POR LITRO,2021-09-22,No aplica,2021-09-22,No aplica,2021-09-22,1.0,0.9649,0.8,1.0,0.9412,2
2021-08-22,,ACUEDUCTO VEREDA LA PATRIA,198940,Colombia,"CUNDINAMARCA,LA VEGA,LA PATRIA",CUNDINAMARCA,LA VEGA,LA PATRIA,5.02499,-74.2888,1851.0,,,1996.0,,,,,,,"Otros, Otros",105000000.0,,SI,NO,NO,NO,NO,SI,1.0,Quebrada,0.13,GALONES POR MINUTO,0.7,C,1,0.7,C,,,,,1.0,60000.0,LITROS,2.0,MESES,0.85,B,1.0,24.0,25.0,0.0,0.0,Mayor de 100 m,1.0,A,0.13,LITROS POR SEGUNDO,No se realiza,No,,MILIGRAMOS POR LITRO,,No aplica,2021-10-01,No aplica,2021-10-01,0.0,0.8033,0.6,0.1,0.3758,2
2021-09-25,,ASUSERVIPUENTE,198942,Colombia,"CUNDINAMARCA,MADRID,PUENTE PIEDRA",CUNDINAMARCA,MADRID,PUENTE PIEDRA,4.818642,-74.222348,2597.0,,,1993.0,13.0,1.0,"CONDOMINIO CAMPO ISIDRO, CONDOMINIO LUPANGY, LA CUESTA, SECTOR BOSQUE, SECTOR CAJITA DE AGUA, SECTOR CENTRO, SECTOR DIAMANTE, SECTOR EL TREBOL, SECTOR ISEIN, SECTOR LA AURORA, SECTOR PABLO VI, SECTOR PARCELACION BOGOTA, SECTOR SAN FRANCISCO",ASOCIACION DE SUSCRIPTORES DEL SERVICIO DE ACUEDUCTO Y ALCANTARILLADO DE PUENTE PIEDRA       ASUSERVIPUENTE,3387.0,1096.0,Otros,20000000.0,30500000.0,NO,SI,NO,NO,NO,NO,1.0,Pozo Perforado,11.6,LITROS POR SEGUNDO,1.0,A,1,1.0,A,4.0,"Desinfección con cloro, Aireación (oxidación), Filtración lenta, Coagulación y Floculación",1.0,A,1.0,100000.0,LITROS,12.37,MESES,0.5,C,1.0,24.0,1096.0,1096.0,1096.0,Mayor de 100 m,1.0,A,11.6,LITROS POR SEGUNDO,"Sí, y funciona","Sí, de maner mayoritaria",0.69,MILIGRAMOS POR LITRO,2021-09-25,No aplica,2021-10-01,No aplica,2021-10-01,0.7381,0.8409,0.4,1.0,0.7448,2
2021-09-21,,ACUEDUCTO RURAL PUENTE MOTA PUENTE PINO VEREDA MANCILLA,198943,Colombia,"CUNDINAMARCA,FACATATIVÁ,MANCILLA,sector puente pino",CUNDINAMARCA,FACATATIVÁ,"MANCILLA,sector puente pino",4.871042,-74.34205,2785.0,,,1992.0,1.0,1.0,SECTOR PUENTE PINO,ASOCIACION DE USUARIOS DE ACUEDUCTO RURAL VEREDA MANCILLA SECTOR PUENTE MOTA PUENTE PINO,117.0,56.0,Otros,130000000.0,,SI,NO,NO,NO,SI,SI,1.0,Quebrada,2.5,LITROS POR SEGUNDO,1.0,A,1,1.0,A,3.0,"Coagulación y Floculación, Filtración lenta, Desinfección con cloro",0.85,B,1.0,65000.0,LITROS,4.0,MESES,0.55,C,1.0,24.0,56.0,56.0,56.0,Mayor de 100 m,1.0,A,2.5,LITROS POR SEGUNDO,"Sí, y funciona","Sí, de maner mayoritaria",0.3,MILIGRAMOS POR LITRO,2021-10-14,Sí pasa,2021-10-14,No pasa,2021-10-01,1.0,0.8612,1.0,1.0,0.9653,2
2021-09-16,,ABASTO DE AGUA SECTOR SAN CARLOS,198945,Colombia,"CUNDINAMARCA,UNE,PUENTE TIERRA,SAN CARLOS",CUNDINAMARCA,UNE,"PUENTE TIERRA,SAN CARLOS",4.406814,-74.028604,2341.0,2584501201,,1991.0,1.0,1.0,SAN CARLOS,ASOCIACIÓN DE USUARIOS ACUEDUCTO RURAL SECTOR SAN CARLOS,44.0,15.0,,4000000.0,2000000.0,SI,NO,NO,NO,SI,SI,1.0,Otras,5.0,LITROS POR SEGUNDO,1.0,A,1,1.0,A,,,,,1.0,23000.0,LITROS,6.0,MESES,0.85,B,1.0,24.0,15.0,14.0,14.0,Mayor de 100 m,1.0,A,5.0,LITROS POR SEGUNDO,No se realiza,"Sí, pero no de maner mayoritaria",,MILIGRAMOS POR LITRO,,No pasa,2021-10-02,No pasa,2021-10-02,1.0,0.9602,1.0,0.5,0.865,2
2021-09-17,,ABASTO DE AGUA VEREDA COMBURA,198946,Colombia,"CUNDINAMARCA,UNE,COMBURA,SECTOR PUNTO DE MARRANO",CUNDINAMARCA,UNE,"COMBURA,SECTOR PUNTO DE MARRANO",4.393225,-74.046552,2552.0,2584500402,,1998.0,2.0,1.0,"COMBURA ESCUELA, PUNTO DE MARRANO",ACUEDUCTO COMBURA VEREDA COMBURA,80.0,26.0,,7500000.0,1500000.0,SI,NO,NO,NO,SI,SI,1.0,Otras,8.0,LITROS POR SEGUNDO,0.7,C,1,1.0,A,,,,,1.0,16000.0,LITROS,12.37,MESES,0.35,D,2.0,24.0,26.0,26.0,26.0,Mayor de 100 m,1.0,A,8.0,LITROS POR SEGUNDO,No se realiza,No,,MILIGRAMOS POR LITRO,,No pasa,2021-10-02,No pasa,2021-10-02,1.0,0.7035,0.8,0.425,0.7321,2
2021-09-17,,ABASTO DE AGUA HOYAS DE PASTORES RIHN,198947,Colombia,"CUNDINAMARCA,UNE,HOYA DE PASTORES,SECTOR LA Y",CUNDINAMARCA,UNE,"HOYA DE PASTORES,SECTOR LA Y",4.383251,-74.020518,2540.0,2584500802,,,3.0,1.0,"HOYA DE PASTORES LA Y, HOYA DE PASTORES PARTE ALTA, HOYA DE PASTORES PARTE BAJA",ACUEDUCTO HOYA DE PASTORES RHIN,150.0,48.0,,15000000.0,3000000.0,SI,NO,NO,NO,SI,SI,1.0,Otras,5.0,LITROS POR SEGUNDO,0.7,C,1,1.0,A,,,,,1.0,12000.0,LITROS,6.0,MESES,0.7,C,3.0,24.0,48.0,48.0,36.0,Mayor de 100 m,1.0,A,6.0,LITROS POR SEGUNDO,No se realiza,No,,MILIGRAMOS POR LITRO,,No pasa,2021-10-02,No pasa,2021-10-02,1.0,0.8367,0.8,0.5,0.7842,2
2021-09-16,,ABASTO DE AGUA ASOQUECA,198950,Colombia,"CUNDINAMARCA,UNE,QUECA,QUECA PARTE ALTA",CUNDINAMARCA,UNE,"QUECA,QUECA PARTE ALTA",4.41336,-74.051116,2289.0,2584501302,,1976.0,3.0,1.0,"QUECA ESCUELA, QUECA PARTE ALTA, QUECA PARTE BAJA",ALTO DE LA QUEBRADA ASOAQUECA,121.0,40.0,,10000000.0,7000000.0,SI,NO,NO,NO,SI,SI,1.0,Otras,8.0,LITROS POR SEGUNDO,1.0,A,1,1.0,A,,,,,1.0,40000.0,LITROS,6.0,MESES,0.85,B,3.0,24.0,40.0,40.0,40.0,Mayor de 100 m,1.0,A,8.0,LITROS POR SEGUNDO,No se realiza,No,,MILIGRAMOS POR LITRO,,No pasa,2021-10-02,No pasa,2021-10-02,1.0,0.9602,1.0,0.5,0.865,2
2021-10-01,,ABASTO DE AGUA VEREDA PUEBLO VIEJO BAJO,198966,Colombia,"CUNDINAMARCA,CHOCONTÁ,SECTOR LA ESCUELA,PUEBLO VIEJO BAJO",CUNDINAMARCA,CHOCONTÁ,"SECTOR LA ESCUELA,PUEBLO VIEJO BAJO",5.163992,-73.693097,2791.0,198966,,1981.0,5.0,1.0,"LA AURORA, SECTOR LA CARRILERA, SECTOR LA ESCUELA, SECTOR LA Y, SECTOR TIENDA LA OFICINA",ASOCIACIÓN DE USUARIOS DEL ACUEDUCTO DE LA VEREDA DE PUEBLO VIEJO PARTE BAJA,285.0,85.0,Otros,40000000.0,30000000.0,SI,NO,NO,NO,NO,SI,1.0,Ojo de agua o manantial,1.0,LITROS POR SEGUNDO,0.4,C,2,1.0,A,,,,,5.0,224000.0,LITROS,2.0,MESES,0.94,A,1.0,5.0,85.0,85.0,85.0,Mayor de 100 m,1.0,A,1.0,LITROS POR SEGUNDO,No se realiza,No,,MILIGRAMOS POR LITRO,,No pasa,2021-10-03,No pasa,2021-10-03,1.0,0.7831,0.8,0.0,0.6458,2
2021-09-30,,ABASTO DE AGUA VEREDA PUEBLO VIEJO ALTO Y SECTOR PIEDRA DE SAL,198967,Colombia,"CUNDINAMARCA,CHOCONTÁ,PUEBLO VIEJO ALTO,SECTOR PIEDRA DE SAL",CUNDINAMARCA,CHOCONTÁ,"PUEBLO VIEJO ALTO,SECTOR PIEDRA DE SAL",5.207358,-73.694607,2920.0,198967,,1999.0,6.0,1.0,"LOS PINOS, SECTOR BAJO, SECTOR LA ESCUELA, SECTOR LA Y, SECTOR PIEDRA DE SAL, SECTOR VILLA MONTE",ASOCIACIÓN DE USUARIOS PUEBLO VIEJO ALTO Y SECTOR PIEDRA DE SAL,776.0,230.0,"Otros, Otros, Otros",180000000.0,50000000.0,NO,SI,NO,NO,SI,SI,1.0,Pozo Perforado,2.0,LITROS POR SEGUNDO,0.4,C,1,1.0,A,,,,,1.0,115000.0,LITROS,1.35,MESES,1.0,A,1.0,7.0,230.0,230.0,230.0,Mayor de 100 m,1.0,A,2.0,LITROS POR SEGUNDO,No se realiza,No,,MILIGRAMOS POR LITRO,2021-10-03,Sí pasa,2021-10-12,Sí pasa,2021-10-12,1.0,0.7953,1.0,0.0,0.6988,2
2021-09-17,,ABASTO DE AGUA VEREDA CEREZOS,198975,Colombia,"CUNDINAMARCA,CHIPAQUE,CEREZOS GRANDES,SECTOR LA CAPILLA",CUNDINAMARCA,CHIPAQUE,"CEREZOS GRANDES,SECTOR LA CAPILLA",4.480322,-74.025839,2389.0,2517800702,,1996.0,3.0,1.0,"CEREZOS GRANDES ESCUELA, CEREZOS GRANDES LA CAPILLA, CEREZOS GRANDES LA Y",ASOCIACIÓN DE SUSCRIPTORES DEL SERVICIO DE ACUEDUCTO VEREDA CEREZOS GRANDE SECTOR CONCHO LARGO,143.0,48.0,,50000000.0,2000000.0,SI,NO,NO,NO,NO,SI,1.0,Otras,3.0,GALONES POR MINUTO,1.0,A,1,1.0,A,,,,,1.0,54000.0,LITROS,3.0,MESES,0.85,B,3.0,24.0,48.0,48.0,48.0,Mayor de 100 m,1.0,A,3.0,LITROS POR SEGUNDO,No se realiza,No,,MILIGRAMOS POR LITRO,,No aplica,2021-10-04,No aplica,2021-10-04,1.0,0.9602,1.0,0.35,0.8276,2
2021-09-28,,ACUEDUCTO DE LA EMPRESA AGUAS DE FACATATIVA EAF S.A.S. ESP,198990,Colombia,"CUNDINAMARCA,FACATATIVÁ",CUNDINAMARCA,FACATATIVÁ,,4.812943,-74.367022,2562.0,,,1950.0,11.0,1.0,"CONDOMINIOS ALTOS DEL BOSQUE, CORITO, LA SELVA, LOS MANZANOS, MOYANO, SECTOR LA ESPERANZA, SECTOR SAGRADOS CORAZONES, SECTOR SAN RAFAEL ALTO, SECTOR SAN RAFAEL BAJO, SECTOR SAN RAFAEL MIRIAM, SECTOR SANTA MARTA","""EMPRESA AGUAS DE FACATATIVA EAF S.A.S. ESP""",4101.0,1314.0,Otros,23000000.0,450000000.0,NO,SI,NO,NO,NO,NO,9.0,Río,189.99,LITROS POR SEGUNDO,0.96666664,A,9,1.0,A,5.0,"Sedimentación, Aireación (oxidación), Desinfección con cloro, Coagulación y Floculación, Filtración lenta",0.97,A,1.0,3600000.0,LITROS,12.37,MESES,0.35,D,1.0,24.0,1314.0,1314.0,1314.0,Mayor de 100 m,1.0,A,190.0,LITROS POR SEGUNDO,"Sí, y funciona","Sí, de maner mayoritaria",1.36,MILIGRAMOS POR LITRO,2021-09-28,No aplica,2021-10-04,No aplica,2021-10-04,1.0,0.7627,0.95555556,1.0,0.9296,2
2021-10-05,,ABASTO PUBLICO DE AGUA ASOVERPAL,199012,Colombia,"CUNDINAMARCA,GUATAVITA,POTRERO LARGO,SECTOR GARZON PARTE ALTA",CUNDINAMARCA,GUATAVITA,"POTRERO LARGO,SECTOR GARZON PARTE ALTA",4.93316,-73.76398,3094.7,,,1994.0,5.0,1.0,"GARZON PARTE ALTA, GARZON PARTE BAJA, LOS RODRIGUEZ, PEÑA COLORADA, SECTOR LA ESCUELA",ASOCIACIÓN DE SUSCRIPTORES DE LA VEREDA POTRERO LARGO SECTOR PALACIO ASOVERPAL,654.0,163.0,,30000000.0,,SI,NO,NO,NO,SI,SI,1.0,Quebrada,2.5,LITROS POR SEGUNDO,1.0,A,1,1.0,A,,,,,1.0,54000.0,LITROS,4.0,MESES,0.7,C,2.0,24.0,163.0,163.0,163.0,Mayor de 100 m,0.7,C,2.0,LITROS POR SEGUNDO,No se realiza,"Sí, de maner mayoritaria",0.0,MILIGRAMOS POR LITRO,,Sí pasa,2021-11-17,Sí pasa,2021-11-17,1.0,0.8367,0.8,0.5,0.7842,2
2021-09-29,,ABASTO PUBLICO DE AGUA JUNIA ALTA,199023,Colombia,"CUNDINAMARCA,LA CALERA,LA JUNIA,ALTO DE LA ARENA",CUNDINAMARCA,LA CALERA,"LA JUNIA,ALTO DE LA ARENA",4.61912,-73.93186,2698.1,,,2008.0,5.0,1.0,"ALTO DE LA ARENA, EL CORRAL, EL RAMAL, GUITIERREZ, SECTOR ESCUELITA",ASOCIACIÓN DE USUARIOS DEL ACUEDUCTO DE LA VEREDA LA JUNIA PARTE ALTA,218.0,54.0,,6000000.0,,SI,NO,NO,NO,NO,NO,1.0,Quebrada,0.62,LITROS POR SEGUNDO,1.0,A,1,0.7,C,1.0,Filtración rápida,0.625,C,1.0,35000.0,LITROS,3.0,MESES,0.85,B,1.0,24.0,54.0,54.0,54.0,Mayor de 100 m,0.7,C,1.9,LITROS POR SEGUNDO,No se realiza,"Sí, de maner mayoritaria",,MILIGRAMOS POR LITRO,,No aplica,2021-10-05,No aplica,2021-10-05,1.0,0.8033,1.0,0.5,0.8258,2
2021-09-29,,ABASTO PUBLICO DE AGUA VEREDA JUNIA BAJA,199032,Colombia,"CUNDINAMARCA,LA CALERA,LA JUNIA,ALTO DE LA ARENA",CUNDINAMARCA,LA CALERA,"LA JUNIA,ALTO DE LA ARENA",4.61522,-73.92984,2617.5,,,1996.0,2.0,1.0,"PARTE BAJA, SECTOR LA CURVA",ASOCIACIÓN DE USUARIOS DEL ACUEDUCTO DE LA VEREDA DE LA JUNIA PARTE BAJA,132.0,53.0,,15000000.0,,SI,NO,NO,NO,SI,SI,1.0,Quebrada,3.5,LITROS POR SEGUNDO,0.7,C,1,0.7,C,1.0,Sedimentación,0.75,B,1.0,35000.0,LITROS,6.0,MESES,0.7,C,1.0,24.0,53.0,53.0,53.0,Mayor de 100 m,0.7,C,2.0,LITROS POR SEGUNDO,No se realiza,"Sí, de maner mayoritaria",,MILIGRAMOS POR LITRO,2021-09-29,No aplica,2021-10-05,No aplica,2021-10-05,1.0,0.7,1.0,0.5,0.8,2
2021-09-23,,ACUEDUCTO VEREDA PUEBLO VIEJO,199040,Colombia,"CUNDINAMARCA,FACATATIVÁ,PUEBLO VIEJO",CUNDINAMARCA,FACATATIVÁ,PUEBLO VIEJO,4.811428,-74.28405,2772.0,,,1999.0,1.0,1.0,PUEBLO VIEJO ALTO,ASOCIACION DE USURIOS DE ACUEDUCTOY ALCANTARILLADO VEREDA PUEBLO VIEJO PARTE ALTA FACATATIVA  ASUPAVI,260.0,65.0,Otros,20000000.0,,SI,NO,NO,NO,NO,SI,2.0,Pozo Perforado,2.43,LITROS POR SEGUNDO,0.7,C,1,0.7,C,1.0,Aireación (oxidación),0.4,C,2.0,60000.0,LITROS,1.0,MESES,0.775,B,1.0,24.0,65.0,65.0,65.0,Mayor de 100 m,1.0,A,2.13,LITROS POR SEGUNDO,No se realiza,"Sí, de maner mayoritaria",,MILIGRAMOS POR LITRO,,No aplica,2021-10-05,No aplica,2021-10-05,1.0,0.785,1.0,0.5,0.8213,2
2021-09-28,,ACUEDUCTO VEREDA MOYANO,199043,Colombia,"CUNDINAMARCA,MADRID,MOYANO",CUNDINAMARCA,MADRID,MOYANO,4.802023,-74.302523,2594.0,,,2009.0,1.0,1.0,MOYANO,JUANTA DE ACCION COMUNAL VEREDA MOYANO SECTOR MADRID,135.0,40.0,Otros,20000000.0,,NO,SI,NO,NO,SI,SI,1.0,Pozo excavado,0.1,LITROS POR SEGUNDO,0.4,C,1,0.0,D,3.0,"Aireación (oxidación), Coagulación y Floculación, Filtración lenta",0.2,D,1.0,10000.0,LITROS,0.0,MESES,0.0,D,1.0,12.0,40.0,0.0,0.0,Mayor de 100 m,0.4,C,0.1,LITROS POR SEGUNDO,No se realiza,No,,MILIGRAMOS POR LITRO,,No pasa,2021-10-05,No pasa,2021-10-05,1.0,0.0,1.0,0.1,0.525,2
2021-10-02,,ACUEDUCTO VEREDA ROBLE HUECO,199062,Colombia,"CUNDINAMARCA,BOJACÁ,Roblehueco",CUNDINAMARCA,BOJACÁ,Roblehueco,4.692795,-74.375967,2435.0,,,2012.0,1.0,1.0,ROBLE HUECO,ASOCIACION DE ACUEDUCTO DE LA VEREDA ROBLE HUECO DEL MUNICIPIO DE BOJACA,110.0,42.0,Otros,140000000.0,,SI,NO,NO,NO,NO,SI,1.0,Ojo de agua o manantial,1.08,LITROS POR SEGUNDO,0.0,D,1,0.7,C,3.0,"Aireación (oxidación), Filtración lenta, Sedimentación",0.85,B,1.0,147000.0,LITROS,12.37,MESES,0.35,D,1.0,24.0,42.0,42.0,4.0,Mayor de 100 m,0.4,C,1.08,LITROS POR SEGUNDO,No se realiza,"Sí, pero no de maner mayoritaria",,MILIGRAMOS POR LITRO,,No pasa,2021-10-06,No pasa,2021-10-06,1.0,0.0,0.8,0.425,0.5563,2
2021-10-02,,ACUEDUCTO VEREDA CHILCAL,199063,Colombia,"CUNDINAMARCA,BOJACÁ,CHILCAL",CUNDINAMARCA,BOJACÁ,CHILCAL,4.724895,-74.371335,2305.0,,,1996.0,1.0,1.0,CHILCAL,JUNTA ADMINISTRADORADEL ACUEDUCTO VEREDA EL CHILCAL,235.0,79.0,"Otros, Otros",118000000.0,140000000.0,SI,NO,NO,NO,SI,SI,2.0,Ojo de agua o manantial,11.3,LITROS POR SEGUNDO,0.85,B,1,0.7,C,3.0,"Filtración lenta, Aireación (oxidación), Sedimentación",0.95,A,2.0,100000.0,LITROS,2.0,MESES,0.675,C,1.0,24.0,79.0,79.0,79.0,Mayor de 100 m,0.4,C,11.3,LITROS POR SEGUNDO,"Sí, pero no funciona","Sí, de maner mayoritaria",0.3,MILIGRAMOS POR LITRO,2021-10-14,Sí pasa,2021-10-14,Sí pasa,2021-10-14,1.0,0.6331,0.8,0.7,0.7833,2
2021-09-23,,ACUEDUCTO DE SERVICIO PÚBLICOS DEL ROSAL,199064,Colombia,"CUNDINAMARCA,EL ROSAL,CRUZ VERDE",CUNDINAMARCA,EL ROSAL,CRUZ VERDE,4.860848,-74.264412,2660.0,,,1990.0,9.0,1.0,"BUENAVISTA, CRUZ VERDE, EL CAUCHO, LA HONDURA CHINGAFRIO, LA HONDURA TIBAGOTA, LA PORQUERA, PUERTA DE CUERO, SAN ANTONIO, SANTA BARBARA","EMPRESA DE ACUEDUCTO ,ALCANTARILLADO Y ASEO DE EL ROSAL S.A  E.S.P",1233.0,392.0,Otros,100000000.0,7400000000.0,NO,SI,NO,NO,NO,SI,1.0,Río,30.0,LITROS POR SEGUNDO,1.0,A,1,1.0,A,17.0,"Filtración lenta, Aireación (oxidación), Coagulación y Floculación, Filtración lenta, Desinfección con cloro, Aireación (oxidación), Desinfección con cloro, Aireación (oxidación), Coagulación y Floculación, Desinfección con cloro, Filtración lenta, Coagulación y Floculación, Aireación (oxidación), Desinfección con cloro, Filtración lenta, Coagulación y Floculación, Aireación (oxidación)",0.92058825,A,5.0,2160000.0,LITROS,6.0,MESES,0.85,B,2.0,24.0,392.0,392.0,392.0,Mayor de 100 m,1.0,A,30.0,LITROS POR SEGUNDO,"Sí, y funciona","Sí, de maner mayoritaria",0.18,MILIGRAMOS POR LITRO,2021-09-23,No aplica,2021-10-06,No aplica,2021-10-06,1.0,0.9602,1.0,1.0,0.99,2
2021-10-07,,ACUEDUCTO VEREDA TILATÁ,199070,Colombia,"CUNDINAMARCA,CHOCONTÁ,TILATA,SECTOR LA ESCUELA",CUNDINAMARCA,CHOCONTÁ,"TILATA,SECTOR LA ESCUELA",5.034327,-73.751402,3010.0,199070,,2001.0,7.0,1.0,"EL SANTUARIO, LAS FUENTES, SECTOR EL CARACOL, SECTOR EL MIRADOR, SECTOR LA ESCUELA, SECTOR LA ISLA, SECTOR MONSERRATE",ASOCIACIÓN DE USUARIOS DEL ACUEDUCTO RURAL VEREDA TILATA,516.0,150.0,Otros,,,SI,NO,NO,NO,NO,SI,1.0,Quebrada,1.7,LITROS POR SEGUNDO,1.0,A,2,1.0,A,1.0,Coagulación y Floculación,1.0,A,2.0,115000.0,LITROS,2.0,MESES,1.0,A,1.0,24.0,150.0,150.0,150.0,Mayor de 100 m,1.0,A,1.7,LITROS POR SEGUNDO,"Sí, y funciona",No,2.1,MILIGRAMOS POR LITRO,2021-10-12,Sí pasa,2021-10-12,No pasa,2021-10-07,1.0,1.0,0.8,1.0,0.95,2
2021-10-02,,ABASTO DE AGUA ASOREGIONAL TURMAL,199073,Colombia,"CUNDINAMARCA,CHOCONTÁ,TURMAL,SECTOR LOS GALPONES",CUNDINAMARCA,CHOCONTÁ,"TURMAL,SECTOR LOS GALPONES",5.153965,-73.726178,2765.0,199073,,1981.0,13.0,1.0,"CAMINO ANTIGUO, EL PARAISO, KIOSCO, LA ESCUELA, SECTOR ALTO, SECTOR BAJO, SECTOR EL PANTANO, SECTOR EL PUENTE, SECTOR GALPONES, SECTOR LA CARRILERA, SECTOR LOS ALEJOS, SECTOR LOS LAGOS, SECTOR LOS RITOS","ASOCIACIÓN DE USUARIOS DEL ACUEDUCTO DE LAS VEREDAS TURMAL, CRUCES, MANACA, CHINATA Y SANTA BARBARA",1101.0,310.0,Otros,,70000000.0,SI,SI,NO,NO,NO,SI,1.0,Ojo de agua o manantial,2.0,LITROS POR SEGUNDO,1.0,A,1,0.7,C,,,,,2.0,180000.0,LITROS,2.0,MESES,1.0,A,1.0,24.0,310.0,310.0,310.0,Mayor de 100 m,0.7,C,2.0,LITROS POR SEGUNDO,No se realiza,No,,MILIGRAMOS POR LITRO,,No aplica,2021-10-07,No aplica,2021-10-07,1.0,0.8367,0.8,0.1,0.6842,2
2021-09-13,,ABASTO DE AGUA DE LA VEREDA RIONEGRO BAJO,199084,Colombia,"CUNDINAMARCA,LA PALMA,RIO NEGRO,BAJO",CUNDINAMARCA,LA PALMA,"RIO NEGRO,BAJO",5.264731,-74.353951,1134.0,,,1996.0,1.0,1.0,RIONEGRO BAJO,ASOCIACION DE USUARIOS DEL ACUEDUCTO VEREDAL RIO NEGRO,54.0,20.0,Programa Rural,,,SI,NO,NO,NO,SI,SI,1.0,Ojo de agua o manantial,0.8,LITROS POR SEGUNDO,0.4,C,1,0.7,C,,,,,1.0,12000.0,LITROS,6.0,MESES,0.7,C,1.0,24.0,20.0,0.0,0.0,Mayor de 100 m,0.7,C,0.8,LITROS POR SEGUNDO,No se realiza,No,,MILIGRAMOS POR LITRO,,No aplica,2021-10-08,No aplica,2021-10-08,1.0,0.6086,0.8,0.0,0.6021,2
2021-09-13,,ABASTO DE AGUA VEREDA RIONEGRO ALTO,199085,Colombia,"CUNDINAMARCA,LA PALMA,RIO NEGRO,ALTO",CUNDINAMARCA,LA PALMA,"RIO NEGRO,ALTO",5.267731,-74.355951,1134.0,,,1996.0,1.0,1.0,RIONEGRO  ALTO,GESTION COMUNITARIA RIO NEGRO ALTO,99.0,30.0,Programa Rural,,,SI,NO,NO,NO,SI,SI,1.0,Ojo de agua o manantial,1.0,LITROS POR SEGUNDO,0.7,C,1,0.7,C,,,,,3.0,45000.0,LITROS,6.0,MESES,0.7,C,1.0,24.0,30.0,0.0,0.0,Mayor de 100 m,0.7,C,1.0,LITROS POR SEGUNDO,No se realiza,No,,MILIGRAMOS POR LITRO,,No aplica,2021-10-08,No aplica,2021-10-08,1.0,0.7,0.8,0.0,0.625,2
2021-09-14,,ABASTO DE AGUA DE LA VEREDA LA HERMOSA,199086,Colombia,"CUNDINAMARCA,LA PALMA,LA HERMOSA,ALTO",CUNDINAMARCA,LA PALMA,"LA HERMOSA,ALTO",5.270286,-74.346711,1402.0,,,2006.0,1.0,1.0,LA HERMOSA ALTO,GESTION COMUNITARIA VEREDA LA HERMOSA,28.0,10.0,Otros,,,SI,NO,NO,NO,SI,SI,1.0,Ojo de agua o manantial,0.5,LITROS POR SEGUNDO,0.0,D,1,0.4,C,,,,,1.0,5000.0,LITROS,3.0,MESES,0.7,C,1.0,24.0,10.0,0.0,0.0,Mayor de 100 m,0.7,C,0.03,LITROS POR SEGUNDO,No se realiza,No,,MILIGRAMOS POR LITRO,,No aplica,2021-10-08,No aplica,2021-10-08,1.0,0.0,0.8,0.0,0.45,2
2021-09-15,,ABASTO DE AGUA VEREDA EL POTRERO,199088,Colombia,"CUNDINAMARCA,LA PALMA,EL POTRERO,ALTO",CUNDINAMARCA,LA PALMA,"EL POTRERO,ALTO",5.283802,-74.349791,1425.0,,,1980.0,2.0,1.0,"EL POTRERO ALTO, EL POTRERO BAJO",GESTION COMUNITARIA VEREDA EL POTRERO,126.62857142857143,40.0,Programa Rural,,,SI,NO,NO,NO,SI,SI,1.0,Ojo de agua o manantial,0.9,LITROS POR SEGUNDO,0.4,C,1,0.7,C,,,,,1.0,5000.0,LITROS,12.37,MESES,0.35,D,2.0,24.0,40.0,0.0,0.0,Mayor de 100 m,0.7,C,0.9,LITROS POR SEGUNDO,No se realiza,No,,MILIGRAMOS POR LITRO,,No aplica,2021-10-08,No aplica,2021-10-08,1.0,0.5118,0.8,0.0,0.5779,2
2021-09-16,,ABASTO DE AGUA VEREDA ORTIGAL,199091,Colombia,"CUNDINAMARCA,LA PALMA,ORTIGAL,ALTO",CUNDINAMARCA,LA PALMA,"ORTIGAL,ALTO",5.291121,-74.366952,1598.0,,,2002.0,2.0,1.0,"ORTIGAL ALTO, TABACAL ALTO",GESTION COMUNITARIA ORTIGAL ALTO,79.0,28.0,Programa Rural,,,SI,NO,NO,NO,NO,SI,1.0,Ojo de agua o manantial,0.8,LITROS POR SEGUNDO,0.4,C,1,0.7,C,,,,,1.0,24000.0,LITROS,6.0,MESES,0.7,C,2.0,14.0,28.0,0.0,0.0,Mayor de 100 m,0.7,C,0.8,LITROS POR SEGUNDO,No se realiza,No,,MILIGRAMOS POR LITRO,,No aplica,2021-10-08,No aplica,2021-10-08,1.0,0.6086,1.0,0.0,0.6522,2
2021-09-17,,ABASTO DE AGUA DE LA  VEREDA MURCA,199093,Colombia,"CUNDINAMARCA,LA PALMA,MURCA",CUNDINAMARCA,LA PALMA,MURCA,5.31869,-74.37329,1101.0,,,1998.0,5.0,1.0,"AGUMERO, EL PUENTE, MURCA CENTRO, RÍO ARRIBA, TABACAL BAJO",ASOCIACION DE USUARIOS DE ACUEDUCTO VEREDA MURCA,413.0,140.0,Programa Rural,,40000000.0,SI,NO,NO,NO,SI,SI,1.0,Quebrada,1.0,LITROS POR SEGUNDO,0.0,D,1,0.7,C,,,,,1.0,50000.0,LITROS,2.0,MESES,0.85,B,5.0,24.0,140.0,0.0,0.0,Mayor de 100 m,0.7,C,1.0,LITROS POR SEGUNDO,No se realiza,No,,MILIGRAMOS POR LITRO,,No aplica,2021-10-08,No aplica,2021-10-08,1.0,0.0,0.8,0.0,0.45,2
2021-09-28,,ABASTO DE AGUA DE LA VEREDA SAN JOSE LA GAITA,199098,Colombia,"CUNDINAMARCA,PACHO,SAN JOSE DE LA GAITA",CUNDINAMARCA,PACHO,SAN JOSE DE LA GAITA,5.24184,-74.21818,1682.0,,,1980.0,4.0,1.0,"AGUACHENTALES, QUEBRADA HONDA, SAN JOSÉ DE LA GAITA, VENADILLO",JUNTA DE ACUEDUCTO VREDA SAN JOSE LA GAITA,217.22934782608695,66.0,Programa Rural,,,SI,NO,NO,NO,SI,SI,1.0,Quebrada,1.0,LITROS POR SEGUNDO,0.4,C,1,0.7,C,,,,,1.0,28000.0,LITROS,3.0,MESES,0.7,C,4.0,24.0,66.0,0.0,0.0,Mayor de 100 m,0.7,C,1.0,LITROS POR SEGUNDO,No se realiza,No,,MILIGRAMOS POR LITRO,,No pasa,2021-10-09,No pasa,2021-10-09,1.0,0.6086,1.0,0.0,0.6522,2
2021-09-29,,ABASTO DE AGUA VEREDAS EL PALMAR Y LA MONA,199099,Colombia,"CUNDINAMARCA,PACHO,EL PALMAR",CUNDINAMARCA,PACHO,EL PALMAR,5.264218,-74.218722,1515.0,,,2009.0,4.0,1.0,"BAJO YASAL, EL PALMAR, LA MONA, QUEBRADA HONDA",ASOCIACION DE USUARIOS DE ACUEDUCTO VEREDA EL PALMAR Y LA MONA,56.318627450980394,32.0,Programa Rural,,,SI,NO,NO,NO,SI,SI,1.0,Quebrada,0.85,LITROS POR SEGUNDO,0.7,C,1,0.7,C,,,,,1.0,15000.0,LITROS,2.0,MESES,0.85,B,4.0,24.0,32.0,0.0,0.0,Mayor de 100 m,0.7,C,0.85,LITROS POR SEGUNDO,No se realiza,No,,MILIGRAMOS POR LITRO,,No aplica,2021-10-09,No aplica,2021-10-09,1.0,0.7348,0.8,0.0,0.6337,2
2021-09-22,,ABASTO DE AGUA DE LA  VEREDA NACOPAY,199100,Colombia,"CUNDINAMARCA,TOPAIPÍ,NACOPAY",CUNDINAMARCA,TOPAIPÍ,NACOPAY,5.372022,-74.316704,1394.0,,,1998.0,1.0,1.0,NACOPAY,JUNTA DE ACUEDUCTO VEREDA NACOPAY,55.00000000000001,25.0,Programa Rural,0.0,,SI,NO,NO,NO,SI,SI,1.0,Quebrada,1.0,LITROS POR SEGUNDO,0.7,C,1,0.7,C,,,,,1.0,60000.0,LITROS,3.0,MESES,0.7,C,1.0,24.0,25.0,0.0,0.0,Mayor de 100 m,0.7,C,1.0,LITROS POR SEGUNDO,No se realiza,No,,MILIGRAMOS POR LITRO,,No aplica,2021-10-09,No aplica,2021-10-09,1.0,0.7,1.0,0.0,0.675,2
2021-09-23,,ABASTO DE AGUA  (ASOSABANETA),199101,Colombia,"CUNDINAMARCA,TOPAIPÍ,SABANETA",CUNDINAMARCA,TOPAIPÍ,SABANETA,5.355127,-74.301678,1426.0,,,1995.0,3.0,1.0,"LA ESCUELA, RIO GRANDE PARTE ALTA, RIO GRANDE PARTE BAJA",ASOCIACION DE USUARIOS DEL ACUEDUCTO DE LA VEREDA SABANETA (ASOSABANETA),49.13333333333333,26.0,Programa Rural,100000000.0,,NO,SI,NO,NO,SI,SI,1.0,Quebrada,0.85,LITROS POR SEGUNDO,0.7,C,1,0.7,C,,,,,1.0,50000.0,LITROS,3.0,MESES,0.7,C,3.0,1.0,26.0,0.0,0.0,Mayor de 100 m,0.7,C,0.85,LITROS POR SEGUNDO,No se realiza,No,,MILIGRAMOS POR LITRO,,No aplica,2021-10-09,No aplica,2021-10-09,1.0,0.7,1.0,0.0,0.675,2
2021-09-24,,ABASTO DE AGUA DE LA  VEREDA DE SAN ISIDRO,199102,Colombia,"CUNDINAMARCA,TOPAIPÍ,SAN ISIDRO,PARTE BAJA",CUNDINAMARCA,TOPAIPÍ,"SAN ISIDRO,PARTE BAJA",5.333877,-74.253359,1321.0,,,1995.0,1.0,1.0,PARTE BAJA,GESTIÓN COMUNITARIA SAN ISIDRO,65.0,35.0,Programa Rural,,44000000.0,SI,NO,NO,NO,SI,SI,1.0,Quebrada,0.8,GALONES POR MINUTO,0.0,D,1,1.0,A,,,,,1.0,10000.0,LITROS,6.0,MESES,0.7,C,1.0,24.0,35.0,35.0,35.0,Mayor de 100 m,0.7,C,0.8,LITROS POR SEGUNDO,No se realiza,No,,MILIGRAMOS POR LITRO,,No aplica,2021-10-09,No aplica,2021-10-09,1.0,0.0,1.0,0.0,0.5,2
2021-10-08,,ABASTO DE AGUA  SECTOR B VEREDA PAQUILO,199105,Colombia,"CUNDINAMARCA,CABRERA,PAQUILLO,PARAMILLO",CUNDINAMARCA,CABRERA,"PAQUILLO,PARAMILLO",4.00029,-74.386,3125.5,Abasto de agua,,1998.0,2.0,1.0,"PARAMILLO, RAMAL LA ESCUELA PAQUILO",GESTION COMUNITARIA RAMAL LA ESCUELA Y PARAMILLO,113.0,24.0,Otros,12000000.0,40000000.0,SI,NO,NO,NO,NO,SI,1.0,Quebrada,0.05,LITROS POR SEGUNDO,1.0,A,1,1.0,A,,,,,1.0,25000.0,LITROS,3.0,MESES,0.85,B,1.0,24.0,24.0,24.0,24.0,Mayor de 100 m,0.7,C,0.05,LITROS POR SEGUNDO,No se realiza,No,,MILIGRAMOS POR LITRO,,No pasa,2021-10-10,No pasa,2021-10-10,1.0,0.8783,1.0,0.1,0.7446,2
2021-10-07,,ACUEDUCTO VEREDA ARIZONA,199134,Colombia,"CUNDINAMARCA,CHOCONTÁ,TILATA ARIZONA",CUNDINAMARCA,CHOCONTÁ,TILATA ARIZONA,5.041388,-73.688532,2986.0,199134,,1993.0,8.0,1.0,"ARIZONA EL MIRADOR DEL SISGA, EL PORTAL, LA CASETA, SECTOR LA ESCUELA, SECTOR LOS CISNES, SECTOR PARADOR, SECTOR PORTÓN DE OVEJAS, SECTOR TOSCANA","ASOCIACIÓN DE USUARIOS DEL ACUEDUCTO DE ARIZONA ""ASOACUARIZONA""",578.0,180.0,Otros,,150000000.0,SI,NO,NO,NO,NO,SI,1.0,Quebrada,2.0,LITROS POR SEGUNDO,1.0,A,3,1.0,A,1.0,Coagulación y Floculación,0.6,C,2.0,290000.0,LITROS,2.0,MESES,1.0,A,1.0,24.0,180.0,180.0,180.0,Mayor de 100 m,1.0,A,2.0,LITROS POR SEGUNDO,"Sí, y funciona","Sí, pero no de maner mayoritaria",,MILIGRAMOS POR LITRO,2021-10-07,No aplica,2021-10-11,No aplica,2021-10-11,1.0,1.0,1.0,0.8,0.95,2
2021-10-11,,ABASTO DE AGUA VEREDA LOS BOQUERONES,199136,Colombia,"CUNDINAMARCA,CHOCONTÁ,BOQUERON,SECTOR LA ESCUELA",CUNDINAMARCA,CHOCONTÁ,"BOQUERON,SECTOR LA ESCUELA",5.058503,-73.668065,2847.0,199136,,2001.0,3.0,1.0,"LA ESCUELA, SECTOR EL VIVERO, SECTOR SURALA",ASOCIACION DE USUARIOS DE ACUEDUCTO LOS BOQUERONES DE LA VEREDA BOQUERON ALTO Y BOQUERON BAJO DEL MUNICIPIO DE CHOCONTA CUNDINAMARCA,250.0,90.0,Programas del departamento,14000000.0,40000000.0,SI,NO,NO,NO,NO,SI,1.0,Quebrada,1.7,LITROS POR SEGUNDO,1.0,A,3,0.9,B,,,,,3.0,188000.0,LITROS,2.0,MESES,1.0,A,1.0,24.0,90.0,90.0,90.0,Mayor de 100 m,0.7,C,1.7,LITROS POR SEGUNDO,No se realiza,No,,MILIGRAMOS POR LITRO,,No pasa,2021-10-11,No pasa,2021-10-11,1.0,0.8909,0.4,0.1,0.5977,2
2021-09-21,,ABASTO DE AGUA -  SAN MIGUEL,199172,Colombia,"CUNDINAMARCA,ARBELÁEZ,San Miguel,PATIO BONITO",CUNDINAMARCA,ARBELÁEZ,"San Miguel,PATIO BONITO",4.25224,-74.40881,1544.2,,,2001.0,3.0,1.0,"LA LIMONA, LA VIRGEN, PATIO BONITO",ASOCIACION DE USUARIOS DEL ACUEDUCTO SAN MIGUEL PATIO BONITO SAN JUAQUIN,210.8181818181818,50.0,,1000000.0,,SI,NO,NO,NO,NO,SI,1.0,Quebrada,1.0,LITROS POR SEGUNDO,1.0,A,1,0.7,C,,,,,1.0,15000.0,LITROS,0.51,MESES,1.0,A,1.0,24.0,50.0,0.0,0.0,Mayor de 100 m,0.7,C,1.0,LITROS POR SEGUNDO,No se realiza,No,,MILIGRAMOS POR LITRO,,No pasa,2021-10-11,No pasa,2021-10-11,1.0,0.8367,0.8,0.275,0.7279,2
2021-09-22,,ABASTO DE AGUA - CONCESIÓN DE  AGUA DE BRASIL,199174,Colombia,"CUNDINAMARCA,VENECIA,SAGRADO CORAZON,EL BRASIL",CUNDINAMARCA,VENECIA,"SAGRADO CORAZON,EL BRASIL",4.08442,-74.47258,1778.1,,,2018.0,1.0,1.0,EL BRASIL,GESTIÓN COMUNITARIA LA TIGRERA EL BRASIL Y LA REGADERA DE LA VEREDA SAGRADO CORAZÓN,60.0,14.0,,2000000.0,,SI,NO,NO,NO,NO,SI,1.0,Ojo de agua o manantial,1.0,LITROS POR SEGUNDO,0.7,C,1,0.7,C,,,,,1.0,200.0,LITROS,12.0,MESES,0.55,C,1.0,24.0,14.0,0.0,0.0,Mayor de 100 m,0.7,C,1.0,LITROS POR SEGUNDO,No se realiza,No,,MILIGRAMOS POR LITRO,,No aplica,2021-10-11,No aplica,2021-10-11,0.0833,0.659,1.0,0.0,0.4356,2
2021-09-23,,ABASTO DE AGUA -  CONCESIÓN DE AGUA LA REGADERA,199176,Colombia,"CUNDINAMARCA,VENECIA,SAGRADO CORAZON,LA REGADERA",CUNDINAMARCA,VENECIA,"SAGRADO CORAZON,LA REGADERA",4.0872,-74.45891,1847.1,,,1986.0,1.0,1.0,LA REGADERA,GESTIÓN COMUNITARIA LA TIGRERA EL BRASIL Y LA REGADERA DE LA VEREDA SAGRADO CORAZÓN,55.0,11.0,,5000000.0,,SI,NO,NO,NO,SI,SI,1.0,Quebrada,2.0,LITROS POR SEGUNDO,1.0,A,1,0.7,C,,,,,1.0,5000.0,LITROS,6.0,MESES,0.7,C,1.0,24.0,11.0,0.0,0.0,Mayor de 100 m,0.7,C,2.0,LITROS POR SEGUNDO,No se realiza,No,,MILIGRAMOS POR LITRO,,No aplica,2021-10-11,No aplica,2021-10-11,1.0,0.7653,0.8,0.1,0.6663,2
2021-09-24,,ABASTO DE AGUA -  LA TIGRERA,199178,Colombia,"CUNDINAMARCA,VENECIA,SAGRADO CORAZON,LA TIGRERA",CUNDINAMARCA,VENECIA,"SAGRADO CORAZON,LA TIGRERA",4.061535,-74.48102,1810.1,,,2003.0,1.0,1.0,LA TIGRERA,GESTIÓN COMUNITARIA LA TIGRERA EL BRASIL Y LA REGADERA DE LA VEREDA SAGRADO CORAZÓN,28.0,7.0,,3000000.0,,SI,NO,NO,NO,NO,SI,1.0,Quebrada,0.55,LITROS POR SEGUNDO,0.7,C,1,0.7,C,,,,,1.0,0.0,LITROS,12.0,MESES,0.7,C,1.0,24.0,7.0,0.0,0.0,Mayor de 100 m,0.7,C,0.55,LITROS POR SEGUNDO,No se realiza,No,,MILIGRAMOS POR LITRO,,No aplica,2021-10-11,No aplica,2021-10-11,0.0,0.7,0.6,0.0,0.325,2
2021-10-06,,ABASTO DE AGUA -  LA CHORRERA,199180,Colombia,"CUNDINAMARCA,VENECIA,LA CHORRERA,LA CHORRERA",CUNDINAMARCA,VENECIA,"LA CHORRERA,LA CHORRERA",4.09675,-74.46946,1536.8,,,1987.0,1.0,1.0,LA CHORRERA,ASOCIACION DE USUARIOS DE LA CHORRERA,214.0,50.0,,1200000.0,35000000.0,SI,NO,NO,NO,SI,SI,1.0,Ojo de agua o manantial,0.5,LITROS POR SEGUNDO,0.7,C,1,0.7,C,,,,,1.0,60000.0,LITROS,1.02,MESES,1.0,A,1.0,24.0,50.0,38.0,38.0,Mayor de 100 m,1.0,A,0.5,LITROS POR SEGUNDO,No se realiza,No,,MILIGRAMOS POR LITRO,,No aplica,2021-10-11,No aplica,2021-10-11,1.0,0.8367,0.8,0.275,0.7279,2
2021-10-05,,ACUEDUCTO DE SERVICIOS PÚBLICOS DE MADRID E.S.P.,199228,Colombia,"CUNDINAMARCA,MADRID",CUNDINAMARCA,MADRID,,4.735147,-74.263333,2574.0,,,1996.0,11.0,1.0,"BARRIO BLANCO, BOYERO, LAS MERCEDES, SANTA CRUZ, SECTOR  ALTO, SECTOR  BAJO, SECTOR CAMELLONES, SECTOR CHAUTA BAJO, SECTOR LA ISLA, SECTOR PORVENIR, SECTOR PREDEGAL","EMPRESA DE ACUEDUCTO ,ALCANTARILLADO Y ASEO DE MADRID    E.AAA.M  E.S.P",2377.0,748.0,Otros,100000000.0,8000000000.0,NO,SI,NO,NO,SI,SI,4.0,Pozo Perforado,58.0,LITROS POR SEGUNDO,1.0,A,6,0.9,B,20.0,"Filtración lenta, Desinfección con cloro, Aireación (oxidación), Coagulación y Floculación, Filtración lenta, Sedimentación, Desinfección con cloro, Aireación (oxidación), Coagulación y Floculación, Filtración lenta, Sedimentación, Desinfección con cloro, Sedimentación, Filtración lenta, Coagulación y Floculación, Aireación (oxidación), Desinfección con cloro, Sedimentación, Coagulación y Floculación, Aireación (oxidación)",0.8575,B,3.0,1218500.0,LITROS,3.3333333333333335,MESES,0.8,B,4.0,24.0,748.0,748.0,748.0,Mayor de 100 m,1.0,A,58.0,LITROS POR SEGUNDO,"Sí, y funciona","Sí, de maner mayoritaria",1.3,MILIGRAMOS POR LITRO,2021-10-05,No aplica,2021-10-13,No aplica,2021-10-13,1.0,0.9212,0.9,1.0,0.9553,2
2021-10-27,,ABASTO PUBLICO DE AGUA VEREDA CORALES,199255,Colombia,"CUNDINAMARCA,GUATAVITA,Corales,CENTRO CORALES",CUNDINAMARCA,GUATAVITA,"Corales,CENTRO CORALES",4.88057,-73.79679,2979.6,,,1994.0,3.0,1.0,"ALTO DE LOS CHORROS, CENTRO CORALES, PUENTE SALAS",JUNTA ACUEDUCTO VEREDA CORALES,268.0,140.0,,56000000.0,,SI,NO,NO,NO,SI,SI,1.0,Quebrada,2.6,LITROS POR SEGUNDO,0.7,C,1,0.7,C,,,,,2.0,240000.0,LITROS,24.74,MESES,0.35,D,2.0,24.0,140.0,140.0,140.0,Mayor de 100 m,0.7,C,2.0,LITROS POR SEGUNDO,No se realiza,"Sí, de maner mayoritaria",,MILIGRAMOS POR LITRO,,No pasa,2021-10-17,No pasa,2021-10-17,1.0,0.5886,1.0,0.5,0.7722,2
2021-10-15,,SISTEMA DE ACUEDUCTO POTRERO LARGO,199260,Colombia,"CUNDINAMARCA,GUATAVITA,POTRERO LARGO,TRES ESQUINAS",CUNDINAMARCA,GUATAVITA,"POTRERO LARGO,TRES ESQUINAS",4.93622,-73.76946,2938.0,,,1989.0,4.0,1.0,"ALTO DE LAS CRUCES, ALTO DE LAS TORRES, LA COOPERATIVA, SECTOR CORTES",ASOCIACIÓN DE USUARIOS DEL ACUEDUCTO VEREDA POTRERO LARGO MUNICIPIO DE GUATAVITA,410.0,117.0,,25000000.0,,SI,NO,NO,NO,NO,SI,1.0,Quebrada,2.5,LITROS POR SEGUNDO,1.0,A,1,1.0,A,1.0,Desinfección con cloro,0.85,B,2.0,170000.0,LITROS,2.0,MESES,0.85,B,2.0,24.0,117.0,117.0,117.0,Mayor de 100 m,0.7,C,2.0,LITROS POR SEGUNDO,"Sí, y funciona","Sí, de maner mayoritaria",2.0,MILIGRAMOS POR LITRO,2021-11-17,No pasa,2021-10-17,No pasa,2021-10-17,1.0,0.8783,1.0,1.0,0.9696,2
2021-10-08,,ABASTO DE AGUA LA MESETA,199267,Colombia,"CUNDINAMARCA,CHOACHÍ,LA MESETA",CUNDINAMARCA,CHOACHÍ,LA MESETA,4.605508,-73.946621,2030.0,25181020,,2006.0,1.0,1.0,LA MESETA,ASOCIACIÓN DE ACUEDUCTO VEREDA LA MESETA,272.0,68.0,,30000000.0,1000000.0,SI,NO,NO,NO,SI,SI,1.0,Otras,0.6,LITROS POR SEGUNDO,0.0,D,1,0.7,C,,,,,1.0,4000.0,LITROS,2.0,MESES,1.0,A,4.0,24.0,68.0,68.0,68.0,Mayor de 100 m,1.0,A,0.6,LITROS POR SEGUNDO,No se realiza,"Sí, de maner mayoritaria",,MILIGRAMOS POR LITRO,,No aplica,2021-10-18,No aplica,2021-10-18,0.3676,0.0,1.0,0.5,0.4669,2
2021-09-23,,ABASTO DE AGUA LOS ARRAYANES,199268,Colombia,"CUNDINAMARCA,CÁQUEZA,ARRAYANES PARTE ALTA,UBATOQUE II",CUNDINAMARCA,CÁQUEZA,"ARRAYANES PARTE ALTA,UBATOQUE II",4.390029,-73.933577,2061.0,2515103601,,1991.0,2.0,1.0,"ARRAYANES PARTE ALTA, ARRAYANES PARTE MEDIA",ACUEDUCTO LOS ARRAYANES,296.0,74.0,Otros,20000000.0,10000000.0,SI,NO,NO,NO,SI,SI,1.0,Otras,5.0,METROS CÚBICOS POR SEGUNDO,0.0,D,1,1.0,A,,,,,1.0,200000.0,LITROS,3.0,MESES,0.85,B,2.0,11.0,74.0,44.0,20.0,Mayor de 100 m,1.0,A,5000.0,LITROS POR SEGUNDO,No se realiza,No,,MILIGRAMOS POR LITRO,,No pasa,2021-10-18,No pasa,2021-10-18,1.0,0.0,1.0,0.0,0.5,2
2021-09-23,,ABASTO DE AGUA SECTOR LAS MANAS,199270,Colombia,"CUNDINAMARCA,CÁQUEZA,SECTOR LAS MANAS,UBATOQUE II",CUNDINAMARCA,CÁQUEZA,"SECTOR LAS MANAS,UBATOQUE II",4.396206,-73.93102,1933.0,2515103603,,1986.0,3.0,1.0,"LAS MANAS, LAS MANAS PARTE MEDIA, UBATOQUE II PARTE BAJO",ACUEDUCTO SECTOR LAS MANAS,337.0,90.0,,20000000.0,1000000.0,SI,NO,NO,NO,SI,SI,1.0,Otras,4.0,METROS CÚBICOS POR SEGUNDO,0.0,D,1,1.0,A,,,,,2.0,100000.0,LITROS,2.0,MESES,1.0,A,3.0,24.0,90.0,0.0,0.0,Mayor de 100 m,1.0,A,4000.0,LITROS POR SEGUNDO,No se realiza,No,,MILIGRAMOS POR LITRO,,No pasa,2021-10-18,No pasa,2021-10-18,1.0,0.0,1.0,0.0,0.5,2
2021-09-24,,ABASTO DE AGUA VEREDA TAUSUTA II,199272,Colombia,"CUNDINAMARCA,CÁQUEZA,SECTOR LA ESTRELLA,TAUSUTA II",CUNDINAMARCA,CÁQUEZA,"SECTOR LA ESTRELLA,TAUSUTA II",4.396816,-73.923621,2027.0,2515103701,,1990.0,1.0,1.0,LA ESTRELLA,ASOCIACIÓN DE SUSCRIPTORES DEL ACUEDUCTO VEREDA TAUSUTA SEGUNDA,47.0,16.0,,13000000.0,4000000.0,SI,NO,NO,NO,NO,SI,1.0,Otras,0.5,METROS CÚBICOS POR SEGUNDO,1.0,A,1,1.0,A,,,,,1.0,5000.0,LITROS,2.0,MESES,0.85,B,2.0,24.0,16.0,0.0,0.0,Mayor de 100 m,1.0,A,0.03,LITROS POR SEGUNDO,No se realiza,No,,MILIGRAMOS POR LITRO,,No pasa,2021-10-18,No pasa,2021-10-18,1.0,0.9602,0.6,0.0,0.6401,2
2021-09-30,,ABASTO DE AGUA EL DIAMANTE,199275,Colombia,"CUNDINAMARCA,CÁQUEZA,EL CAMPIN,SECTOR MEDIO",CUNDINAMARCA,CÁQUEZA,"EL CAMPIN,SECTOR MEDIO",4.392873,-73.939284,1870.0,2515100405,,2006.0,5.0,1.0,"EL CAMPIN LA Y, EL CAMPIN MEDIO, EL CAMPIN PARTE ALTA, EL ESTADIO, EL PALMAR",ASOCIACIÓN DE USUARIOS ACUEDUCTO EL DIAMANTE,483.0,135.0,,20000000.0,40000000.0,SI,NO,NO,NO,SI,SI,1.0,Otras,0.6,LITROS POR SEGUNDO,1.0,A,1,1.0,A,,,,,1.0,20000.0,LITROS,0.51,MESES,1.0,A,5.0,8.0,135.0,0.0,0.0,Mayor de 100 m,1.0,A,0.6,LITROS POR SEGUNDO,No se realiza,No,,MILIGRAMOS POR LITRO,,No aplica,2021-10-18,No aplica,2021-10-18,1.0,1.0,1.0,0.0,0.75,2
2021-09-30,,ABASTO DE AGUA VEREDA RIONEGRO SUR ASUARINECA,199277,Colombia,"CUNDINAMARCA,CÁQUEZA,RIO NEGRO SUR,SECTOR EL RODADERO",CUNDINAMARCA,CÁQUEZA,"RIO NEGRO SUR,SECTOR EL RODADERO",4.410669,-73.948594,2021.0,2515102801,,1998.0,3.0,1.0,"EL CAUCHO, EL RODADERO, LA FLORESTA","ASOCIACIÓN DE USUARIOS DEL SERVICIO DE ACUEDUCTO DE LA VEREDA RIO NEGRO SUR CÁQUEZA ""ASUARINECA""",115.0,36.0,,120000000.0,44000000.0,SI,NO,NO,NO,NO,SI,1.0,Quebrada,0.8,LITROS POR SEGUNDO,0.0,D,2,1.0,A,,,,,3.0,30000.0,LITROS,2.0,MESES,1.0,A,3.0,24.0,36.0,0.0,0.0,Mayor de 100 m,1.0,A,0.05,LITROS POR SEGUNDO,No se realiza,"Sí, de maner mayoritaria",,MILIGRAMOS POR LITRO,,No pasa,2021-10-18,No pasa,2021-10-18,1.0,0.0,0.6,0.5,0.525,2
2021-10-06,,ABASTO DE AGUA UBATOQUE I Y EL CHUSCAL,199278,Colombia,"CUNDINAMARCA,CÁQUEZA,UBATOQUE 1,EL CHUSCAL",CUNDINAMARCA,CÁQUEZA,"UBATOQUE 1,EL CHUSCAL",4.375432,-73.924867,2247.0,2515103501,,1988.0,2.0,1.0,"EL CHUSCAL, UBATOQUE I ESCUELA",GESTIÓN COMUNITARIA UBATOQUE I Y EL CHUSCAL,131.0,37.0,,30000000.0,6000000.0,SI,NO,NO,NO,SI,SI,1.0,Otras,4.0,LITROS POR SEGUNDO,0.0,D,1,1.0,A,,,,,1.0,10000.0,LITROS,1.52,MESES,1.0,A,2.0,24.0,37.0,0.0,0.0,Mayor de 100 m,1.0,A,4.0,LITROS POR SEGUNDO,No se realiza,"Sí, de maner mayoritaria",,MILIGRAMOS POR LITRO,,No pasa,2021-10-18,No pasa,2021-10-18,1.0,0.0,1.0,0.5,0.625,2
2021-10-06,,ABASTO DE AGUA VEREDA PALO GRANDE,199280,Colombia,"CUNDINAMARCA,CÁQUEZA,PALO GRANDE,PARTE ALTA",CUNDINAMARCA,CÁQUEZA,"PALO GRANDE,PARTE ALTA",4.433234,-73.965553,2049.0,2515102201,,1968.0,3.0,1.0,"PALO GRANDE ESCUELA, PALO GRANDE PARTE ALTA, PALO GRANDE PARTE BAJA",ACUEDUCTO VEREDAL PALO GRANDE,167.0,50.0,,10000000.0,8000000.0,SI,NO,NO,NO,SI,SI,1.0,Otras,0.4,LITROS POR SEGUNDO,0.7,C,1,1.0,A,,,,,1.0,28000.0,LITROS,6.0,MESES,0.55,C,3.0,6.0,50.0,0.0,0.0,Mayor de 100 m,1.0,A,0.4,LITROS POR SEGUNDO,No se realiza,No,,MILIGRAMOS POR LITRO,,Sí pasa,2021-11-16,Sí pasa,2021-11-16,1.0,0.7877,1.0,0.0,0.6969,2
2021-10-06,,ABASTO DE AGUA EL UVAL,199281,Colombia,"CUNDINAMARCA,CÁQUEZA,SANTA ANA,PARTE BAJA",CUNDINAMARCA,CÁQUEZA,"SANTA ANA,PARTE BAJA",4.45384,-73.970688,2543.0,2515103101,,2013.0,3.0,1.0,"SANTA ANA ESCUELA, SANTA ANA LA Y, SANTA ANA PARTE BAJA",MINI ACUEDUCTO EL UVAL,268.0,67.0,,74000000.0,,SI,NO,NO,NO,SI,SI,1.0,Otras,1.5,LITROS POR SEGUNDO,0.0,D,1,1.0,A,,,,,1.0,68000.0,LITROS,12.37,MESES,0.2,D,3.0,2.0,67.0,0.0,0.0,Mayor de 100 m,1.0,A,1.5,LITROS POR SEGUNDO,No se realiza,No,,MILIGRAMOS POR LITRO,,No pasa,2021-10-18,No pasa,2021-10-18,1.0,0.0,0.6,0.425,0.5062,2
2021-10-08,,ABASTO DE AGUA RINCON GRANDE,199283,Colombia,"CUNDINAMARCA,CÁQUEZA,RINCON GRANDE,PARTE BAJA",CUNDINAMARCA,CÁQUEZA,"RINCON GRANDE,PARTE BAJA",4.446587,-73.975599,2308.0,2515102602,,1986.0,5.0,1.0,"LA FABRICA, RINCON GRANDE COLEGIO, RINCON GRANDE LA VIRGEN, RINCON GRANDE PARTE ALTA, RINCON GRANDE PARTE  BAJA",ACUEDUCTO RINCÓN GRANDE,431.0,115.0,,10000000.0,5000000.0,SI,NO,NO,NO,SI,SI,1.0,Otras,0.7,LITROS POR SEGUNDO,1.0,A,1,1.0,A,,,,,2.0,35000.0,LITROS,2.0,MESES,0.925,A,5.0,2.0,115.0,0.0,0.0,Mayor de 100 m,1.0,A,0.7,LITROS POR SEGUNDO,No se realiza,No,,MILIGRAMOS POR LITRO,,No pasa,2021-10-18,No pasa,2021-10-18,1.0,0.9807,0.8,0.0,0.6952,2
2021-09-16,,ABASTO DE AGUA EL PEDREGAL,199284,Colombia,"CUNDINAMARCA,UNE,EL PEDREGAL,EL PEDREGAL PARTE BAJA",CUNDINAMARCA,UNE,"EL PEDREGAL,EL PEDREGAL PARTE BAJA",4.396295,-74.048771,2406.0,2584501804,,1977.0,4.0,1.0,"EL PEDREGAL LA Y, EL PEDREGAL PARTE BAJA, EL PEDREGAL PARTE MEDIA, EL PEDREGAL SALON COMUNAL",ASOCIACIÓN DE USUARIOS ACUEDUCTO EL PEDREGAL ASUAPE,524.0,136.0,Otros,6000000.0,30000000.0,SI,NO,NO,NO,NO,SI,1.0,Otras,0.8,LITROS POR SEGUNDO,0.0,D,1,1.0,A,,,,,1.0,80000.0,LITROS,6.0,MESES,0.85,B,4.0,24.0,136.0,136.0,96.0,Mayor de 100 m,1.0,A,0.8,LITROS POR SEGUNDO,No se realiza,No,,MILIGRAMOS POR LITRO,,No aplica,2021-10-18,No aplica,2021-10-18,1.0,0.0,1.0,0.0,0.5,2
2021-10-12,,ACUEDUCTO MUNICIPAL BOJACA,199354,Colombia,"CUNDINAMARCA,BOJACÁ",CUNDINAMARCA,BOJACÁ,,4.731477,-74.339943,2626.0,,,2003.0,7.0,1.0,"BARROBLANCO, BOBACE, CORTES, FUTE, SAN ANTONIO, SANTA BARBARA, SECTOR BAJO CHUCUA",SECRETARIA DE SERVICIOS PUBLICOS BOJACA,691.0,244.0,Programas del departamento,180000000.0,130000000.0,SI,NO,NO,NO,SI,SI,2.0,Pozo Perforado,25.0,LITROS POR SEGUNDO,0.85,B,2,0.85,B,5.0,"Coagulación y Floculación, Filtración lenta, Sedimentación, Desinfección con cloro, Aireación (oxidación)",0.85,B,1.0,400000.0,LITROS,12.37,MESES,0.5,C,1.0,24.0,550.0,550.0,550.0,Mayor de 100 m,1.0,A,25.0,LITROS POR SEGUNDO,"Sí, y funciona","Sí, de maner mayoritaria",0.36,MILIGRAMOS POR LITRO,2021-10-12,No aplica,2021-10-19,No aplica,2021-10-19,1.0,0.7753,0.8,1.0,0.8938,2
2021-10-07,,ACUEDUCTO VEREDA SANTA BARBARA,199378,Colombia,"CUNDINAMARCA,BOJACÁ,SANTA BÁRBARA",CUNDINAMARCA,BOJACÁ,SANTA BÁRBARA,4.647497,-74.322767,2655.0,,,1997.0,1.0,1.0,SANTA BARBARA,SECRETARIA DE SERVICIOS PUBLICOS BOJACA,80.0,80.0,Otros,40000000.0,,NO,SI,NO,NO,SI,SI,1.0,Quebrada,2.5,LITROS POR SEGUNDO,0.4,C,1,0.7,C,4.0,"Filtración lenta, Sedimentación, Coagulación y Floculación, Desinfección con cloro",0.7,C,2.0,170000.0,LITROS,1.0,MESES,0.775,B,2.0,24.0,80.0,80.0,80.0,Mayor de 100 m,1.0,A,2.5,LITROS POR SEGUNDO,"Sí, y funciona","Sí, de maner mayoritaria",1.32,MILIGRAMOS POR LITRO,2021-10-07,No aplica,2021-10-20,No aplica,2021-10-20,1.0,0.6825,1.0,1.0,0.9206,2
2021-10-20,,ABASTO PUBLICO DE AGUA VEREDA GUANDITA - HATILLO,199411,Colombia,"CUNDINAMARCA,GUATAVITA,Guandita,ALTO DE GRANIZO",CUNDINAMARCA,GUATAVITA,"Guandita,ALTO DE GRANIZO",4.89931,-73.77297,3035.3,,,1998.0,10.0,1.0,"ALTO DE GRANIZO, BLUEBERRY, COOPERATIVA COPROLEC, CUARTO DE LOS GATOS, GAITAMA, GUANDITA CENTRO, HATILLO ALTO, SECTOR EL LLANO, SECTOR SUR, TIENDA LOS GATICOS",ASOCIACIÓN DE USUARIOS DEL ACUEDUCTO RURAL VEREDA GUANDITA - HATILLO,923.0,242.0,,19296000.0,40000000.0,SI,NO,NO,NO,NO,SI,2.0,Quebrada,3.0,LITROS POR SEGUNDO,0.7,C,1,1.0,A,,,,,4.0,321000.0,LITROS,3.0,MESES,0.775,B,4.0,24.0,242.0,242.0,242.0,Mayor de 100 m,0.925,A,2.8,LITROS POR SEGUNDO,No se realiza,"Sí, de maner mayoritaria",0.0,MILIGRAMOS POR LITRO,,No pasa,2021-10-24,No pasa,2021-10-24,1.0,0.8417,1.0,0.5,0.8354,2
2021-10-21,,ABASTO PUBLICO DE AGUA VEREDA CHOCHE Y SANTAMARIA,199423,Colombia,"CUNDINAMARCA,GUATAVITA,CHOCHE,LOS PINOS",CUNDINAMARCA,GUATAVITA,"CHOCHE,LOS PINOS",4.88349,-73.79956,2915.3,,,1990.0,5.0,1.0,"CARDONES, LA ESCUELA, LOS PINOS, PARTE BAJA, SAN JUAN",ASOCIACIÓN DE USUARIOS DEL ACUEDUCTO RURAL EL CHOCHE Y SANTAMARÍA,513.0,134.0,,15000000.0,,SI,NO,NO,NO,SI,NO,1.0,Quebrada,1.8,LITROS POR SEGUNDO,1.0,A,1,1.0,A,,,,,2.0,87500.0,LITROS,6.0,MESES,0.775,B,2.0,24.0,134.0,134.0,134.0,Mayor de 100 m,0.7,C,1.8,LITROS POR SEGUNDO,No se realiza,"Sí, de maner mayoritaria",,MILIGRAMOS POR LITRO,,Sí pasa,2021-11-17,Sí pasa,2021-11-17,1.0,0.8582,0.6,0.5,0.7396,2
2021-10-25,,ABASTO DE AGUA DE LA VEREDA LA TRINITA.,199483,Colombia,"CUNDINAMARCA,LA MESA,La Trinita,LA TRINITA 2",CUNDINAMARCA,LA MESA,"La Trinita,LA TRINITA 2",4.6428611,-74.495222222222,924.2,,,1998.0,4.0,1.0,"LA CONCHA ALTA, LA CONCHA BAJA, LATRINITA 2, PORVENIR",CORPORACIÓN AGUA VIVA DEL MUNICIPIO DE LA MESA,315.0,100.0,Otros,50000000.0,12000000.0,SI,SI,NO,NO,NO,SI,1.0,Ojo de agua o manantial,0.52,LITROS POR SEGUNDO,0.0,D,1,0.7,C,1.0,Sedimentación,0.7,C,1.0,32000.0,LITROS,49.47,MESES,0.35,D,4.0,3.0,100.0,0.0,0.0,Mayor de 100 m,0.7,C,0.52,LITROS POR SEGUNDO,No se realiza,No,,MILIGRAMOS POR LITRO,,No aplica,2021-10-25,No aplica,2021-10-25,1.0,0.0,0.8,0.35,0.5375,2
2021-10-19,,ACUEDUCTO VEREDAL ACUAZICAME,199484,Colombia,"CUNDINAMARCA,LA MESA,CAMPO SANTO,RAMAL",CUNDINAMARCA,LA MESA,"CAMPO SANTO,RAMAL",4.7147222,-74.399527777778,1844.2,,,1987.0,24.0,1.0,"CHUCURI, CRUZ O FARO, DOS SANTOS, EL RAMAL DE BENITEZ, EL RAMAL DE LOS FEOS, EL RAMAL DE RANGEL, GALPONES, GUARUMOS, LA CHATA, LOS ACOSTA, MANZANARES, MESITAS DE SANTA INES, MORRIZ, NARANJAL 2, NARANJAL BAJO, PRINCIPAL, RAMAL, REYES, SAN JOSE, SANTA BARBARA, TOLU, TOLU ALTO, TOLU BAJO, VIA EL PARAISO","ASOCIACION DE USUARIOS DEL ACUEDUCTO REGIONAL DE ZIPACON, CACHIPAY LA MESA ACUAZICAME",2786.0,871.0,Programa Rural,420000000.0,,SI,NO,NO,NO,NO,SI,1.0,Río,5.0,LITROS POR SEGUNDO,0.7,C,1,0.7,C,1.0,Desinfección con cloro,0.85,B,1.0,110000.0,LITROS,49.47,MESES,0.35,D,24.0,24.0,871.0,871.0,871.0,Mayor de 100 m,0.7125,B,5.0,LITROS POR SEGUNDO,"Sí, y funciona",No,1.2,MILIGRAMOS POR LITRO,2021-10-19,No aplica,2021-10-19,No aplica,2021-10-19,0.413,0.5912,1.0,0.925,0.7323,2
2021-10-23,,ACUEDUCTO VEREDA NOVOA,199553,Colombia,"CUNDINAMARCA,SUTATAUSA,NOVOA",CUNDINAMARCA,SUTATAUSA,NOVOA,5.225538,-73.859293,2952.0,,,1990.0,3.0,1.0,"LA ESCUELA, NOVOA CENTRO, SECTOR BAJO",ASOCIACIÓN DE USUARIOS DEL ACUEDUCTO RURAL NOVOA E.S.P,470.0,132.0,Otros,10000000.0,36000000.0,SI,NO,NO,NO,SI,SI,1.0,Ojo de agua o manantial,1.5,LITROS POR SEGUNDO,1.0,A,2,1.0,A,1.0,Coagulación y Floculación,0.6,C,1.0,32000.0,LITROS,1.02,MESES,1.0,A,1.0,24.0,132.0,132.0,132.0,Mayor de 100 m,1.0,A,1.5,LITROS POR SEGUNDO,"Sí, y funciona",No,0.7,MILIGRAMOS POR LITRO,2021-11-18,Sí pasa,2021-11-18,Sí pasa,2021-11-18,1.0,1.0,1.0,0.8,0.95,2
2021-10-23,,ABASTO DE AGUA VEREDAS OJO DE AGUA Y CHIPAQUIN,199555,Colombia,"CUNDINAMARCA,SUTATAUSA,OJO DE AGUA",CUNDINAMARCA,SUTATAUSA,OJO DE AGUA,5.24137,-73.891502,3045.0,,,1990.0,7.0,1.0,"EL PLAN, EL REMANSO, LA ESCUELA, LA LADRILLERA, LOS EUCALIPTOS, SECTOR BAJO, SECTOR CIPRES",ASOCIACIÓN DE USUARIOS DEL ACUEDUCTO VEREDAL DE OJO DE AGUA Y CHIPAQUIN,306.0,100.0,Otros,20000000.0,10000000.0,SI,NO,NO,NO,NO,SI,1.0,Ojo de agua o manantial,1.5,LITROS POR SEGUNDO,1.0,A,2,0.7,C,,,,,2.0,120000.0,LITROS,6.0,MESES,0.7,C,2.0,24.0,100.0,100.0,100.0,Mayor de 100 m,0.7,C,1.5,LITROS POR SEGUNDO,No se realiza,No,,MILIGRAMOS POR LITRO,,No pasa,2021-11-01,No pasa,2021-11-01,1.0,0.7653,1.0,0.1,0.7163,2
2021-10-19,,ABASTO DE AGUA - ASOBOSQUESITO,199559,Colombia,"CUNDINAMARCA,VENECIA,Q. GRANDE BAJA,LA PLAYA",CUNDINAMARCA,VENECIA,"Q. GRANDE BAJA,LA PLAYA",4.04986,-74.507298,1921.0,,,1996.0,1.0,1.0,LA PLAYA,ASOCIACION DE USUARIOS DEL ACUEDUCTO ASOBOSQUESITO,260.0,60.0,,15000000.0,36000000.0,SI,NO,NO,NO,NO,SI,1.0,Fuente,1.0,LITROS POR SEGUNDO,0.4,C,1,0.7,C,,,,,1.0,5000.0,LITROS,2.0,MESES,1.0,A,1.0,24.0,60.0,0.0,0.0,Mayor de 100 m,0.7,C,1.0,LITROS POR SEGUNDO,No se realiza,No,,MILIGRAMOS POR LITRO,,No aplica,2021-11-01,No aplica,2021-11-01,0.4809,0.6654,0.8,0.275,0.5553,2
2021-10-20,,ABASTO DE AGUA - EL SILENCIO,199560,Colombia,"CUNDINAMARCA,VENECIA,Q. GRANDE BAJA,EL SILENCIO",CUNDINAMARCA,VENECIA,"Q. GRANDE BAJA,EL SILENCIO",4.0501,-74.5049,1955.7,,,1957.0,1.0,1.0,EL SILENCIO,JUNTA DE ACUEDUCTO EL SILENCIO,171.0,45.0,,500000.0,,SI,NO,NO,NO,NO,SI,1.0,Ojo de agua o manantial,0.51,LITROS POR SEGUNDO,0.7,C,1,0.7,C,,,,,2.0,77000.0,LITROS,1.02,MESES,0.925,A,1.0,1.0,45.0,0.0,0.0,Mayor de 100 m,1.0,A,0.51,LITROS POR SEGUNDO,No se realiza,No,,MILIGRAMOS POR LITRO,,No aplica,2021-11-01,No aplica,2021-11-01,1.0,0.8205,0.8,0.0,0.6551,2
2021-10-20,,ABASTO DE AGUA - QUEBRADA GRANDE ALTA,199561,Colombia,"CUNDINAMARCA,VENECIA,Q. GRANDE ALTA,QUEBRADA GRANDE ALTA",CUNDINAMARCA,VENECIA,"Q. GRANDE ALTA,QUEBRADA GRANDE ALTA",4.04958,-74.49811,2286.6,,,2003.0,1.0,1.0,QUEBRADA GRANDE ALTA,ACUEDUCTO QUEBRADA GRANDE ALTA,149.0,35.0,,4500000.0,,SI,NO,NO,NO,NO,SI,1.0,Ojo de agua o manantial,0.5,LITROS POR SEGUNDO,0.7,C,1,0.4,C,,,,,2.0,90594.0,LITROS,2.0,MESES,0.85,B,1.0,24.0,35.0,0.0,0.0,Mayor de 100 m,0.0,D,0.03,LITROS POR SEGUNDO,No se realiza,No,,MILIGRAMOS POR LITRO,,No aplica,2021-11-01,No aplica,2021-11-01,1.0,0.0,1.0,0.275,0.5687,2
2021-10-21,,ABASTO DE AGUA - AGUA LINDA,199562,Colombia,"CUNDINAMARCA,VENECIA,LA REFORMA,AGUA LINDA",CUNDINAMARCA,VENECIA,"LA REFORMA,AGUA LINDA",4.04826,-74.50827,1895.9,,,1961.0,1.0,,AGUA LINDA,,,,,500000.0,,SI,NO,NO,NO,NO,SI,1.0,Ojo de agua o manantial,0.56,LITROS POR SEGUNDO,0.7,C,1,0.7,C,,,,,1.0,36000.0,LITROS,0.51,MESES,0.85,B,1.0,24.0,40.0,0.0,0.0,Mayor de 100 m,0.7,C,0.56,LITROS POR SEGUNDO,No se realiza,No,,MILIGRAMOS POR LITRO,,No aplica,2021-11-01,No aplica,2021-11-01,0.0,0.7348,0.8,0.275,0.4525,2
2021-10-26,,ABASTO DE AGUA - EL DIAMANTE,199563,Colombia,"CUNDINAMARCA,VENECIA,DIAMANTE,DIAMANTE",CUNDINAMARCA,VENECIA,"DIAMANTE,DIAMANTE",4.08609,-74.4646,1756.7,,,1990.0,2.0,1.0,"EL DIAMANTE, LA ELVA",ASOCIACION DE USUARIOS DEL ABASTO  EL DIAMANTE,268.0,70.0,,2000000.0,4000000.0,SI,NO,NO,NO,NO,SI,2.0,Ojo de agua o manantial,1.5,LITROS POR SEGUNDO,0.4,C,1,0.7,C,,,,,2.0,76100.0,LITROS,2.0,MESES,0.7,C,1.0,24.0,70.0,0.0,0.0,Mayor de 100 m,0.4,C,1.5,LITROS POR SEGUNDO,No se realiza,No,,MILIGRAMOS POR LITRO,,No aplica,2021-11-01,No aplica,2021-11-01,1.0,0.5292,0.6,0.2,0.5823,2
2021-10-28,,ABASTO DE AGUA -  PUEBLO VIEJO .,199564,Colombia,"CUNDINAMARCA,CABRERA,PUEBLO VIEJO,ALTO DE LA MULA",CUNDINAMARCA,CABRERA,"PUEBLO VIEJO,ALTO DE LA MULA",3.95827,-74.3933,2477.0,,,2001.0,1.0,1.0,ALTO DE LA MULA,GESTION COMUNITARIA  PUEBLO VIEJO DE CABRERA,79.0,20.0,Programa Rural,7000000.0,,SI,NO,NO,NO,SI,SI,1.0,Quebrada,1.3,LITROS POR SEGUNDO,0.4,C,1,0.7,C,,,,,1.0,200.0,LITROS,1.02,MESES,0.7,C,1.0,24.0,20.0,0.0,0.0,Mayor de 100 m,0.7,C,1.3,LITROS POR SEGUNDO,No se realiza,No,,MILIGRAMOS POR LITRO,,No aplica,2021-11-01,No aplica,2021-11-01,0.0633,0.6086,0.8,0.0,0.368,2
2021-10-29,,ABASTO DE AGUA - ABASTO DE AGUA APOSENTOS,199565,Colombia,"CUNDINAMARCA,VENECIA,APOSENTOS,EL BARRIO",CUNDINAMARCA,VENECIA,"APOSENTOS,EL BARRIO",4.02817,-74.51288,1944.0,,,1981.0,1.0,1.0,LA VIA,ASOCIACION DE USUARIOS DEL ACUEDUCTO VEREDAL APOSENTOS,180.0,45.0,Otros,1500000.0,340000.0,SI,NO,NO,NO,NO,SI,1.0,Quebrada,1.5,LITROS POR SEGUNDO,0.7,C,1,0.7,C,,,,,2.0,27625.0,LITROS,6.0,MESES,0.7,C,1.0,24.0,94.0,0.0,0.0,Mayor de 100 m,0.7,C,1.5,LITROS POR SEGUNDO,No se realiza,No,,MILIGRAMOS POR LITRO,,No aplica,2021-11-01,No aplica,2021-11-01,1.0,0.7,0.6,0.2,0.625,2
2021-10-30,,ABASTO DE AGUA - LA PLAYA DE CABRERA,199566,Colombia,"CUNDINAMARCA,CABRERA,LA PLAYA,LA PLAYA",CUNDINAMARCA,CABRERA,"LA PLAYA,LA PLAYA",4.06932,-74.50598,1836.0,,,1981.0,2.0,1.0,"LA PALMA, LA PLAYA",GESTION COMUNITARIA LA PLAYA DE CABRERA,113.0,26.0,,3000000.0,,SI,NO,NO,NO,NO,SI,1.0,Quebrada,2.0,LITROS POR SEGUNDO,0.7,C,1,0.7,C,,,,,1.0,9000.0,LITROS,12.0,MESES,0.55,C,1.0,24.0,26.0,0.0,0.0,Mayor de 100 m,0.4,C,2.0,LITROS POR SEGUNDO,No se realiza,No,,MILIGRAMOS POR LITRO,,No aplica,2021-11-01,No aplica,2021-11-01,1.0,0.573,0.6,0.425,0.6495,2
2021-10-23,,ACUEDUCTO VEREDA CONCUBITA,199627,Colombia,"CUNDINAMARCA,SUTATAUSA,CONCUBITA",CUNDINAMARCA,SUTATAUSA,CONCUBITA,5.212315,-73.870238,2952.0,,,1984.0,3.0,1.0,"EL ESPINO, LA CARBONERA, SECTOR LA ESCUELA",ASOCIACIÓN DE USUARIOS DEL ACUEDUCTO VEREDA CONCUBITA,634.0,180.0,Otros,50000000.0,70000000.0,SI,NO,NO,NO,NO,SI,1.0,Ojo de agua o manantial,1.5,LITROS POR SEGUNDO,1.0,A,1,1.0,A,1.0,Coagulación y Floculación,0.85,B,2.0,112000.0,LITROS,1.02,MESES,1.0,A,1.0,24.0,180.0,180.0,180.0,Mayor de 100 m,1.0,A,1.5,LITROS POR SEGUNDO,"Sí, y funciona",No,0.5,MILIGRAMOS POR LITRO,2021-11-18,Sí pasa,2021-11-18,Sí pasa,2021-11-18,1.0,1.0,0.8,0.925,0.9312,2
2021-10-28,,ABASTO PUBLICO DE AGUA VEREDA MONQUETIVA,199637,Colombia,"CUNDINAMARCA,GUATAVITA,MONQUETIVA,MONQUETIVA ALTA",CUNDINAMARCA,GUATAVITA,"MONQUETIVA,MONQUETIVA ALTA",4.90254,-73.7256,2927.2,,,1982.0,3.0,1.0,"COOPERATIVA COLEGA, MONQUETIVA PARTE  ALTA, SECTOR TRUCHERA",ASOCIACIÓN DE USUARIOS DEL ACUEDUCTO RURAL DE LA VEREDA MONQUETIVA - GUATAVITA,156.0,37.0,Otros,25000000.0,,SI,NO,NO,NO,SI,SI,1.0,Quebrada,1.8,LITROS POR SEGUNDO,0.7,C,1,1.0,A,,,,,3.0,28500.0,LITROS,2.3333333333333335,MESES,0.75,B,3.0,24.0,37.0,0.0,0.0,Mayor de 100 m,0.7,C,2.8,LITROS POR SEGUNDO,No se realiza,"Sí, de maner mayoritaria",,MILIGRAMOS POR LITRO,,No pasa,2021-11-03,No pasa,2021-11-03,1.0,0.7786,1.0,0.5,0.8196,2
2021-10-19,,ABASTO DE AGUA DE LA VEREDA SAN ISIDRO Y CHIRRIPAY,199683,Colombia,"CUNDINAMARCA,YACOPÍ,SAN ISIDRO",CUNDINAMARCA,YACOPÍ,SAN ISIDRO,5.2431011,-74.1937407,1412.0,,,1980.0,2.0,1.0,"CHIRRIPAY, SAN ISIDRO",ACUEDUCTO VEREDAL SAN ISIDRO Y CHIRRIPAY,92.0,32.0,Programa Rural,,,SI,NO,NO,NO,SI,SI,1.0,Ojo de agua o manantial,0.85,LITROS POR SEGUNDO,0.4,C,1,0.7,C,,,,,2.0,70000.0,LITROS,6.685,MESES,0.675,C,1.0,24.0,32.0,0.0,0.0,Mayor de 100 m,0.4,C,0.85,LITROS POR SEGUNDO,No se realiza,No,,MILIGRAMOS POR LITRO,,No aplica,2021-11-04,No aplica,2021-11-04,1.0,0.5244,1.0,0.0,0.6311,2
2021-10-30,,ABASTO DE AGUA VEREDA PEDREGAL,199715,Colombia,"CUNDINAMARCA,SUTATAUSA,PEDREGAL",CUNDINAMARCA,SUTATAUSA,PEDREGAL,5.239398,-73.897527,3270.0,,,1984.0,5.0,1.0,"EL AYUELO, EL PUENTE, LA CANCHA, LA ESCUELA, LA TOMASA",ASOCIACIÓN DE USUARIOS DE LA VEREDA PEDREGAL,153.0,50.0,,10000000.0,50000000.0,SI,NO,NO,NO,NO,SI,1.0,Quebrada,2.0,LITROS POR SEGUNDO,1.0,A,2,1.0,A,,,,,2.0,70000.0,LITROS,1.02,MESES,1.0,A,1.0,10.0,50.0,50.0,50.0,Mayor de 100 m,1.0,A,2.0,LITROS POR SEGUNDO,No se realiza,No,,MILIGRAMOS POR LITRO,,No pasa,2021-11-04,No pasa,2021-11-18,1.0,1.0,1.0,0.1,0.775,2
2021-10-21,,ABASTO DE AGUA LAGUNA NEGRA LA CHAPA,199741,Colombia,"CUNDINAMARCA,CÁQUEZA,LA CHAPA,LAGUNA NEGRA",CUNDINAMARCA,CÁQUEZA,"LA CHAPA,LAGUNA NEGRA",4.408778,-73.956442,2310.0,2515101401,,1982.0,3.0,1.0,"ESCUELA LA CHAPA, LAGUNA NEGRA, LAS TORRES",GESTIÓN COMUNITARIA ACUEDUCTO LAGUNA NEGRA,262.0,70.0,,5000000.0,5000000.0,SI,NO,NO,NO,SI,SI,1.0,Otras,0.6,LITROS POR SEGUNDO,0.0,D,1,1.0,A,,,,,2.0,100000.0,LITROS,6.0,MESES,0.85,B,3.0,24.0,70.0,0.0,0.0,Mayor de 100 m,1.0,A,0.6,LITROS POR SEGUNDO,No se realiza,No,,MILIGRAMOS POR LITRO,,No pasa,2021-11-04,No pasa,2021-11-04,1.0,0.0,0.6,0.0,0.4,2
2021-10-22,,ABASTO DE AGUA AGUA PARAMO,199742,Colombia,"CUNDINAMARCA,CÁQUEZA,EL PARAMO,LA MESA",CUNDINAMARCA,CÁQUEZA,"EL PARAMO,LA MESA",4.405473,-73.955793,2000.0,2515100603,,2005.0,3.0,1.0,"EL PARAMO PARTE BAJA, ESCUELA EL PARAMO, LA MESA",ACUEDUCTO AGUAS PARAMO,151.0,50.0,,60000000.0,,SI,NO,NO,NO,SI,SI,1.0,Otras,0.7,LITROS POR SEGUNDO,0.0,D,1,1.0,A,,,,,1.0,20000.0,LITROS,6.0,MESES,0.7,C,3.0,24.0,50.0,0.0,0.0,Mayor de 100 m,1.0,A,0.7,LITROS POR SEGUNDO,No se realiza,"Sí, de maner mayoritaria",,MILIGRAMOS POR LITRO,,No pasa,2021-11-04,No pasa,2021-11-04,1.0,0.0,1.0,0.5,0.625,2
2021-10-30,,ACUEDUCTO VEREDA PALACIO,199746,Colombia,"CUNDINAMARCA,SUTATAUSA,PALACIO",CUNDINAMARCA,SUTATAUSA,PALACIO,5.258337,-73.829423,2697.0,,,1992.0,3.0,1.0,"BELLAVUE, LA ESCUELA, LA LUPITA",ASOCIACIÓN DE USUARIOS DEL ACUEDUCTO PALACIO,758.0,246.0,Otros,50000000.0,120000000.0,SI,NO,NO,NO,NO,SI,1.0,Quebrada,2.0,LITROS POR SEGUNDO,1.0,A,6,0.95,A,1.0,Coagulación y Floculación,0.85,B,7.0,250000.0,LITROS,1.02,MESES,0.9571429,A,1.0,24.0,246.0,246.0,246.0,Mayor de 100 m,0.7,C,2.0,LITROS POR SEGUNDO,"Sí, y funciona",No,0.5,MILIGRAMOS POR LITRO,2021-11-18,Sí pasa,2021-11-18,Sí pasa,2021-11-18,1.0,0.8932,0.8,0.925,0.9045,2
2021-10-22,,ABASTO DE AGUA SAN VICENTE,199747,Colombia,"CUNDINAMARCA,CÁQUEZA,SAN VICENTE,SAN VICENTE BAJO",CUNDINAMARCA,CÁQUEZA,"SAN VICENTE,SAN VICENTE BAJO",4.366086,-73.913216,2416.0,2515103002,,2019.0,3.0,1.0,"ESCUELA SAN VICENTE, SAN VICENTE ALTO, SAN VICENTE BAJO",GESTIÓN COMUNITARIA VEREDA SAN VICENTE,94.0,32.0,,4000000.0,,SI,NO,NO,NO,NO,NO,1.0,Otras,0.4,LITROS POR SEGUNDO,0.0,D,1,1.0,A,,,,,1.0,1000.0,LITROS,6.0,MESES,0.85,B,3.0,24.0,32.0,0.0,0.0,Mayor de 100 m,1.0,A,0.4,LITROS POR SEGUNDO,No se realiza,"Sí, de maner mayoritaria",,MILIGRAMOS POR LITRO,,No pasa,2021-11-04,No pasa,2021-11-04,0.2658,0.0,0.4,0.5,0.2914,2
2021-10-28,,ACUEDUCTO QUEBRADA HONDA,199748,Colombia,"CUNDINAMARCA,VILLETA,QDA HONDA",CUNDINAMARCA,VILLETA,QDA HONDA,5.028012,-74.521665,1564.0,,,1972.0,3.0,1.0,"PRIMER SECTOR, SEGUNDO SECTOR, TERCER SECTOR",ASOCIACION SIN ANIMO DE LUCRO  ACUEDUCTO VEREDA QUEBRADA HONDA,807.0,271.0,Otros,5000.0,30000000.0,SI,NO,NO,NO,SI,SI,1.0,Quebrada,1.23,LITROS POR SEGUNDO,1.0,A,1,1.0,A,,,,,3.0,140000.0,LITROS,6.0,MESES,0.7,C,3.0,12.0,271.0,271.0,271.0,Mayor de 100 m,0.7,C,1.23,LITROS POR SEGUNDO,No se realiza,"Sí, de maner mayoritaria",0.0,MILIGRAMOS POR LITRO,2021-11-24,No pasa,2021-11-04,No aplica,2021-11-04,1.0,0.8367,0.8,0.5,0.7842,2
2021-10-21,,ACUEDUCTO VEREDA BALSAL,199749,Colombia,"CUNDINAMARCA,VILLETA,BALSAL",CUNDINAMARCA,VILLETA,BALSAL,4.9962074,-74.461968,664.0,,,,2.0,1.0,"BALSAL CENTRO, BRISAS DEL PALMAR",ASOCIACION DE USUARIOS DEL ACUEDUCTO DE LA VEREDA EL BALSAL,345.0,100.0,Otros,7000000.0,16000000.0,SI,NO,NO,NO,SI,SI,1.0,Ojo de agua o manantial,0.8,LITROS POR SEGUNDO,0.7,C,1,0.7,C,,,,,10.0,102075.7,LITROS,6.0,MESES,0.7,C,3.0,24.0,100.0,100.0,100.0,Mayor de 100 m,0.7,C,0.8,LITROS POR SEGUNDO,No se realiza,"Sí, de maner mayoritaria",,MILIGRAMOS POR LITRO,,No pasa,2021-11-04,No pasa,2021-11-04,1.0,0.7,0.8,0.5,0.75,2
2021-10-21,,ACUEDUCTO VEREDA MANI,199750,Colombia,"CUNDINAMARCA,VILLETA,MANI",CUNDINAMARCA,VILLETA,MANI,5.018232,-74.443213,1018.0,,,1998.0,5.0,1.0,"CARRETERA ALTO DE PAJAS, FAMILIA MAHECHA, GALPONES, MANI BAJO, MANI CENTRO",JUNTA DE ACCION COMUAL VEREDA MANI VILLETA,387.0,100.0,Otros,75000000.0,36000000.0,SI,NO,NO,NO,NO,SI,1.0,Quebrada,1.86,LITROS POR SEGUNDO,0.7,C,1,0.7,C,,,,,5.0,40000.0,LITROS,0.0,MESES,0.35,D,1.0,24.0,100.0,0.0,0.0,Mayor de 100 m,0.7,C,1.8,LITROS POR SEGUNDO,No se realiza,No,,MILIGRAMOS POR LITRO,,No pasa,2021-11-04,No aplica,2021-11-04,1.0,0.5886,0.8,0.25,0.6597,2
2021-10-28,,ACUEDUCTO HACIENDA NARANJAL,199751,Colombia,"CUNDINAMARCA,VILLETA,NARANJAL",CUNDINAMARCA,VILLETA,NARANJAL,5.049833,-74.455975,700.0,,,2017.0,1.0,1.0,CONDOMINIO HACIENDA NARANJAL,EMPRESA DE SERVICIOS PUBLICOS DOMICILIARIOS HACIENDA NARANJAL SAS ESP,150.0,22.0,Otros,140000000.0,,SI,NO,NO,NO,SI,SI,1.0,Río,0.82,LITROS POR SEGUNDO,0.0,D,1,1.0,A,3.0,"Filtración lenta, Sedimentación, Desinfección con cloro",1.0,A,4.0,80000.0,LITROS,1.0,MESES,1.0,A,1.0,24.0,22.0,22.0,22.0,Mayor de 100 m,1.0,A,0.82,LITROS POR SEGUNDO,"Sí, y funciona","Sí, de maner mayoritaria",0.2,MILIGRAMOS POR LITRO,2021-11-19,No pasa,2021-11-04,No pasa,2021-11-04,1.0,0.0,0.6,1.0,0.65,2
2021-10-14,,ACUEDUCTO VEREDA PAYANDE ALTO,199752,Colombia,"CUNDINAMARCA,VILLETA,PAYANDE,PAYANDE ALTO",CUNDINAMARCA,VILLETA,"PAYANDE,PAYANDE ALTO",5.00211,-74.518842,1481.0,,,1998.0,1.0,1.0,PAYANDE ALTO,ASOCIACION DE SUSCRIPTORES DEL SERVICIO DE ACUEDUCTO DE LA VEREDA PAYANDE ALTO VILLETA,60.0,60.0,Otros,5000000.0,,SI,NO,NO,NO,SI,SI,1.0,Ojo de agua o manantial,0.78,LITROS POR SEGUNDO,0.7,C,1,0.7,C,,,,,1.0,20000.0,LITROS,6.0,MESES,0.7,C,1.0,0.5,60.0,60.0,60.0,Mayor de 100 m,0.7,C,0.78,LITROS POR SEGUNDO,No se realiza,No,,MILIGRAMOS POR LITRO,,No pasa,2021-11-24,No pasa,2021-11-04,1.0,0.7,0.8,0.25,0.6875,2
2021-10-14,,ACUEDUCTO VEREDA LA MASATA,199753,Colombia,"CUNDINAMARCA,VILLETA,LA MASATA",CUNDINAMARCA,VILLETA,LA MASATA,5.02287,-74.48724,1147.0,,,1970.0,11.0,1.0,"ATRAS DE OFICINA, CARRETERA, CARRETERA 96, CAYUNDA, CAYUNDA ALTO, EL DIAMANTE, LA ESCUELA, LA LORENA, MASATA CENTRO, ROUND POINT, TOTUMOS",ASOCIACIÓN DE SUSCRIPTORES DEL SERVICIO DE ACUEDUCTO DE LA MASATA VILLETA,1268.0,429.0,Otros,30000000.0,93000000.0,SI,NO,NO,NO,NO,SI,1.0,Quebrada,2.13,LITROS POR SEGUNDO,0.7,C,5,0.7,C,,,,,5.0,750000.0,LITROS,2.0,MESES,0.88,B,5.0,12.0,429.0,429.0,429.0,Mayor de 100 m,0.76,B,2.13,LITROS POR SEGUNDO,No se realiza,"Sí, de maner mayoritaria",,MILIGRAMOS POR LITRO,,No pasa,2021-11-04,No pasa,2021-11-04,1.0,0.7566,0.8,0.5,0.7642,2
2021-10-14,,ACUEDUCTO VEREDA PAYANDE CENTRO,199754,Colombia,"CUNDINAMARCA,VILLETA,PAYANDE",CUNDINAMARCA,VILLETA,PAYANDE,5.00389,-74.50906,1156.0,,,1991.0,1.0,1.0,PAYANDE CENTRO,ASOCIACION DE AFILIADOS DEL SERVICIO DE ACUEDUCTO DE LA VEREDA PAYANDE  CENTRO,50.0,50.0,Otros,20000000.0,,SI,NO,NO,NO,NO,SI,1.0,Quebrada,1.4,LITROS POR SEGUNDO,0.7,C,1,0.7,C,,,,,1.0,25000.0,LITROS,6.0,MESES,0.7,C,2.0,0.625,50.0,50.0,50.0,Mayor de 100 m,0.7,C,1.4,LITROS POR SEGUNDO,No se realiza,No,0.0,MILIGRAMOS POR LITRO,2021-11-24,No pasa,2021-11-04,No aplica,2021-11-04,1.0,0.7,0.8,0.425,0.7312,2
2021-11-04,,ACUEDUCTO FERNANDO SALASAR Y VEREDA RIO DULCE,199760,Colombia,"CUNDINAMARCA,VILLETA,RÍO DULCE",CUNDINAMARCA,VILLETA,RÍO DULCE,4.99862,-74.47393,867.0,,,1997.0,2.0,1.0,"RIO DULCE ALTO, RIO DULCE MEDIO",ASOCIACIÓN DE USUARIOS ACUEDUCTO FERNANDO SALAZAR Y VEREDA RIO DULCE,805.0,328.0,Otros,20000000.0,250000000.0,SI,NO,NO,NO,SI,SI,1.0,Quebrada,13.2,LITROS POR SEGUNDO,1.0,A,1,1.0,A,5.0,"Coagulación y Floculación, Aireación (oxidación), Desinfección con cloro, Filtración lenta, Sedimentación",0.975,A,4.0,370000.0,LITROS,6.0,MESES,0.7,C,4.0,24.0,328.0,328.0,328.0,Mayor de 100 m,0.7,C,13.2,LITROS POR SEGUNDO,"Sí, y funciona","Sí, de maner mayoritaria",0.7,MILIGRAMOS POR LITRO,2021-11-24,Sí pasa,2021-11-24,Sí pasa,2021-11-24,1.0,0.8367,0.8,1.0,0.9092,2
2021-11-04,,ACUEDUCTO VEREDA CHORRILLO,199761,Colombia,"CUNDINAMARCA,VILLETA,CHORRILLO,CHORRILLO",CUNDINAMARCA,VILLETA,"CHORRILLO,CHORRILLO",5.011,-74.529,1576.0,,,1987.0,1.0,1.0,CHORRILLO,ASOCIACION DE USUARIOS DEL ACUEDUCTO  DE LA VEREDA    CHORRILLO,327.0,78.0,"Otros, Otros",450000.0,40000000.0,SI,NO,NO,NO,SI,NO,1.0,Quebrada,0.6,LITROS POR SEGUNDO,0.7,C,1,0.7,C,,,,,3.0,40000.0,LITROS,6.0,MESES,0.85,B,3.0,18.0,78.0,78.0,78.0,Mayor de 100 m,0.7,C,0.6,LITROS POR SEGUNDO,No se realiza,"Sí, de maner mayoritaria",,MILIGRAMOS POR LITRO,,No pasa,2021-11-05,No pasa,2021-11-05,1.0,0.7348,0.8,0.5,0.7587,2
2021-10-25,,"ABASTO DE AGUA DE LAS VEREDAS SAN JUAN, BERMEJAL, HONDURAS, PARAISO Y SUARAZ",199764,Colombia,"CUNDINAMARCA,TOPAIPÍ,HONDURAS PARAISO",CUNDINAMARCA,TOPAIPÍ,HONDURAS PARAISO,5.385833,-74.25757,1376.0,,,1997.0,6.0,1.0,"BERMEJAL PARTE ALTA, EL  TRIUNFO, HONDURAS  PARAISO, PALMARITO, PARTE BAJA, SAN JUAN","JUNTA DE USUARIOS DE ACUEDUCTO VEREDAS SAN JUAN, BERMEJAL, HONDURAS Y SUARAZ",95.86507936507937,48.0,Programa Rural,,,SI,NO,NO,NO,SI,SI,1.0,Quebrada,1.1,LITROS POR SEGUNDO,0.7,C,1,0.7,C,,,,,5.0,176000.0,LITROS,12.37,MESES,0.35,D,6.0,24.0,48.0,0.0,0.0,Mayor de 100 m,0.7,C,1.1,LITROS POR SEGUNDO,No se realiza,No,,MILIGRAMOS POR LITRO,,No aplica,2021-11-05,No aplica,2021-11-05,1.0,0.5886,1.0,0.0,0.6472,2
2021-10-21,,ABASTO DE AGUA VEREDA LA BRUJA,199769,Colombia,"CUNDINAMARCA,PACHO,LA BRUJA",CUNDINAMARCA,PACHO,LA BRUJA,5.218935,-74.284421,1359.0,,,1990.0,1.0,1.0,LA BRUJA,ASOCIACION DE SUSCRIPTORES DEL ACUEDUCTO VEREDA LA BRUJA,134.0,47.0,Otros,,44000000.0,SI,NO,NO,NO,NO,SI,1.0,Ojo de agua o manantial,0.6,LITROS POR SEGUNDO,0.4,C,1,1.0,A,,,,,1.0,25000.0,LITROS,3.0,MESES,0.7,C,1.0,24.0,47.0,47.0,33.0,Mayor de 100 m,0.7,C,0.6,LITROS POR SEGUNDO,No se realiza,No,,MILIGRAMOS POR LITRO,,No aplica,2021-11-05,No aplica,2021-11-05,1.0,0.6654,0.8,0.0,0.6163,2
2021-10-22,,ABASTO DE AGUA EL ARRAYANAL,199772,Colombia,"CUNDINAMARCA,PACHO,LA HOYA",CUNDINAMARCA,PACHO,LA HOYA,5.221886,-74.231241,1695.0,,,1990.0,8.0,1.0,"GUAYACAN, LA CUESTA, LA HOYA, LA LAGUNA, LA PERRERA, LLANO LA CUESTA, PAN DE AZUCAR PARTE ALTA, SAN JERONIMO",ASOCIACION DE USUARIOS DEL SERVICIO DE ACUEDUCTO DEL ARRAYANAL,611.3085266585266,240.0,Programa Rural,,,SI,NO,NO,NO,SI,SI,1.0,Quebrada,1.2,LITROS POR SEGUNDO,0.4,C,1,0.7,C,,,,,2.0,100000.0,LITROS,2.0,MESES,0.85,B,8.0,24.0,240.0,240.0,240.0,Mayor de 100 m,0.7,C,1.2,LITROS POR SEGUNDO,No se realiza,No,,MILIGRAMOS POR LITRO,,No pasa,2021-11-05,No pasa,2021-11-05,1.0,0.6389,1.0,0.0,0.6597,2
2021-11-08,,ABASTO PUBLICO DE AGUA VEREDA MONTECILLO,199807,Colombia,"CUNDINAMARCA,GUATAVITA,MONTECILLO,LOS MONOLITOS",CUNDINAMARCA,GUATAVITA,"MONTECILLO,LOS MONOLITOS",4.9423,-73.80375,2918.7,,,1987.0,3.0,1.0,"DIVINO NIÑO, LOS MONOLITOS, SECTOR ANTENAS",ASOCIACIÓN DE ACUEDUCTO Y SERVICIOS PÚBLICOS MONTECILLO,286.0,80.0,,8000000.0,19000000.0,SI,NO,NO,NO,SI,SI,1.0,Captación desde otro sistema,2.8,LITROS POR SEGUNDO,0.7,C,1,0.7,C,,,,,2.0,124000.0,LITROS,2.0,MESES,0.925,A,2.0,24.0,80.0,80.0,80.0,Mayor de 100 m,0.85,B,2.0,LITROS POR SEGUNDO,No se realiza,"Sí, de maner mayoritaria",,MILIGRAMOS POR LITRO,,No aplica,2021-11-08,No aplica,2021-11-08,1.0,0.7878,1.0,0.5,0.8219,2
2021-11-25,,ABASTO PUBLICO DE AGUA ¨ASUASANDRO¨,199814,Colombia,"CUNDINAMARCA,JUNÍN,SAN ROQUE,CAMPO ALEGRE",CUNDINAMARCA,JUNÍN,"SAN ROQUE,CAMPO ALEGRE",4.78763,-73.66773,2357.8,,,1998.0,4.0,1.0,"CAMPO ALEGRE, EL RAMAL ALTO, EL RAMAL BAJO, SECTOR LA ESCUELA",ASOCIACION DE USUARIOS DEL ACUEDUCTO DE LA VEREDA SAN ROQUE ´´ASUASANDRO´´,893.0,250.0,,73000000.0,,SI,NO,NO,NO,SI,SI,5.0,Pozo Perforado,6.2,LITROS POR SEGUNDO,1.0,A,3,1.0,A,,,,,4.0,260000.0,LITROS,6.0,MESES,0.7,C,4.0,24.0,277.0,277.0,277.0,Mayor de 100 m,0.85,B,1.5,LITROS POR SEGUNDO,No se realiza,"Sí, pero no de maner mayoritaria",,MILIGRAMOS POR LITRO,,No aplica,2021-11-08,No aplica,2021-11-08,1.0,0.8783,1.0,0.2,0.7696,2
2021-11-06,,"ACUEDUCTO VEREDAS PALACIO ALTO, NOVOA ALTO Y SANTA BÁRBARA",199818,Colombia,"CUNDINAMARCA,SUTATAUSA,SANTA BARBARA",CUNDINAMARCA,SUTATAUSA,SANTA BARBARA,5.234257,-73.837317,2872.0,,,2008.0,3.0,1.0,"LA GRANJA PORVENIR, LA NONA, PIETRA SANTA","ASOCIACIÓN DE USUARIOS DEL ACUEDUCTO DE LAS VEREDAS PALACIO ALTO, NOVOA ALTO Y SANTA BARBARA ""ASUASPANAS""",292.0,93.0,"Otros, Otros",50000000.0,55000000.0,SI,SI,NO,NO,NO,SI,1.0,Ojo de agua o manantial,1.0,LITROS POR SEGUNDO,1.0,A,2,1.0,A,1.0,Filtración rápida,0.6,C,3.0,57500.0,LITROS,1.02,MESES,1.0,A,1.0,24.0,93.0,93.0,93.0,Mayor de 100 m,1.0,A,1.0,LITROS POR SEGUNDO,"Sí, y funciona",No,0.1,MILIGRAMOS POR LITRO,2021-11-18,No pasa,2021-11-08,No pasa,2021-11-08,1.0,1.0,0.8,0.8,0.9,2
2021-11-06,,ABASTO DE AGUA VEREDA SALITRE,199821,Colombia,"CUNDINAMARCA,SUTATAUSA,SALITRE",CUNDINAMARCA,SUTATAUSA,SALITRE,5.229615,-73.88635,2942.0,,,2006.0,5.0,1.0,"EL FICAL, LA CAPILLA, LA ESCUELA, LA FELSA, LAS MARGARITAS",ASOCIACIÓN DE USUARIOS DEL ACUEDUCTO SALITRE,142.0,46.0,Otros,,,SI,NO,NO,NO,NO,SI,1.0,Ojo de agua o manantial,0.5,LITROS POR SEGUNDO,1.0,A,2,0.85,B,,,,,2.0,42800.0,LITROS,2.0,MESES,0.925,A,1.0,24.0,46.0,46.0,46.0,Mayor de 100 m,1.0,A,0.5,LITROS POR SEGUNDO,No se realiza,No,,MILIGRAMOS POR LITRO,,No aplica,2021-11-08,No aplica,2021-11-08,1.0,0.9417,0.8,0.35,0.7729,2
2021-11-17,,ABASTO PUBLICO DE AGUA VEREDA TOMINE DE INDIOS,199954,Colombia,"CUNDINAMARCA,GUATAVITA,TOMINE DE INDIOS,SECTOR JAMAICA",CUNDINAMARCA,GUATAVITA,"TOMINE DE INDIOS,SECTOR JAMAICA",4.94787,-73.88209,2823.8,,,1998.0,3.0,1.0,"SECTOR JAMAICA, TOMINE CENTRO, TOMINE PARTE BAJA",ASOCIACIÓN DE USUARIOS DEL ACUEDUCTO RURAL VEREDA TOMINE DE INDIOS,161.0,42.0,,35000000.0,,SI,NO,NO,NO,NO,SI,1.0,Ojo de agua o manantial,1.3,LITROS POR SEGUNDO,0.0,D,1,0.7,C,,,,,1.0,60000.0,LITROS,3.0,MESES,0.7,C,1.0,24.0,42.0,0.0,0.0,Mayor de 100 m,0.7,C,1.3,LITROS POR SEGUNDO,No se realiza,"Sí, de maner mayoritaria",,MILIGRAMOS POR LITRO,,No aplica,2021-11-18,No aplica,2021-11-18,1.0,0.0,1.0,0.5,0.625,2
2021-11-18,,ABASTO PUBLICO DE AGUA LOS COCUOS VEREDA CHALECHE,199956,Colombia,"CUNDINAMARCA,GUATAVITA,CHALECHE,SECTOR PROVENZA",CUNDINAMARCA,GUATAVITA,"CHALECHE,SECTOR PROVENZA",4.96628,-73.80069,2914.5,,,1995.0,3.0,1.0,"CAMINO DE LUNA, CARLOS MONTOYA, SECTOR PROVENZA",ASOCIACIÓN DE USUARIOS DEL ACUEDUCTO RURAL LOS COCUOS DE LA VEREDA CHALECHE,391.0,101.0,,45000000.0,,NO,SI,NO,NO,NO,NO,1.0,Quebrada,1.5,LITROS POR SEGUNDO,1.0,A,1,1.0,A,,,,,2.0,270000.0,LITROS,1.0,MESES,1.0,A,3.0,24.0,101.0,101.0,101.0,Mayor de 100 m,0.9,B,1.5,LITROS POR SEGUNDO,No se realiza,"Sí, de maner mayoritaria",,MILIGRAMOS POR LITRO,,Sí pasa,2021-11-17,Sí pasa,2021-11-17,1.0,0.974,1.0,0.5,0.8685,2
2021-11-11,,ABASTO DE AGUA -  PIEDRA ANCHA,199992,Colombia,"CUNDINAMARCA,TIBACUY,PIEDRANCHA,PIEDRA ANCHA BAJA",CUNDINAMARCA,TIBACUY,"PIEDRANCHA,PIEDRA ANCHA BAJA",4.279069,-74.545844,810.1,,,1996.0,4.0,2.0,"LA GORIA CENTRO, PARTE CENTRAL, PIEDRA ALTA, PIEDRA BAJA","ASOCIACIÓN DE USUARIOS DEL ACUEDUCTO Y ALCANTARILLADO VEREDA LA GLORIA, JUNTA DE ACUEDUCTO VEREDA PIEDRA ANCHA",636.0,165.0,,5000000.0,280000000.0,SI,NO,NO,NO,NO,SI,2.0,Ojo de agua o manantial,1.8,LITROS POR SEGUNDO,0.85,B,2,1.0,A,,,,,3.0,84000.0,LITROS,3.0,MESES,0.8,B,2.0,24.0,135.0,135.0,135.0,Mayor de 100 m,1.0,A,1.8,LITROS POR SEGUNDO,No se realiza,No,,MILIGRAMOS POR LITRO,,No aplica,2021-11-22,No aplica,2021-11-22,1.0,0.9081,0.9,0.5,0.827,2
2021-11-13,,ABASTO DE AGUA - LA GLORIA,199994,Colombia,"CUNDINAMARCA,TIBACUY,LA GLORIA,LA GLORIA CENTRO",CUNDINAMARCA,TIBACUY,"LA GLORIA,LA GLORIA CENTRO",4.35584,-74.45488,1807.0,,,1997.0,1.0,1.0,LA GLORIA BAJA,ASOCIACIÓN DE USUARIOS DEL ACUEDUCTO Y ALCANTARILLADO VEREDA LA GLORIA,187.0,40.0,,19000000.0,1000000.0,SI,NO,NO,NO,NO,SI,1.0,Ojo de agua o manantial,1.3,LITROS POR SEGUNDO,1.0,A,1,0.7,C,,,,,3.0,21000.0,LITROS,1.02,MESES,1.0,A,1.0,24.0,70.0,58.0,55.0,Mayor de 100 m,1.0,A,1.3,LITROS POR SEGUNDO,No se realiza,No,,MILIGRAMOS POR LITRO,,No pasa,2021-11-22,No pasa,2021-11-22,1.0,0.9147,1.0,0.275,0.7974,2
2021-11-15,,ABASTO DE AGUA -  LOS CUROS,199995,Colombia,"CUNDINAMARCA,NILO,LOS CUROS,LOS CUROS PARTE BAJA",CUNDINAMARCA,NILO,"LOS CUROS,LOS CUROS PARTE BAJA",4.29792,-74.56534,827.2,,,2006.0,1.0,1.0,LOS CUROS PARTE BAJA,GESTION COMUNITARIA LOS CUROS,120.0,30.0,,56720000.0,,SI,NO,NO,NO,NO,SI,1.0,Ojo de agua o manantial,0.09,LITROS POR SEGUNDO,0.4,C,1,0.7,C,,,,,1.0,306.0,LITROS,1.02,MESES,1.0,A,1.0,24.0,30.0,0.0,0.0,Mayor de 100 m,1.0,A,0.09,LITROS POR SEGUNDO,No se realiza,No,,MILIGRAMOS POR LITRO,,No aplica,2021-11-22,No aplica,2021-11-22,0.0638,0.7274,0.6,0.2,0.3978,2
2021-11-11,,ABASTO DE AGUA -  BATEAS,199997,Colombia,"CUNDINAMARCA,TIBACUY,BATEAS,CENTRO POBLADO",CUNDINAMARCA,TIBACUY,"BATEAS,CENTRO POBLADO",4.32031,-74.51679,1419.1,,,1992.0,1.0,1.0,CENTRO POBLADO,JUNTA DE ACUEDUCTO BATEAS,360.0,100.0,,10000000.0,,SI,NO,NO,NO,SI,SI,2.0,Ojo de agua o manantial,3.0,LITROS POR SEGUNDO,0.7,C,2,0.55,C,,,,,1.0,300.0,LITROS,4.0,MESES,0.7,C,1.0,24.0,100.0,0.0,0.0,Mayor de 100 m,1.0,A,3.0,LITROS POR SEGUNDO,No se realiza,No,,MILIGRAMOS POR LITRO,,No pasa,2021-11-22,No pasa,2021-11-22,0.0208,0.7205,0.8,0.425,0.4916,2
2021-11-12,,ABASTO DE AGUA -  LA PORTADA,199998,Colombia,"CUNDINAMARCA,TIBACUY,LA PORTADA",CUNDINAMARCA,TIBACUY,LA PORTADA,4.35635,-74.43099,1462.0,,,1981.0,2.0,1.0,"EL COMITE, GALPONES",COMITE  DE ACUEDUCTO LA PORTADA,510.0,120.0,,180000.0,820000.0,SI,NO,NO,NO,NO,SI,1.0,Quebrada,1.0,LITROS POR SEGUNDO,0.7,C,1,0.7,C,,,,,1.0,67.0,LITROS,1.02,MESES,0.85,B,1.0,24.0,120.0,0.0,0.0,Mayor de 100 m,0.7,C,1.0,LITROS POR SEGUNDO,No se realiza,No,,MILIGRAMOS POR LITRO,,No aplica,2021-11-22,No aplica,2021-11-22,0.0033,0.7348,0.8,0.5,0.5095,2
2021-12-07,,ABASTO DE AGUA -  PRADITO,199999,Colombia,"CUNDINAMARCA,NILO,PRADITO,PRADITO",CUNDINAMARCA,NILO,"PRADITO,PRADITO",4.36656,-74.57604,679.3,,,2007.0,2.0,1.0,"PEÑITAS, PRADITO",ACUEDUCTO VEREDAL PRADITO,175.0,43.0,,10000000.0,80000000.0,SI,NO,NO,NO,NO,SI,1.0,Quebrada,0.3,LITROS POR SEGUNDO,0.7,C,1,0.4,C,,,,,1.0,35000.0,LITROS,6.0,MESES,0.55,C,1.0,10.0,43.0,0.0,0.0,Mayor de 100 m,0.7,C,0.3,LITROS POR SEGUNDO,No se realiza,No,,MILIGRAMOS POR LITRO,,No aplica,2021-11-22,No aplica,2021-11-22,1.0,0.573,0.4,0.425,0.5995,2
2021-11-17,,ABASTO DE AGUA E L MANGO/CAÑO FISTO,200000,Colombia,"CUNDINAMARCA,TIBACUY,EL MANGO,MADROÑO",CUNDINAMARCA,TIBACUY,"EL MANGO,MADROÑO",4.30311,-74.5358,1443.2,,,2017.0,2.0,1.0,"EL ARRAYAN, MADROÑO",ASOCIACIÓN DE USUARIOS  DEL ACUEDUCTO EL MANGO,62.0,16.0,Programa Rural,20000000.0,14000000.0,SI,NO,NO,NO,NO,SI,1.0,Ojo de agua o manantial,1.3,LITROS POR SEGUNDO,0.7,C,1,0.7,C,,,,,1.0,50000.0,LITROS,6.0,MESES,0.55,C,1.0,24.0,16.0,0.0,0.0,Mayor de 100 m,1.0,A,1.3,LITROS POR SEGUNDO,No se realiza,No,,MILIGRAMOS POR LITRO,,No aplica,2021-11-22,No aplica,2021-11-22,1.0,0.7205,0.8,0.425,0.7364,2
2021-12-18,,ABASTO DE AGUA -  LA VEGA,200001,Colombia,"CUNDINAMARCA,TIBACUY,LA VEGA,EL CARACOLI",CUNDINAMARCA,TIBACUY,"LA VEGA,EL CARACOLI",4.3056,-74.4714,948.3,,,2012.0,2.0,1.0,"EL CARACOLI, LA YAUTA",GESTION COMUNITARIA VEREDA LA VEGA,169.0,42.0,,10000000.0,40000000.0,SI,NO,NO,NO,SI,SI,1.0,Ojo de agua o manantial,1.0,LITROS POR SEGUNDO,1.0,A,1,1.0,A,,,,,1.0,20000.0,LITROS,3.0,MESES,0.7,C,1.0,24.0,42.0,40.0,0.0,Mayor de 100 m,1.0,A,1.0,LITROS POR SEGUNDO,No se realiza,No,,MILIGRAMOS POR LITRO,,No pasa,2021-11-22,No pasa,2021-11-22,1.0,0.9147,0.6,0.5,0.7537,2
2021-11-19,,ABASTO DE AGUA -  SAN LUIS Y CHISQUE,200003,Colombia,"CUNDINAMARCA,TIBACUY,SAN LUIS Y CHISQUE,JARDINES",CUNDINAMARCA,TIBACUY,"SAN LUIS Y CHISQUE,JARDINES",4.34337,-74.45475,1611.3,,,1946.0,2.0,1.0,"JARDINES, LAS BRISAS",ASOCIACION DE USUARIOS DEL ACUEDUCTO QUEBRADA EL CHISQUE DE LA VEREDA SAN LUIS,302.0,74.0,,1000000.0,5000000.0,SI,NO,NO,NO,NO,SI,1.0,Quebrada,2.0,LITROS POR SEGUNDO,1.0,A,1,1.0,A,,,,,2.0,3900.0,LITROS,1.02,MESES,0.85,B,1.0,3.0,74.0,0.0,0.0,Mayor de 100 m,0.7,C,2.0,LITROS POR SEGUNDO,No se realiza,No,,MILIGRAMOS POR LITRO,,No pasa,2021-11-22,No pasa,2021-11-22,0.3229,0.8783,1.0,0.5,0.6753,2
2021-11-16,,ACUEDUCTO DE LA INSPECCIÓN DE SAN JOAQUIN.,200020,Colombia,"CUNDINAMARCA,LA MESA,INSPECCION SAN JOAQUIN,INSPECCION SAN JOAQUIN",CUNDINAMARCA,LA MESA,"INSPECCION SAN JOAQUIN,INSPECCION SAN JOAQUIN",4.6376389,-74.518138888889,798.1,,,1989.0,15.0,1.0,"BAJA CAPATA, BALTIMOORES, EL ESPINO, EL TIGRE, HUNGRIA, INSPECCION SAN JOAQUIN, LA VEGA, LA VEGA LA ESCUELA, OJO DE AGUA, PEDREGAL, SAN MARTÍN, SANTA ANA ALTA, SANTA LUCIA, SECTOR   LA ESCUELA, SECTOR LA ESCUELA",ACUEDUCTO SAN JOAQUIN,3840.0,1200.0,Programa Rural,10000000.0,40000000.0,SI,NO,NO,NO,NO,SI,1.0,Río,2.87,LITROS POR SEGUNDO,0.7,C,1,0.7,C,1.0,Desinfección con cloro,1.0,A,1.0,90000.0,LITROS,24.74,MESES,0.5,C,15.0,24.0,1200.0,1200.0,1200.0,Mayor de 100 m,0.74,B,2.87,LITROS POR SEGUNDO,"Sí, y funciona",No,1.51,MILIGRAMOS POR LITRO,2021-11-16,No aplica,2021-11-16,No aplica,2021-11-16,0.3865,0.6525,1.0,1.0,0.7597,2
2021-11-17,,ACUEDUCTO VEREDAL DE SAN ANTONIO.,200021,Colombia,"CUNDINAMARCA,ANAPOIMA,SAN ANTONIO,SAN ANTONIO",CUNDINAMARCA,ANAPOIMA,"SAN ANTONIO,SAN ANTONIO",4.590718306,-74.56261307,696.3,,,1990.0,5.0,1.0,"CIRCASIA, SAN  ANTONIO, SAN ANTONIO ALTO, SAN ANTONIO CENTRO, SANTA LUCIA ALTA",ASOCIACIÓN DE USUARIOS ACUEDUCTO SAN ANTONIO DE ANAPOIMA ASUASAN,1435.0,450.0,Programa Rural,50000000.0,,SI,NO,NO,NO,NO,SI,1.0,Quebrada,2.3,LITROS POR SEGUNDO,0.7,C,1,0.7,C,1.0,Desinfección con cloro,1.0,A,1.0,90000.0,LITROS,24.74,MESES,0.5,C,5.0,24.0,450.0,0.0,0.0,Mayor de 100 m,0.7,C,2.8,LITROS POR SEGUNDO,"Sí, y funciona",No,1.3,MILIGRAMOS POR LITRO,2021-11-17,No aplica,2021-11-17,No aplica,2021-11-17,1.0,0.6435,1.0,1.0,0.9109,2
2021-11-18,,ABASTO DE AGUA VEREDA LA RAMBLA.,200022,Colombia,"CUNDINAMARCA,SAN ANTONIO DEL TEQUENDAMA,LA RAMBLA,RAMBLA CENTRO",CUNDINAMARCA,SAN ANTONIO DEL TEQUENDAMA,"LA RAMBLA,RAMBLA CENTRO",4.58872222,-74.360305555556,1752.2,,,1969.0,2.0,1.0,"ALTO DE LA RAMBLA, RAMBLA CENTRO",ASOCIACIÓN DE USUARIOS DEL ACUEDUCTO SANTA LUCIA,109.0,34.0,Programa Rural,20000000.0,5200000.0,SI,NO,NO,NO,NO,SI,1.0,Ojo de agua o manantial,1.2,LITROS POR SEGUNDO,0.7,C,1,0.7,C,1.0,Sedimentación,1.0,A,1.0,60000.0,LITROS,74.21,MESES,0.5,C,2.0,24.0,34.0,0.0,0.0,Mayor de 100 m,0.7,C,1.2,LITROS POR SEGUNDO,No se realiza,"Sí, pero no de maner mayoritaria",,MILIGRAMOS POR LITRO,,No aplica,2021-11-18,No aplica,2021-11-18,1.0,0.6435,1.0,0.5,0.7859,2
2021-11-19,,ABASTO DE AGUA QUINTAS COLOMBIA.,200023,Colombia,"CUNDINAMARCA,SAN ANTONIO DEL TEQUENDAMA,QUINTAS COLOMBIA,QUINTAS COLOMBIA CENTRO",CUNDINAMARCA,SAN ANTONIO DEL TEQUENDAMA,"QUINTAS COLOMBIA,QUINTAS COLOMBIA CENTRO",4.5837222,-74.340638888889,1852.6,,,1991.0,7.0,1.0,"BARRIO AMARILLO, EL PROGRESO, LA RÁPIDA PARTE BAJA, QUINTAS COLOMBIA CENTRO, QUINTAS COLOMBIA PARTE BAJA, SANTANDERCITO, SECTOR ZOOLOGICO",ASOCIACIÓN DE USUARIOS DEL ACUEDUCTO DE LA QUEBRADA EL ENCANTO,456.0,140.0,,,,SI,NO,NO,NO,NO,SI,1.0,Quebrada,1.8,LITROS POR SEGUNDO,0.7,C,1,0.7,C,1.0,Sedimentación,0.85,B,1.0,50000.0,LITROS,1.0,MESES,0.85,B,7.0,24.0,140.0,0.0,0.0,Mayor de 100 m,0.74285716,B,1.8,LITROS POR SEGUNDO,No se realiza,No,,MILIGRAMOS POR LITRO,,No aplica,2021-11-19,No aplica,2021-11-19,1.0,0.7458,1.0,0.425,0.7927,2
2021-11-22,,ABASTO PUBLICO DE AGUA TALACHINA,200034,Colombia,"CUNDINAMARCA,JUNÍN,ALEMANIA,ALEMANIA PARTE ALTA",CUNDINAMARCA,JUNÍN,"ALEMANIA,ALEMANIA PARTE ALTA",4.77043,-73.67479,2558.9,,,1998.0,3.0,1.0,"ALEMANIA PARTE ALTA, ALEMANIA PARTE BAJA, CUARTO DE TALAUTA",ACUEDUCTO TALAUTA CHINAGOCHA - TALACHINA,209.0,57.0,,15000000.0,,SI,NO,NO,NO,NO,SI,1.0,Quebrada,2.5,LITROS POR SEGUNDO,0.7,C,1,0.7,C,,,,,2.0,180000.0,LITROS,6.0,MESES,0.7,C,2.0,24.0,57.0,57.0,57.0,Mayor de 100 m,0.7,C,3.5,LITROS POR SEGUNDO,No se realiza,"Sí, de maner mayoritaria",,MILIGRAMOS POR LITRO,,No aplica,2021-11-24,No aplica,2021-11-24,1.0,0.7,1.0,0.5,0.8,2
2021-11-23,,SISTEMA DE ACUEDUCTO VEREDA SANTABARBARA,200039,Colombia,"CUNDINAMARCA,JUNÍN,SANTA BARBARA,ALTO DE LA CRUZ",CUNDINAMARCA,JUNÍN,"SANTA BARBARA,ALTO DE LA CRUZ",4.89055,-73.81057,2545.5,,,1990.0,10.0,1.0,"ALTO DE LA CRUZ, LOS FONSECA, LOS SARMIENTO, LOS SOLER, LOS VALDERRAMA, LOS VILLAMIL, PUENTE REYES, SECTOR BUENA VISTA, SECTOR SALITRE, SECTOR SALÓN COMUNAL",ASOCIACION DE USUARIOS DEL ACUEDUCTO DE SANTA BARBARA,1167.0,320.0,,75000000.0,100000.0,SI,NO,NO,NO,SI,SI,1.0,Quebrada,1.5,LITROS POR SEGUNDO,0.7,C,2,1.0,A,1.0,Desinfección con cloro,0.925,A,4.0,270189.27,LITROS,2.25,MESES,0.8125,B,4.0,24.0,320.0,320.0,320.0,Mayor de 100 m,0.775,B,3.5,LITROS POR SEGUNDO,"Sí, y funciona","Sí, de maner mayoritaria",0.65,MILIGRAMOS POR LITRO,2021-11-23,No aplica,2021-11-24,No aplica,2021-11-24,1.0,0.8148,1.0,1.0,0.9537,2
2021-11-24,,ABASTO PUBLICO DE AGUA ¨AGUASSANPEDRO¨,200046,Colombia,"CUNDINAMARCA,JUNÍN,SAN PEDRO,ARADAS",CUNDINAMARCA,JUNÍN,"SAN PEDRO,ARADAS",4.7923,-73.67686,2462.3,,,1980.0,4.0,1.0,"ARADAS, EL PEÑON, LAGUNA SECA, SEVERO",ASOCIACIÓN JUNTA ADMINISTRADORA DE ACUEDUCTO RURAL VEREDA SAN PEDRO - AGUASSANPEDRO,504.0,130.0,,18000000.0,,SI,NO,NO,NO,NO,SI,1.0,Quebrada,2.5,LITROS POR SEGUNDO,0.7,C,1,0.7,C,,,,,1.0,100000.0,LITROS,2.0,MESES,0.85,B,1.0,24.0,130.0,130.0,130.0,Mayor de 100 m,0.7,C,3.5,LITROS POR SEGUNDO,No se realiza,"Sí, de maner mayoritaria",,MILIGRAMOS POR LITRO,,No aplica,2021-11-24,No aplica,2021-11-24,1.0,0.7348,1.0,0.5,0.8087,2
2021-11-17,,ABASTO DE AGUA EL MANGO/ARRAYAN,200056,Colombia,"CUNDINAMARCA,TIBACUY,EL MANGO,SABANETA",CUNDINAMARCA,TIBACUY,"EL MANGO,SABANETA",4.29892,-74.53952,1246.2,,,2017.0,1.0,1.0,SABANETA,ASOCIACIÓN DE USUARIOS  DEL ACUEDUCTO EL MANGO,72.0,18.0,,,,SI,NO,NO,NO,NO,SI,1.0,Ojo de agua o manantial,2.0,LITROS POR SEGUNDO,0.7,C,1,0.7,C,,,,,1.0,12000.0,LITROS,6.0,MESES,0.85,B,1.0,24.0,18.0,0.0,0.0,Mayor de 100 m,0.7,C,2.0,LITROS POR SEGUNDO,No se realiza,No,,MILIGRAMOS POR LITRO,,No pasa,2021-11-24,No pasa,2021-11-24,1.0,0.7348,0.8,0.0,0.6337,2
2021-11-20,,ABASTO DE AGUA INSPECCION SANTA TERESA,200059,Colombia,"CUNDINAMARCA,MEDINA,SANTA TERESA CENTRO",CUNDINAMARCA,MEDINA,SANTA TERESA CENTRO,4.380498,-73.363808,516.0,25438057,,1996.0,3.0,1.0,"EL CRUCE INSPECCION SANTA TERESA, ESCUELA INSPECCION SANTA TERESA, JUNTA ACCION COMUNAL",GESTIÓN COMUNITARIA SANTA TERESA,98.0,32.0,,3000000.0,,SI,NO,NO,NO,NO,SI,1.0,Otras,0.8,LITROS POR SEGUNDO,0.7,C,1,1.0,A,,,,,1.0,0.0,LITROS,,MESES,0.0,D,3.0,24.0,45.0,0.0,0.0,Mayor de 100 m,1.0,A,0.8,LITROS POR SEGUNDO,No se realiza,No,,MILIGRAMOS POR LITRO,,No pasa,2021-11-22,No pasa,2021-11-22,0.0,0.0,0.4,0.0,0.1,2
2021-11-20,,ACUEDUCTO EL TRIUNFO DE LA VEREDA SAN MARCOS,200152,Colombia,"CUNDINAMARCA,SUPATÁ,Vereda San Marcos",CUNDINAMARCA,SUPATÁ,Vereda San Marcos,5.0437,-74.26237,1947.0,,,1990.0,2.0,1.0,"SAN MARCOS CENTRO, SECTOR CARRETERA",ASOCIACION DE USUARIOS DEL SERVICIO DE ACUEDUCTO DEL TRIUNFO DE LA VEREDA SAN MARCOS MUNICIPIO DE SUPATA,144.0,34.0,Otros,20000000.0,350000000.0,SI,NO,NO,NO,NO,SI,1.0,Captación desde otro sistema,0.6,LITROS POR SEGUNDO,1.0,A,1,0.7,C,,,,,1.0,8000.0,LITROS,6.0,MESES,0.7,C,1.0,18.0,34.0,15.0,15.0,Mayor de 100 m,0.7,C,0.6,LITROS POR SEGUNDO,No se realiza,"Sí, pero no de maner mayoritaria",,MILIGRAMOS POR LITRO,,No pasa,2021-12-01,No pasa,2021-12-01,0.6946,0.7653,0.6,0.2,0.565,2
2021-11-20,,ACUEDUCTO DE LA VEREDA LAS DELICIAS,200153,Colombia,"CUNDINAMARCA,SUPATÁ,DELICIAS",CUNDINAMARCA,SUPATÁ,DELICIAS,5.04377,-74.263708,2226.0,,,2006.0,3.0,1.0,"DELICIAS CENTRO, DELICIAS PARTE ALTA, DELICIAS PARTE BAJA",ASOCIACIÓN DE SUSCRIPTORES ACUEDUCTO VEREDA LAS DELICIAS,425.0,120.0,Otros,2000000.0,,SI,NO,NO,NO,NO,SI,1.0,Quebrada,0.72,GALONES POR MINUTO,0.7,C,1,0.4,C,,,,,1.0,10000.0,LITROS,6.0,MESES,0.55,C,1.0,12.0,120.0,0.0,0.0,Mayor de 100 m,0.4,C,0.72,LITROS POR SEGUNDO,No se realiza,No,,MILIGRAMOS POR LITRO,,No pasa,2021-12-01,No pasa,2021-12-01,0.2941,0.4982,0.8,0.1,0.4231,2
2021-11-23,,ACUEDUCTO DE LA VEREDA PARAISO,200155,Colombia,"CUNDINAMARCA,SUPATÁ,PARAISO",CUNDINAMARCA,SUPATÁ,PARAISO,5.050563,-74.237787,2016.0,,,2000.0,3.0,1.0,"BALCONES, LA HERRADURA, SECTOR  PARAISO",ASOCIACION DE USUARIOS ACUEDUCTO VEREDA PARAISO DEL MUNICIPIO DE SUPATA,131.0,70.0,Otros,10000000.0,3000000.0,SI,NO,NO,NO,NO,SI,1.0,Quebrada,0.98,LITROS POR SEGUNDO,0.7,C,1,0.7,C,,,,,1.0,50000.0,LITROS,4.0,MESES,0.55,C,2.0,18.0,70.0,0.0,0.0,Mayor de 100 m,0.55,C,0.98,LITROS POR SEGUNDO,No se realiza,No,,MILIGRAMOS POR LITRO,,No pasa,2021-12-01,No pasa,2021-12-01,1.0,0.6205,1.0,0.425,0.7614,2
2021-11-18,,ACUEDUCTO DE LA VEREDA CABRERA,200156,Colombia,"CUNDINAMARCA,SUPATÁ,CABRERA",CUNDINAMARCA,SUPATÁ,CABRERA,5.07417,-74.24008,1663.0,,,1993.0,2.0,1.0,"ALTO BOCATOMA, ESCUELA PARTE ALTA",ASOCIACIÓN DE AFILIADOS DEL SERVICIO DE ACUEDUCTO DE LA VEREDA LA CABRERA DE SUPATA,32.0,32.0,Otros,25000000.0,,SI,NO,NO,NO,NO,SI,1.0,Quebrada,0.25,LITROS POR SEGUNDO,0.7,C,1,0.7,C,,,,,1.0,0.0,LITROS,,MESES,0.0,D,1.0,24.0,32.0,32.0,32.0,Mayor de 100 m,0.7,C,0.02,LITROS POR SEGUNDO,No se realiza,No,,MILIGRAMOS POR LITRO,,No pasa,2021-12-01,No pasa,2021-12-01,0.0,0.0,0.6,0.1,0.175,2
2021-11-23,,ACUEDUCTO REGIONAL SANTA ROSA,200157,Colombia,"CUNDINAMARCA,SUPATÁ,Santa Rosa",CUNDINAMARCA,SUPATÁ,Santa Rosa,5.045768,-74.272253,1990.0,,,1992.0,12.0,1.0,"ALTO CUCHILLA, EL CHIPO ALTO, ESCUELA PARTE ALTA, ESCUELA SANTA ROSA, LA SIERRA, RAMAL LOS RODRIGUEZ, RAMAL OSPINA, RAMAL QUINTERO, RAMAL REYES, SECTOR CASALLAS, SECTOR JARDIN, SECTOR LA ESCUELA","ASOCIACIÓN DE USUARIOS DE ACUEDUCTO REGIONAL DE LAS VEREDAS DE SANTA ROSA, PROVIDENCIA, CRISTALES Y MESITAS DEL MUNICIPIO DE SUPATA",901.0,299.0,"Otros, Otros",7000000.0,,SI,NO,NO,NO,SI,SI,1.0,Quebrada,7.0,LITROS POR SEGUNDO,0.7,C,1,0.7,C,1.0,Coagulación y Floculación,0.85,B,1.0,60000.0,LITROS,2.0,MESES,1.0,A,1.0,18.0,299.0,299.0,299.0,Mayor de 100 m,1.0,A,7.0,LITROS POR SEGUNDO,No se realiza,"Sí, de maner mayoritaria",,MILIGRAMOS POR LITRO,,No pasa,2021-12-01,No pasa,2021-12-01,1.0,0.8367,0.4,0.5,0.6842,2
2021-12-01,,ACUEDUCTO DE LA VEREDA CRISTALES,200158,Colombia,"CUNDINAMARCA,SUPATÁ,CRISTALES",CUNDINAMARCA,SUPATÁ,CRISTALES,5.067847,-74.273803,1592.0,,,2006.0,2.0,1.0,"BAJO EL ESPEJO, VIA MESITAS",ASOCIACIÓN DE USUARIOS DEL ACUEDUCTO VEREDAL LOS CRISTALES,121.0,58.0,"Otros, Otros",94000000.0,500000.0,SI,NO,NO,NO,NO,SI,1.0,Ojo de agua o manantial,0.7,LITROS POR SEGUNDO,1.0,A,1,0.7,C,2.0,"Filtración lenta, Desinfección con cloro",0.95,A,2.0,13000.0,LITROS,2.0,MESES,1.0,A,2.0,24.0,58.0,58.0,58.0,Mayor de 100 m,0.7,C,0.7,LITROS POR SEGUNDO,No se realiza,"Sí, de maner mayoritaria",,MILIGRAMOS POR LITRO,,No pasa,2021-12-01,No pasa,2021-12-01,1.0,0.8367,0.8,0.5,0.7842,2
2021-11-25,,ACUEDUCTO DE LA VEREDA LAJAS,200159,Colombia,"CUNDINAMARCA,SUPATÁ,LAJAS",CUNDINAMARCA,SUPATÁ,LAJAS,5.0409,-74.24364,1963.0,,,1982.0,4.0,1.0,"DIVINO NIÑO, LA ESCUELA, LA PATRIA, LA TRINIDAD",ASOCIACION DE USUARIOS DE SERVICIO  ACUEDUCTO DE LAJAS DEL MUNICIPIO DE SUPATA,269.0,168.0,Otros,30000000.0,,SI,NO,NO,NO,NO,NO,1.0,Quebrada,5.0,LITROS POR SEGUNDO,1.0,A,1,0.7,C,,,,,1.0,136.27,LITROS,6.0,MESES,0.7,C,1.0,24.0,168.0,0.0,0.0,Mayor de 100 m,0.7,C,0.32,LITROS POR SEGUNDO,No se realiza,No,0.0,MILIGRAMOS POR LITRO,,No pasa,2021-12-01,No pasa,2021-12-01,0.0078,0.7653,0.8,0.5,0.5183,2
2021-12-04,,"ABASTO DE AGUA INTERVEREDAL VEREDAS TIBITA, NEMOCONCITO, SONSA, GUANGÜITA ALTO Y GUANGÜITA BAJO",200183,Colombia,"CUNDINAMARCA,VILLAPINZÓN,TIBITA",CUNDINAMARCA,VILLAPINZÓN,TIBITA,5.207067,-73.550893,3175.0,,,2008.0,15.0,1.0,"CUATRO CAMINOS, EL GRANERO, EL PLAN, LA CULEBRERA, LA ESCUELA, LA PEÑA, LAS MINAS, LA TIENDA, LOS ESPINOS, SECTOR ALTO, SECTOR LA ESCUELA, SECTOR MI CHELA, SECTOR MONTALLANTAS, TRES CRUCES, TRES ESQUINAS","""ASUSACUINVI"" ASOCIACIÓN DE USUARIOS DE ACUEDUCTO INTERVEREDAL",1905.0,588.0,Programas del departamento,4500000000.0,,SI,SI,NO,NO,NO,SI,1.0,Quebrada,3.0,LITROS POR SEGUNDO,1.0,A,2,1.0,A,,,,,5.0,392000.0,LITROS,3.0,MESES,0.82,B,5.0,24.0,650.0,650.0,650.0,Mayor de 100 m,1.0,A,3.0,LITROS POR SEGUNDO,No se realiza,No,,MILIGRAMOS POR LITRO,,No aplica,2021-12-05,No aplica,2021-12-05,1.0,0.9516,1.0,0.35,0.8254,2
2021-12-03,,"ACUEDUCTO INTERVEREDAL VEREDAS SONSA, CHIGUALA Y GUANGÜITA SECTOR EL ALTILLO",200184,Colombia,"CUNDINAMARCA,VILLAPINZÓN,SONSA",CUNDINAMARCA,VILLAPINZÓN,SONSA,5.233405,-73.610143,3013.0,,,1986.0,12.0,2.0,"CHIGUALA ALTO, EL PALMAR, LA CAPILLA, LA ESCUELA, LA ESTRELLA, LA QUEBRADA, LAS  GARZAS, LOS INVERNADEROS, MINA OJO DE AGUA, NEMONCOCITO MEDIO, SECTOR LA ESCUELA, TIBITA ALTO","""ASUSACUINVI"" ASOCIACIÓN DE USUARIOS DE ACUEDUCTO INTERVEREDAL, ASOCIACIÓN DE USUARIOS DEL SERVICIO DE ACUEDUCTO DE LAS VEREDAS CHIGUALA, SONSA Y GUAGUITA SECTOR EL ALTILLO",2338.0,650.0,Otros,20000000.0,100000000.0,SI,NO,NO,NO,NO,SI,1.0,Río,4.5,LITROS POR SEGUNDO,1.0,A,4,0.925,A,1.0,Coagulación y Floculación,0.85,B,3.0,348000.0,LITROS,2.0,MESES,0.95,A,5.0,24.0,588.0,588.0,588.0,Mayor de 100 m,0.7,C,4.5,LITROS POR SEGUNDO,"Sí, y funciona",No,,MILIGRAMOS POR LITRO,,No aplica,2021-12-05,No aplica,2021-12-05,1.0,0.8856,1.0,0.925,0.9526,2
2021-11-20,,ABASTO DE AGUA VEREDA REATOVA,200185,Colombia,"CUNDINAMARCA,VILLAPINZÓN,REATOVA",CUNDINAMARCA,VILLAPINZÓN,REATOVA,5.173303,-73.593753,3025.0,,,1974.0,4.0,1.0,"EL LAGO, LA CAPILLA, LA CORRALEJA, LA ESCUELA",ASOCIACIÓN DE USUARIOS DEL ACUEDUCTO DE LA VEREDA DE LA REATOVA SECTOR SAN PEDRO,952.0,268.0,"Otros, Programas del departamento",50000000.0,25000000.0,SI,NO,NO,NO,NO,SI,1.0,Ojo de agua o manantial,1.5,LITROS POR SEGUNDO,1.0,A,1,1.0,A,,,,,3.0,150000.0,LITROS,1.02,MESES,1.0,A,4.0,24.0,268.0,268.0,268.0,Mayor de 100 m,1.0,A,1.5,LITROS POR SEGUNDO,No se realiza,No,,MILIGRAMOS POR LITRO,,No aplica,2021-12-05,No aplica,2021-12-05,1.0,1.0,1.0,0.1,0.775,2
2021-11-09,,ABASTO DE AGUA VEREDA ALGODONALES,200186,Colombia,"CUNDINAMARCA,PACHO,ALGODONALES",CUNDINAMARCA,PACHO,ALGODONALES,5.169544,-74.217428,1751.0,,,1970.0,4.0,1.0,"BARRO BLANCO, EL CRUCE, LA RECEBERA, PALO HUECO",ASOCIACIÓN DE USUARIOS DE ACUEDUCTO Y ALCANTARILLADO DE LA VEREDA  ALGODONALES,183.0,72.0,Otros,,,SI,NO,NO,NO,SI,SI,1.0,Ojo de agua o manantial,0.8,LITROS POR SEGUNDO,0.0,D,1,0.7,C,,,,,1.0,4000.0,LITROS,0.51,MESES,0.85,B,4.0,24.0,72.0,0.0,0.0,Mayor de 100 m,0.7,C,0.8,LITROS POR SEGUNDO,No se realiza,No,,MILIGRAMOS POR LITRO,,No pasa,2021-12-06,No pasa,2021-12-06,0.2733,0.0,1.0,0.0,0.3183,2
2021-11-16,,ABASTO DE AGUA VEREDA LA MINA,200187,Colombia,"CUNDINAMARCA,YACOPÍ,LA MINA",CUNDINAMARCA,YACOPÍ,LA MINA,5.446976,-74.332688,1311.0,,,2015.0,1.0,1.0,LA MINA,GESTION COMUNITARIA LA MINA,35.53333333333333,13.0,Otros,,,SI,NO,NO,NO,SI,SI,1.0,Ojo de agua o manantial,0.8,LITROS POR SEGUNDO,0.7,C,1,0.7,C,,,,,1.0,12000.0,LITROS,1.0,MESES,0.7,C,1.0,24.0,13.0,0.0,0.0,Mayor de 100 m,0.7,C,0.8,LITROS POR SEGUNDO,No se realiza,No,,MILIGRAMOS POR LITRO,,No aplica,2021-12-06,No aplica,2021-12-06,1.0,0.7,1.0,0.0,0.675,2
2021-11-22,,ABASTO DE AGUA INSPECCIÓN DE LLANO MATEO,200212,Colombia,"CUNDINAMARCA,YACOPÍ,LLANO MATEO",CUNDINAMARCA,YACOPÍ,LLANO MATEO,5.592409,-74.390786,1280.0,,,1999.0,5.0,1.0,"CAUCO ALTO, CAUCO BAJO, CHICHARRAS, LLANO MATEO, OJO DE AGUA",JUNTA DE ACCION COMUNAL LLANO MATEO,304.0,104.0,Otros,,,SI,NO,NO,NO,SI,SI,1.0,Quebrada,1.1,LITROS POR SEGUNDO,0.7,C,1,0.7,C,,,,,1.0,60000.0,LITROS,2.0,MESES,0.85,B,5.0,12.0,104.0,104.0,104.0,Mayor de 100 m,0.7,C,1.1,LITROS POR SEGUNDO,No se realiza,No,,MILIGRAMOS POR LITRO,,No aplica,2021-12-07,No aplica,2021-12-07,1.0,0.7348,1.0,0.0,0.6837,2
2021-11-19,,ABASTO DE AGUA VEREDA SAN PEDRO,200214,Colombia,"CUNDINAMARCA,VILLAPINZÓN,SAN PEDRO",CUNDINAMARCA,VILLAPINZÓN,SAN PEDRO,5.174663,-73.590353,2991.0,,,1996.0,6.0,1.0,"ALTO DE LOS CUEROS, CASA AZUL, CENTRO TECNOLOGICO DEL CUERO, EL ALTO DE SAN PEDRO, QUEBRADA SAN PEDRO, VISTA HERMOSA","ASOCIACIÓN DE USUARIOS DEL ACUEDUCTO DOMESTICO DE LA VEREDA SAN PEDRO ""AUASP""",332.0,100.0,Otros,20000000.0,28000000.0,SI,NO,NO,NO,SI,SI,1.0,Quebrada,1.1,LITROS POR SEGUNDO,1.0,A,3,1.0,A,,,,,1.0,75000.0,LITROS,1.02,MESES,1.0,A,1.0,24.0,100.0,100.0,100.0,Mayor de 100 m,0.7,C,1.1,LITROS POR SEGUNDO,No se realiza,No,,MILIGRAMOS POR LITRO,,No aplica,2021-12-07,No aplica,2021-12-07,1.0,0.9147,0.8,0.35,0.7662,2
2021-12-09,,ABASTO DE AGUA - EL MANGO/EL PALMAR,200258,Colombia,"CUNDINAMARCA,TIBACUY,EL MANGO,ALTO SALITRE",CUNDINAMARCA,TIBACUY,"EL MANGO,ALTO SALITRE",4.29873,-74.53543,1194.2,,,2017.0,2.0,1.0,"ALTO SALITRE, MADROÑO",ASOCIACIÓN DE USUARIOS  DEL ACUEDUCTO EL MANGO,144.0,31.0,,,,SI,NO,NO,NO,NO,SI,1.0,Ojo de agua o manantial,0.5,LITROS POR SEGUNDO,0.7,C,1,0.7,C,,,,,1.0,6000.0,LITROS,6.0,MESES,0.85,B,1.0,24.0,36.0,0.0,0.0,Mayor de 100 m,0.7,C,0.5,LITROS POR SEGUNDO,No se realiza,No,,MILIGRAMOS POR LITRO,,No aplica,2021-12-09,No aplica,2021-12-09,1.0,0.7348,0.8,0.0,0.6337,2
2021-11-17,,ABASTO DE AGUA VEREDA GUADUALONES Y LA TIGRA,200263,Colombia,"CUNDINAMARCA,YACOPÍ,GUADUALONES,GUADUALONES BAJO",CUNDINAMARCA,YACOPÍ,"GUADUALONES,GUADUALONES BAJO",5.611759,-74.411547,1100.0,,,2002.0,2.0,1.0,"GUADUALONES BAJO, LA TIGRA",JUNTA DE ACUEDUCTO GUADUALONES LA TIGRA,108.0,40.0,Otros,,,SI,NO,NO,NO,SI,SI,1.0,Quebrada,0.8,LITROS POR SEGUNDO,0.7,C,1,0.7,C,,,,,1.0,6000.0,LITROS,3.0,MESES,0.7,C,2.0,24.0,40.0,0.0,0.0,Mayor de 100 m,0.7,C,0.8,LITROS POR SEGUNDO,No se realiza,No,,MILIGRAMOS POR LITRO,,No aplica,2021-12-09,No aplica,2021-12-09,1.0,0.7,0.6,0.0,0.575,2
2021-11-18,,ABASTO DE AGUA VEREDA GUADUALONES ALTO,200270,Colombia,"CUNDINAMARCA,YACOPÍ,GUADUALONES,GUADUALONES ALTO",CUNDINAMARCA,YACOPÍ,"GUADUALONES,GUADUALONES ALTO",5.60361,-74.410015,1120.0,,,2000.0,1.0,1.0,GUADUALONES ALTO,GESTION COMUNITARIA GUADUALONES ALTO,29.0,10.0,Programa Rural,,,SI,NO,NO,NO,SI,SI,1.0,Quebrada,0.9,LITROS POR SEGUNDO,0.7,C,1,0.7,C,,,,,1.0,10000.0,LITROS,3.0,MESES,0.7,C,1.0,24.0,10.0,0.0,0.0,Mayor de 100 m,0.7,C,0.9,LITROS POR SEGUNDO,No se realiza,No,,MILIGRAMOS POR LITRO,,No aplica,2021-12-09,No aplica,2021-12-09,1.0,0.7,0.8,0.0,0.625,2
2021-11-10,,ABASTO DE AGUA CORREGIMIENTO DE PASUNCHA,200280,Colombia,"CUNDINAMARCA,PACHO,PASUNCHA,PASUNCHA",CUNDINAMARCA,PACHO,"PASUNCHA,PASUNCHA",5.255154,-74.221546,1574.0,,,1978.0,2.0,1.0,"EL FICAL, PASUNCHA",ASOCIACION DE USUARIOS DEL ACUEDUCTO Y ALCANTARILLADO DEL CORREGIEMIENTO DE PASUNCHA ACUAPAS,158.0,108.0,Otros,,,SI,NO,NO,NO,SI,SI,2.0,Ojo de agua o manantial,0.57,LITROS POR SEGUNDO,0.7,C,2,0.7,C,1.0,Coagulación y Floculación,0.4,C,1.0,30000.0,LITROS,2.0,MESES,0.85,B,2.0,24.0,108.0,0.0,0.0,Mayor de 100 m,0.7,C,0.57,LITROS POR SEGUNDO,No se realiza,No,,MILIGRAMOS POR LITRO,,No pasa,2021-12-09,No pasa,2021-12-09,1.0,0.7348,1.0,0.2,0.7337,2
2021-11-12,,ABASTO DE AGUA POTRERO ALTO,200323,Colombia,"CUNDINAMARCA,FOSCA,POTRERO ALTO,PARTE ALTA",CUNDINAMARCA,FOSCA,"POTRERO ALTO,PARTE ALTA",4.357222,-73.934027,2332.0,2528101602,,1995.0,2.0,1.0,"POTRERO ALTO ESCUELA, POTRERO ALTO PARTE ALTA",ACUEDUCTO QUEBRADA HONDA POTRERO ALTO,53.0,16.0,,10000000.0,5000000.0,SI,NO,NO,NO,SI,SI,1.0,Otras,0.8,GALONES POR MINUTO,0.0,D,1,1.0,A,,,,,1.0,10000.0,LITROS,4.0,MESES,0.85,B,2.0,24.0,16.0,0.0,0.0,Mayor de 100 m,1.0,A,0.8,LITROS POR SEGUNDO,No se realiza,"Sí, pero no de maner mayoritaria",,MILIGRAMOS POR LITRO,,No aplica,2021-12-20,No aplica,2021-12-20,1.0,0.0,0.4,0.2,0.4,2
2021-12-12,,ABASTO DE AGUA QUEBRADA HONDA LA HOYA,200324,Colombia,"CUNDINAMARCA,FOSCA,LA HOYA,LA HOYA PARTE ALTA",CUNDINAMARCA,FOSCA,"LA HOYA,LA HOYA PARTE ALTA",4.353157,-73.93334,2186.0,2528100802,,1998.0,2.0,1.0,"LA HOYA ESCUELA, LA HOYA PARTE ALTA","GESTIÓN COMUNITARIA QUEBRADA HONDA, POTRERO ALTO, LA HOYA",46.0,15.0,,3000000.0,7000000.0,SI,NO,NO,NO,SI,SI,1.0,Quebrada,0.7,LITROS POR SEGUNDO,0.0,D,2,1.0,A,,,,,3.0,25000.0,LITROS,0.51,MESES,1.0,A,2.0,24.0,15.0,0.0,0.0,Mayor de 100 m,1.0,A,0.7,LITROS POR SEGUNDO,No se realiza,"Sí, de maner mayoritaria",,MILIGRAMOS POR LITRO,,No aplica,2021-12-20,No aplica,2021-12-20,1.0,0.0,0.6,0.5,0.525,2
2021-11-16,,ACUEDUCTO UNIDAD DE SERVICIOS PUBLICOS FOSCA (SANAME),200325,Colombia,"CUNDINAMARCA,FOSCA,SANAME,SANAME PARTE ALTA",CUNDINAMARCA,FOSCA,"SANAME,SANAME PARTE ALTA",4.32138,-73.9353,1630.0,2528102304,,1996.0,5.0,1.0,"INSPECCION SANAME COLEGIO, INSPECCION SANAME CRUCE, INSPECCION SANAME PARTE ALTA, INSPECCION SANAME PARTE BAJA, INSPECCION SANAME POLIDEPORTIVO",UNIDAD DE SERVICIOS PÚBLICOS DE FOSCA,724.0,181.0,Otros,10000000.0,25000000.0,SI,NO,NO,NO,SI,SI,1.0,Otras,3.5,LITROS POR SEGUNDO,0.7,C,1,1.0,A,,,,,,,,,,0.0,D,5.0,24.0,181.0,181.0,181.0,Mayor de 100 m,1.0,A,3.5,LITROS POR SEGUNDO,"Sí, y funciona",No,,MILIGRAMOS POR LITRO,,No aplica,2021-12-20,No aplica,2021-12-20,0.0,0.0,0.4,1.0,0.35,2
2022-03-26,,ABASTO VEREDA SANTA BARBARA,201766,Colombia,"CUNDINAMARCA,NOCAIMA,SANTA BARBARA",CUNDINAMARCA,NOCAIMA,SANTA BARBARA,5.087648,-74.370332,1468.0,,,1992.0,3.0,1.0,"EL PLAN, LA CUBANA, SANTA BARBARA  PARTE BAJA",ASOCIACION DE USUARIOS DEL ACUEDUCTO SANTA BARBARA MUNICIPIO DE NOCAIMA,119.0,46.0,Otros,1500000.0,,SI,NO,NO,NO,NO,NO,1.0,Quebrada,0.18,LITROS POR SEGUNDO,0.4,C,1,0.7,C,1.0,Sedimentación,0.5,C,2.0,25000.0,LITROS,6.0,MESES,0.55,C,3.0,4.0,46.0,0.0,0.0,Mayor de 100 m,0.4,C,0.18,LITROS POR SEGUNDO,No se realiza,No,,MILIGRAMOS POR LITRO,,No pasa,2022-03-29,No pasa,2022-03-29,1.0,0.4982,0.8,0.25,0.6371,2
2022-03-24,,ABASTO VEREDA SAN AGUSTIN PARTE ALTA,201768,Colombia,"CUNDINAMARCA,NOCAIMA,SAN AGUSTIN",CUNDINAMARCA,NOCAIMA,SAN AGUSTIN,5.089185,-74.384927,1281.0,,,2021.0,2.0,1.0,"EL ALTO, LA HOYA","ASOCIACION DE USUARIOS DEL SERVICIO DE ACUEDUCTO DE LA VEREDA SAN AGUSTIN PARTE ALTA   ""AGUASTIN""",130.0,50.0,"Otros, Programas del departamento",54000000.0,44000000.0,SI,NO,NO,NO,SI,SI,1.0,Quebrada,0.18,LITROS POR SEGUNDO,1.0,A,1,1.0,A,1.0,Sedimentación,1.0,A,1.0,20000.0,LITROS,6.0,MESES,0.85,B,1.0,24.0,50.0,41.0,41.0,Mayor de 100 m,1.0,A,0.18,LITROS POR SEGUNDO,No se realiza,"Sí, de maner mayoritaria",0.03,MILIGRAMOS POR LITRO,2022-03-24,No pasa,2022-03-29,No pasa,2022-03-29,1.0,0.9602,0.8,0.5,0.8151,2
2022-03-24,,ABASTO VEREDA CONCEPCIÓN - NARANJAL PARTE ALTA,201771,Colombia,"CUNDINAMARCA,NOCAIMA,LA CONCEPCION",CUNDINAMARCA,NOCAIMA,LA CONCEPCION,5.033143,-74.402818,1265.0,,,2004.0,4.0,1.0,"LA CONCEPCION CENTRO, NARANJAL PARTE ALTA, SECTOR ETAPA 1, SECTOR ETAPA 2",ASOCIACION DE USUARIOS DEL ACUEDUCTO DE LA VEREDA CONCEPCION Y NARANJAL PARTE ALTA DEL MUNICIPIO DE NOCAIMA,254.0,60.0,Otros,30000000.0,26000000.0,SI,NO,NO,NO,NO,SI,1.0,Quebrada,0.39,LITROS POR MINUTOS,0.4,C,1,0.7,C,1.0,Sedimentación,0.85,B,2.0,65000.0,LITROS,6.0,MESES,0.7,C,2.0,8.0,60.0,60.0,60.0,Mayor de 100 m,0.4,C,0.39,LITROS POR SEGUNDO,No se realiza,"Sí, de maner mayoritaria",0.0,MILIGRAMOS POR LITRO,2022-03-24,No pasa,2022-03-29,No pasa,2022-03-29,1.0,0.5292,0.8,0.5,0.7073,2
2022-03-26,,ABASTO AGUAS DEL VERGEL SAN AGUSTIN PARTE BAJA,201774,Colombia,"CUNDINAMARCA,NOCAIMA,SAN AGUSTIN",CUNDINAMARCA,NOCAIMA,SAN AGUSTIN,5.074208,-74.383318,1419.0,,,2000.0,2.0,1.0,"LAGUNA EL VERGEL, PITIGUAY",ASOCIACION DE USUARIOS DEL ACUEDUCTO VEREDAL AGUAS DEL VERGEL PARTE BAJA,156.0,30.0,Otros,36000000.0,14000000.0,SI,NO,NO,NO,NO,SI,1.0,Quebrada,0.23,LITROS POR SEGUNDO,0.7,C,1,1.0,A,1.0,Sedimentación,0.85,B,3.0,65018.93,LITROS,0.24,MESES,0.85,B,1.0,8.0,30.0,30.0,30.0,Mayor de 100 m,1.0,A,0.23,LITROS POR SEGUNDO,No se realiza,"Sí, de maner mayoritaria",0.0,MILIGRAMOS POR LITRO,2022-03-26,No aplica,2022-03-29,No aplica,2022-03-29,1.0,0.8783,1.0,0.5,0.8446,2
2022-03-28,,ACUEDUCTO VEREDA TOBIA CHICA,201827,Colombia,"CUNDINAMARCA,NOCAIMA,TOBIA",CUNDINAMARCA,NOCAIMA,TOBIA,5.05434,-74.402147,840.0,,,1987.0,3.0,1.0,"SECTOR AUTOPISTA, SECTOR POBLADO TOBIA CHICA, SECTOR QUEBRADA ZANCUDO",JUNTA DE ACCION COMUNAL TOBIA CHICA,940.0,159.0,Otros,1300000.0,30000000.0,SI,NO,NO,NO,NO,SI,1.0,Quebrada,1.25,LITROS POR SEGUNDO,1.0,A,1,0.7,C,5.0,"Filtración lenta, Desinfección con cloro, Sedimentación, Coagulación y Floculación, Sedimentación",0.85,B,2.0,112000.0,LITROS,6.0,MESES,0.7,C,2.0,24.0,159.0,159.0,159.0,Mayor de 100 m,0.7,C,1.25,LITROS POR SEGUNDO,"Sí, y funciona","Sí, de maner mayoritaria",0.5,MILIGRAMOS POR LITRO,2022-03-28,No aplica,2022-03-30,No aplica,2022-03-30,1.0,0.7653,0.8,1.0,0.8913,2
2022-03-28,,ACUEDUCTO VEREDA TOBIA ALTA,201829,Colombia,"CUNDINAMARCA,NOCAIMA,TOBIA",CUNDINAMARCA,NOCAIMA,TOBIA,5.061982,-74.393983,961.0,,,1997.0,4.0,1.0,"CONDOMINIO FLORIDA NAPOLES, RED ZONA LOS MAHECHA, RED ZONA LOS SANCHEZ, SECTOR HOTEL ITACA BAJA",JUNTA ADMINISTRADORA DEL ACUEDUCTO VEREDA DE TOBIA ALTA MUNICIPÍO DE NOCAIMA,327.0,98.0,Otros,1500000.0,,SI,NO,NO,NO,NO,SI,1.0,Quebrada,1.15,LITROS POR SEGUNDO,0.7,C,1,0.4,C,3.0,"Filtración lenta, Sedimentación, Desinfección con cloro",0.4166667,C,2.0,100000.0,LITROS,3.0,MESES,0.55,C,2.0,24.0,98.0,98.0,98.0,Mayor de 100 m,0.4,C,1.15,LITROS POR SEGUNDO,No se realiza,"Sí, de maner mayoritaria",0.0,MILIGRAMOS POR LITRO,2022-03-28,No aplica,2022-03-30,No aplica,2022-03-30,1.0,0.4982,0.8,0.5,0.6996,2
2022-03-29,,ABASTO VEREDA PALOQUEMAO PARTE BAJA,201831,Colombia,"CUNDINAMARCA,ZIPACÓN,PALO QUEMAO - ZELANDIA",CUNDINAMARCA,ZIPACÓN,PALO QUEMAO - ZELANDIA,4.734098,-74.397477,2316.0,,,1978.0,4.0,1.0,"EL PLAN, LOS MONTENEGRO, PALOQUEMAO PARTE BAJA, SECTOR LA ESCALERA",ASOCIACION DE SUSCRIPTORES DE ACUEDUCTO LA MURALLA PARTE BAJA  MUNICIPIO DE ZIPACON,205.0,51.0,Otros,300000.0,44000000.0,SI,NO,NO,NO,SI,SI,1.0,Quebrada,0.85,LITROS POR SEGUNDO,0.7,C,1,0.4,C,,,,,,,,,,0.0,D,1.0,24.0,51.0,51.0,51.0,Mayor de 100 m,0.4,C,0.05,LITROS POR SEGUNDO,No se realiza,"Sí, de maner mayoritaria",,MILIGRAMOS POR LITRO,,No aplica,2022-03-30,No aplica,2022-03-30,0.0,0.0,0.8,0.5,0.325,2
2022-03-16,,"ACUEDUCTO VEREDAS SAN PABLO, LA JOYA Y SECTOR SALITRE",201878,Colombia,"CUNDINAMARCA,VILLAPINZÓN,LA JOYA",CUNDINAMARCA,VILLAPINZÓN,LA JOYA,5.296087,-73.59483,3075.0,,,1985.0,9.0,1.0,"BARRIO LOPEZ, EL CIMIENTO, EL CRUCE, EL PEAJE, HACIENDA GARCIA, LA ESCUELA, LA LAGUNA, LOS ALPES, SECTOR EL ALTO","ASOCIACIÓN DE USUARIOS DEL SERVICIO DE ACUEDUCTO DE LAS VEREDAS, SAN PABLO, LA JOYA Y SECTOR SALITRE",1284.0,370.0,Otros,30000000.0,125000000.0,SI,NO,NO,NO,NO,SI,1.0,Quebrada,3.2,LITROS POR SEGUNDO,1.0,A,4,1.0,A,1.0,Desinfección con cloro,0.6,C,3.0,240000.0,LITROS,3.0,MESES,0.85,B,6.0,24.0,370.0,370.0,370.0,Mayor de 100 m,1.0,A,3.2,LITROS POR SEGUNDO,"Sí, y funciona",No,,MILIGRAMOS POR LITRO,2022-04-01,No aplica,2022-04-01,No aplica,2022-04-01,1.0,0.9602,1.0,0.8,0.9401,2
2022-03-23,,ACUEDUCTO VEREDA CHASQUEZ,201881,Colombia,"CUNDINAMARCA,VILLAPINZÓN,CHASQUEZ",CUNDINAMARCA,VILLAPINZÓN,CHASQUEZ,5.225785,-73.56313,3071.0,,,1978.0,8.0,1.0,"DEPOSITO DE PAPA, EL ALTO, EL BOTADERO, EL TRIUNFO, LA CARRILERA, LA ESCUELA, NAZARETH, SECTOR LA Y",ASOCIACIÓN DE USUARIOS DEL ACUEDUCTO VEREDAL DE CHASQUEZ,1391.0,400.0,Otros,50000000.0,100000000.0,SI,NO,NO,NO,NO,SI,1.0,Río,4.0,LITROS POR SEGUNDO,1.0,A,4,1.0,A,1.0,Desinfección con cloro,0.775,B,4.0,175000.0,LITROS,6.0,MESES,0.8125,B,10.0,24.0,400.0,400.0,400.0,Mayor de 100 m,0.7,C,4.0,LITROS POR SEGUNDO,"Sí, y funciona",No,,MILIGRAMOS POR LITRO,2022-04-01,No aplica,2022-04-01,No aplica,2022-04-01,1.0,0.8684,1.0,0.8875,0.939,2
2022-03-17,,ABASTO DE AGUA VEREDA CASA BLANCA,201885,Colombia,"CUNDINAMARCA,VILLAPINZÓN,CASA BLANCA",CUNDINAMARCA,VILLAPINZÓN,CASA BLANCA,5.172677,-73.597635,3053.0,,,1996.0,4.0,1.0,"EL CHARRASCO, LA ESCUELA, LA MARRANERA, PARADERO LA 55",ASOCIACIÓN DE USUARIOS DE ACUEDUCTO DE LA VEREDA CASA BLANCA,416.0,120.0,Otros,70000000.0,25000000.0,SI,NO,NO,NO,NO,SI,1.0,Ojo de agua o manantial,1.7,LITROS POR SEGUNDO,0.0,D,3,0.8,B,,,,,1.0,84000.0,LITROS,1.02,MESES,1.0,A,3.0,24.0,121.0,121.0,121.0,Mayor de 100 m,1.0,A,1.7,LITROS POR SEGUNDO,No se realiza,No,,MILIGRAMOS POR LITRO,2022-04-01,No aplica,2022-04-01,No aplica,2022-04-01,1.0,0.0,1.0,0.1,0.525,2
2022-03-22,,ABASTO DE AGUA CURICHE,201923,Colombia,"CUNDINAMARCA,EL PEÑÓN,CURICHE",CUNDINAMARCA,EL PEÑÓN,CURICHE,5.258546,-74.322871,1457.0,,,2019.0,3.0,1.0,"CAMBAO, LA CAPILLA, LLANO LINDO",JUNTA DE ACION COMUNAL VEREDA CURICHE,100.8,36.0,Otros,,40000000.0,SI,NO,NO,NO,SI,SI,1.0,Quebrada,15.0,LITROS POR SEGUNDO,0.7,C,1,0.7,C,,,,,1.0,10000.0,LITROS,1.0,MESES,0.85,B,3.0,24.0,36.0,0.0,0.0,Mayor de 100 m,0.7,C,15.0,LITROS POR SEGUNDO,No se realiza,No,,MILIGRAMOS POR LITRO,,No aplica,2022-04-02,No aplica,2022-04-02,1.0,0.7348,1.0,0.0,0.6837,2
2022-03-24,,ABASTO DE AGUA ASOLLANOGRANDE,201932,Colombia,"CUNDINAMARCA,EL PEÑÓN,LLANO GRANDE",CUNDINAMARCA,EL PEÑÓN,LLANO GRANDE,5.30249,-74.334188,1317.0,,,2002.0,2.0,1.0,"LLANO GRANDE ALTO, LLANO GRANDE BAJO",ASOCIACIÓN DE USUARIOS DEL ACUEDUCTO ASOLLANOGRANDE,49.0,29.0,Otros,,40000000.0,SI,NO,NO,NO,SI,SI,1.0,Ojo de agua o manantial,31.0,LITROS POR SEGUNDO,0.7,C,1,0.7,C,,,,,2.0,205000.0,LITROS,1.0,MESES,0.85,B,2.0,24.0,29.0,29.0,0.0,Mayor de 100 m,0.7,C,31.0,LITROS POR SEGUNDO,No se realiza,No,,MILIGRAMOS POR LITRO,,No aplica,2022-04-02,No aplica,2022-04-02,1.0,0.7348,1.0,0.0,0.6837,2
2022-03-11,,ABASTO DE AGUA DEL VALLE,201938,Colombia,"CUNDINAMARCA,EL PEÑÓN,EL VALLE",CUNDINAMARCA,EL PEÑÓN,EL VALLE,5.22799,-74.35473,1251.0,,,1990.0,2.0,1.0,"EL IMPARAL, PLAN DEL VALLE",ASOCIACION DE SUSCRIPTORES DEL ACUEDUCTO VEREDA EL VALLE,164.95238095238096,58.0,"Otros, Otros",,,SI,NO,NO,NO,SI,SI,1.0,Quebrada,22.0,LITROS POR SEGUNDO,0.7,C,1,0.7,C,,,,,2.0,30000.0,LITROS,3.0,MESES,0.7,C,2.0,24.0,58.0,0.0,0.0,Mayor de 100 m,0.7,C,1.39,LITROS POR SEGUNDO,No se realiza,No,,MILIGRAMOS POR LITRO,,No aplica,2022-04-02,No aplica,2022-04-02,1.0,0.7,1.0,0.0,0.675,2
2022-03-24,,ABASTO DE AGUA VEREDA LA MERCED Y SECTOR EL TRIUNFO,201968,Colombia,"CUNDINAMARCA,VILLAPINZÓN,LA MERCED",CUNDINAMARCA,VILLAPINZÓN,LA MERCED,5.2105,-73.551005,3118.0,,,1980.0,4.0,1.0,"CUATRO ESQUINAS, LA ESCUELA, LA HACIENDA, LA LECHERIA",ASOCIACIÓN DE USUARIOS DEL ACUEDUCTO DE LA MERCED Y SECTOR EL TRIUNFO,438.0,135.0,Otros,10000000.0,44000000.0,SI,NO,NO,NO,NO,SI,1.0,Río,1.7,LITROS POR SEGUNDO,1.0,A,5,1.0,A,,,,,2.0,100000.0,LITROS,1.02,MESES,1.0,A,3.0,24.0,135.0,135.0,135.0,Mayor de 100 m,1.0,A,1.7,LITROS POR SEGUNDO,No se realiza,No,,MILIGRAMOS POR LITRO,2022-04-03,No aplica,2022-04-03,No aplica,2022-04-03,1.0,1.0,1.0,0.35,0.8375,2
2022-03-21,,ABASTO DE AGUA SUBIA LA CARBONERA,201980,Colombia,"CUNDINAMARCA,SILVANIA,SUBIA CARBONERA",CUNDINAMARCA,SILVANIA,SUBIA CARBONERA,4.46854,-74.39612,2101.8,,,1992.0,4.0,1.0,"ALTO LAS DELICIAS, CARBONERA BAJA, EL PLACER, PEDREGAL",ASOCIACIÓN DEL ACUEDUCTO SUBIA LA CARBONERA,411.51666666666665,80.0,,10000000.0,20000000.0,SI,NO,NO,NO,NO,SI,1.0,Otras,0.47,LITROS POR SEGUNDO,1.0,A,1,1.0,A,,,,,3.0,168360.0,LITROS,2.0,MESES,0.85,B,1.0,24.0,80.0,0.0,0.0,Mayor de 100 m,0.7,C,0.47,LITROS POR SEGUNDO,No se realiza,No,,MILIGRAMOS POR LITRO,,No aplica,2022-04-04,No aplica,2022-04-04,1.0,0.8783,0.6,0.35,0.7071,2
2022-03-22,,ABASTO DE AGUA LOMA ALTA -  LA ESCUELA,201981,Colombia,"CUNDINAMARCA,SILVANIA,LOMA ALTA",CUNDINAMARCA,SILVANIA,LOMA ALTA,4.40899,-74.4091,1763.5,,,1996.0,1.0,1.0,LA ESCUELA,ASOCIACIÓN DE USUARIOS DEL ACUEDUCTO VEREDAL SECTOR LA ESCUELA - LASE,330.0,80.0,,10000000.0,4000000.0,SI,NO,NO,NO,NO,SI,1.0,Quebrada,1.06,LITROS POR SEGUNDO,0.7,C,1,0.7,C,,,,,1.0,50000.0,LITROS,6.0,MESES,0.55,C,1.0,24.0,80.0,0.0,0.0,Mayor de 100 m,0.7,C,1.06,LITROS POR SEGUNDO,No se realiza,No,,MILIGRAMOS POR LITRO,2022-04-20,No pasa,2022-04-04,No pasa,2022-04-04,1.0,0.659,0.4,0.35,0.6023,2
2022-03-23,,ABASTO DE AGUA LOMA ALTA - ALTA Y CENTRO,201982,Colombia,"CUNDINAMARCA,SILVANIA,LOMA ALTA",CUNDINAMARCA,SILVANIA,LOMA ALTA,4.40484,-74.40659,1771.0,,,1992.0,2.0,1.0,"LOMA ALTA CENTRO, SECTOR ALTO",ASOCIACION DE SUSCRIPTORES DEL ACUEDUCTO DE VEREDA LOMA ALTA DEL MUNICIPIO DE SILVANIA .,531.0,106.0,Programa Rural,12000000.0,2000000.0,SI,NO,NO,NO,NO,SI,1.0,Quebrada,0.38,LITROS POR SEGUNDO,0.7,C,1,0.7,C,,,,,1.0,10000.0,LITROS,0.51,MESES,1.0,A,2.0,24.0,106.0,0.0,0.0,Mayor de 100 m,0.7,C,0.38,LITROS POR SEGUNDO,No se realiza,No,,MILIGRAMOS POR LITRO,2022-04-20,No pasa,2022-04-04,No pasa,2022-04-04,0.4709,0.7653,0.2,0.0,0.359,2
2022-03-24,,ABASTO DE AGUA SAN JOSE DEL CHOCHO,201983,Colombia,"CUNDINAMARCA,SILVANIA,SAN JOSE DEL CHOCHO",CUNDINAMARCA,SILVANIA,SAN JOSE DEL CHOCHO,4.36644,-74.43152,1498.8,Abasto de agua,,1982.0,5.0,1.0,"EL HATO, EL PLAN, EL TRAPICHE, LA ESTRELLA, PEDROS PULGAS",ACUEDUCTO SAN JOSE DEL CHOCHO DEL MUNICIPIO DE SILVANIA,316.0,105.0,,3000000.0,5000000.0,SI,NO,NO,NO,SI,SI,1.0,Quebrada,0.83,LITROS POR SEGUNDO,1.0,A,1,0.7,C,,,,,1.0,80000.0,LITROS,4.0,MESES,0.7,C,1.0,24.0,105.0,45.0,45.0,Mayor de 100 m,0.7,C,0.83,LITROS POR SEGUNDO,No se realiza,No,,MILIGRAMOS POR LITRO,2022-05-11,No pasa,2022-04-04,No pasa,2022-04-04,1.0,0.7653,0.4,0.275,0.6101,2
2022-03-25,,ABASTO DE AGUA MONSERRATE,201984,Colombia,"CUNDINAMARCA,SILVANIA,YAYATA,YAYATA BAJA",CUNDINAMARCA,SILVANIA,"YAYATA,YAYATA BAJA",4.41534,-74.41293,1844.0,,,1997.0,1.0,1.0,YAYATA BAJA,ASOCIACIÓN DE USUARIOS ACUEDUCTO RURAL DE MONSERRATE,200.0,51.0,,5000000.0,40000000.0,SI,NO,NO,NO,NO,SI,1.0,Quebrada,0.56,LITROS POR SEGUNDO,1.0,A,2,0.7,C,,,,,5.0,185000.0,LITROS,6.0,MESES,0.82,B,2.0,24.0,51.0,51.0,51.0,Mayor de 100 m,1.0,A,0.56,LITROS POR SEGUNDO,No se realiza,No,,MILIGRAMOS POR LITRO,2022-04-20,No pasa,2022-04-04,No pasa,2022-04-04,1.0,0.8704,0.4,0.35,0.6551,2
2022-03-26,,ABASTO DE AGUA SANTA TERESA,201985,Colombia,"CUNDINAMARCA,SILVANIA,YAYATA",CUNDINAMARCA,SILVANIA,YAYATA,4.41452,-74.41218,1816.0,,,1998.0,1.0,1.0,LAS VILLAS,ASOCIACIÓN DE SUSCRIPTORES ACUEDUCTO SANTA TERESA,531.0,116.0,Programa Rural,10000000.0,3000000.0,SI,NO,NO,NO,NO,SI,1.0,Quebrada,1.06,LITROS POR SEGUNDO,0.7,C,1,0.7,C,,,,,2.0,110000.0,LITROS,6.0,MESES,0.85,B,2.0,24.0,116.0,100.0,70.0,Mayor de 100 m,0.7,C,1.06,LITROS POR SEGUNDO,No se realiza,No,,MILIGRAMOS POR LITRO,2022-04-20,No pasa,2022-04-04,No pasa,2022-04-04,1.0,0.7348,0.2,0.35,0.5712,2
2022-03-29,,ACUEDUCTO ASUAGUABONITA,201986,Colombia,"CUNDINAMARCA,SILVANIA,AGUA BONITA",CUNDINAMARCA,SILVANIA,AGUA BONITA,4.43405,-74.32307,1803.8,2473.9,,1986.0,5.0,1.0,"EL COLEGIO, EL PORVENIR, ESQUIVEL, LAS PALMERAS, SECTOR CENTRO","ASOCIACION DE USUARIOS DEL ACUEDUCTO AGUA BONITA, ASUAGUABONITA",727.0,140.0,,20000000.0,10000000.0,SI,NO,NO,NO,SI,SI,1.0,Quebrada,2.7,LITROS POR SEGUNDO,1.0,A,1,0.7,C,1.0,Desinfección con cloro,1.0,A,1.0,30000.0,LITROS,6.0,MESES,0.85,B,4.0,24.0,140.0,140.0,140.0,Mayor de 100 m,0.7,C,2.7,LITROS POR SEGUNDO,"Sí, y funciona",No,,MILIGRAMOS POR LITRO,2022-05-11,No pasa,2022-04-04,No pasa,2022-04-04,1.0,0.8033,0.6,1.0,0.8508,2
2022-03-30,,ABASTO DE AGUA CAFETERO YAYATA,201987,Colombia,"CUNDINAMARCA,SILVANIA,YAYATA",CUNDINAMARCA,SILVANIA,YAYATA,4.22878,-74.392504,1792.0,,,1968.0,4.0,1.0,"ALTOS DE YAYATA, LAS PALMAS, YAYATA BAJA EL RODEO, YAYATA CENTRO",ASOCIACION ACUEDUCTO CAFETERO,294.0,75.0,,70000000.0,50000000.0,SI,NO,NO,NO,NO,SI,1.0,Quebrada,1.04,LITROS POR SEGUNDO,0.7,C,1,0.7,C,,,,,3.0,274000.0,LITROS,3.0,MESES,0.8,B,3.0,24.0,75.0,75.0,75.0,Mayor de 100 m,0.7,C,1.04,LITROS POR SEGUNDO,No se realiza,No,,MILIGRAMOS POR LITRO,2022-04-20,No pasa,2022-04-04,No pasa,2022-04-04,1.0,0.7238,0.4,0.35,0.6185,2
2022-03-29,,ABASTO DE AGUA  MONTERRICO,201988,Colombia,"CUNDINAMARCA,SILVANIA,AGUA BONITA",CUNDINAMARCA,SILVANIA,AGUA BONITA,4.46759,-74.31818,2570.0,,,1997.0,1.0,1.0,MONTERICO  - ESCUELA,ASOCIACION DE USUARIOS DEL ACUEDUCTO MONTERRICO ASUAM,295.0,45.0,,19000000.0,,SI,NO,NO,NO,NO,SI,1.0,Otras,1.01,LITROS POR SEGUNDO,0.4,C,1,0.7,C,,,,,1.0,20000.0,LITROS,1.02,MESES,1.0,A,1.0,24.0,45.0,0.0,0.0,Mayor de 100 m,0.7,C,1.01,LITROS POR SEGUNDO,No se realiza,No,,MILIGRAMOS POR LITRO,2022-05-11,No pasa,2022-04-04,No pasa,2022-04-04,1.0,0.6654,0.4,0.275,0.5851,2
2022-03-30,,ABASTO DE AGUA  QUEBRADA MURILLO,201989,Colombia,"CUNDINAMARCA,SILVANIA,YAYATA",CUNDINAMARCA,SILVANIA,YAYATA,4.41481,-74.404,1803.8,Abasto de agua,,1992.0,2.0,1.0,"LA CENTRAL, LA ESCUELA",ASOCIACIÓN DE USUARIOS DEL ACUEDUCTO RURAL DE LA QUEBRADA MURILLO,321.0,85.0,Otros,6000000.0,40.0,SI,NO,NO,NO,NO,SI,1.0,Quebrada,0.15,LITROS POR SEGUNDO,1.0,A,1,0.7,C,,,,,1.0,18000.0,LITROS,0.24,MESES,1.0,A,4.0,24.0,51.0,35.0,35.0,Mayor de 100 m,0.775,B,0.15,LITROS POR SEGUNDO,No se realiza,No,,MILIGRAMOS POR LITRO,2022-04-20,No pasa,2022-04-04,No pasa,2022-04-04,1.0,0.8582,0.2,0.35,0.6021,2
2022-03-25,,ABASTO DE AGUA VEREDA SAN ANTONIO RIO LINDO,201995,Colombia,"CUNDINAMARCA,VIOTÁ,SAN ANTONIO,SAN ANTONIO",CUNDINAMARCA,VIOTÁ,"SAN ANTONIO,SAN ANTONIO",4.4464167,-74.521027777778,636.2,,,2002.0,7.0,1.0,"ALTO DE CAPOTES, AYENDE, CAPOTES, EL DORADO, ESCUELA CAPOTES, PRIMERA DE MAYO, SAN ANTONIO",ASOCIACION DE USUARIOS DEL ACUEDUCTO SAN ANTONIO RIO LINDO ACUALINDO,418.0,126.0,,,,SI,NO,NO,NO,SI,SI,1.0,Quebrada,5.0,LITROS POR SEGUNDO,1.0,A,2,1.0,A,1.0,Sedimentación,0.85,B,1.0,600000.0,LITROS,6.0,MESES,0.85,B,7.0,24.0,126.0,0.0,0.0,Mayor de 100 m,1.0,A,5.0,LITROS POR SEGUNDO,No se realiza,No,,MILIGRAMOS POR LITRO,,No aplica,2022-04-04,No aplica,2022-04-04,1.0,0.9602,0.4,0.425,0.6963,2
2022-03-26,,ABASTO DE AGUA VEREDA GUASIMALES,201998,Colombia,"CUNDINAMARCA,VIOTÁ,GUASIMAL,GUASIMAL EL CAÑAL",CUNDINAMARCA,VIOTÁ,"GUASIMAL,GUASIMAL EL CAÑAL",4.4503056,-74.475777777778,1117.7,,,1992.0,7.0,2.0,"ARRAYANES, ARRAYANES LAS PARCELAS, BAJO ARRAYANES, BAJO GUASIMAL, GUASIMAL CACERIO, GUASIMAL EL CAÑAL, GUASIMAL SECTOR LA ESCUELA","ASOCIACIÓN DE USUARIOS DEL ACUEDUCTO DE LA VEREDA GUASIMALES, ASOCIACION DE USUARIOS DEL ACUEDUCTO LOS ARRAYANES",655.0,169.0,,,,SI,NO,NO,NO,SI,SI,1.0,Quebrada,4.0,LITROS POR SEGUNDO,0.4,C,4,1.0,A,1.0,Sedimentación,0.4,C,3.0,208000.0,LITROS,6.0,MESES,0.85,B,7.0,24.0,169.0,0.0,0.0,Mayor de 100 m,1.0,A,4.0,LITROS POR SEGUNDO,No se realiza,No,,MILIGRAMOS POR LITRO,2022-04-22,No pasa,2022-04-22,No pasa,2022-04-22,1.0,0.7636,0.2,0.2,0.5409,2
2022-03-27,,ABASTO DE AGUA CENTRO POBLADO SAN GABRIEL,201999,Colombia,"CUNDINAMARCA,VIOTÁ,INSPECCION SAN GABRIEL,INSPECCION SAN GABRIEL",CUNDINAMARCA,VIOTÁ,"INSPECCION SAN GABRIEL,INSPECCION SAN GABRIEL",4.4725833,-74.441527777778,1632.6,,,1972.0,3.0,1.0,"OLIVOS ALTO, OLIVOS LA VIRGEN, SAN GABRIEL",ASOCIACIÓN DE USUARIOS DEL ACUEDUCTO DE LA INSPECCIÓN DE SAN GABRIEL,703.0,180.0,Programa Rural,7000000.0,,SI,NO,NO,NO,SI,SI,1.0,Quebrada,10.0,LITROS POR SEGUNDO,1.0,A,1,1.0,A,1.0,Sedimentación,0.7,C,2.0,134500.0,LITROS,6.0,MESES,0.7,C,3.0,24.0,180.0,0.0,0.0,Mayor de 100 m,1.0,A,10.0,LITROS POR SEGUNDO,No se realiza,No,,MILIGRAMOS POR LITRO,2022-04-22,No pasa,2022-04-22,No pasa,2022-04-22,1.0,0.9147,1.0,0.35,0.8162,2
2022-03-28,,ABASTO DE AGUA VEREDA LA DULCE,202000,Colombia,"CUNDINAMARCA,VIOTÁ,LA DULCE,LA DULCE",CUNDINAMARCA,VIOTÁ,"LA DULCE,LA DULCE",4.495013,-74.468091,1152.7,,,1972.0,1.0,1.0,LA DULCE,ASOCIACIÓN DE USUARIOS DEL ACUEDUCTO DE LA VEREDA LA DULCE,71.0,20.0,,,,SI,NO,NO,NO,SI,SI,1.0,Quebrada,3.0,LITROS POR SEGUNDO,0.4,C,1,0.4,C,,,,,1.0,176.02,LITROS,6.0,MESES,0.7,C,1.0,24.0,20.0,0.0,0.0,Mayor de 100 m,0.7,C,3.0,LITROS POR SEGUNDO,No se realiza,No,,MILIGRAMOS POR LITRO,2022-04-22,No pasa,2022-04-22,No pasa,2022-04-22,0.062,0.5292,0.4,0.0,0.2478,2
2022-03-29,,ABASTO DE AGUA LOS EUCALIPTOS VEREDA SANTA TERESA ALTA,202001,Colombia,"CUNDINAMARCA,VIOTÁ,SANTA TERESA,SANTA TERESA ALTA",CUNDINAMARCA,VIOTÁ,"SANTA TERESA,SANTA TERESA ALTA",4.4851389,-74.426583333333,1910.7,,,2018.0,1.0,1.0,SANTA TERESA ALTA,ASOCIACION DE USUARIOS LOS EUCALIPTOS,57.0,20.0,,,,SI,NO,NO,NO,SI,SI,1.0,Quebrada,5.0,LITROS POR SEGUNDO,0.0,D,2,1.0,A,,,,,2.0,1000.0,LITROS,6.0,MESES,0.85,B,1.0,24.0,20.0,0.0,0.0,Mayor de 100 m,1.0,A,5.0,LITROS POR SEGUNDO,No se realiza,"Sí, pero no de maner mayoritaria",,MILIGRAMOS POR LITRO,2022-04-22,No pasa,2022-04-22,No pasa,2022-04-22,0.4384,0.0,1.0,0.2,0.4096,2
2022-03-30,,ABASTO DE AGUA VEREDA JAVA,202002,Colombia,"CUNDINAMARCA,VIOTÁ,JAVA,JAVA",CUNDINAMARCA,VIOTÁ,"JAVA,JAVA",4.5050056,-74.424055555556,1861.8,,,1982.0,4.0,1.0,"ENTRE RIOS PARTE BAJA, JAVA, MARGARITA, SECTOR LA TIENDA",ASOCIACIÓN DE USUARIOS DE LA VEREDA JAVA,183.0,64.0,,,,SI,NO,NO,NO,SI,SI,1.0,Quebrada,5.0,LITROS POR SEGUNDO,1.0,A,2,1.0,A,1.0,Sedimentación,0.4,C,1.0,89000.0,LITROS,6.0,MESES,0.85,B,4.0,23.5,64.0,0.0,0.0,Mayor de 100 m,1.0,A,5.0,LITROS POR SEGUNDO,No se realiza,No,,MILIGRAMOS POR LITRO,,No aplica,2022-04-04,No aplica,2022-04-04,1.0,0.9602,0.8,0.2,0.7401,2
2022-03-31,,ABASTO DE AGUA VEREDA EL RESGUARDO BAJO,202004,Colombia,"CUNDINAMARCA,GUAYABAL DE SÍQUIMA,RESGUARDO,SECTOR ANA TERESA",CUNDINAMARCA,GUAYABAL DE SÍQUIMA,"RESGUARDO,SECTOR ANA TERESA",4.8682222,-74.475388888889,1550.2,,,1996.0,2.0,1.0,"PARCELIZACIÓN FINCA ANA TERESA, SECTOR ANA TERESA",ACUEDUCTO REGIONAL DE LA VEREDA RESGUARDO BAJO ACUERESBA,150.0,44.0,Programa Rural,59000000.0,,SI,NO,NO,NO,SI,SI,1.0,Quebrada,6.0,LITROS POR SEGUNDO,0.4,C,1,0.7,C,1.0,Sedimentación,0.7,C,1.0,32000.0,LITROS,6.0,MESES,0.85,B,2.0,24.0,44.0,0.0,0.0,Mayor de 100 m,1.0,A,6.0,LITROS POR SEGUNDO,No se realiza,No,,MILIGRAMOS POR LITRO,,No aplica,2022-04-04,No aplica,2022-04-04,1.0,0.6985,0.8,0.35,0.7121,2
2022-03-31,,ABASTO DE AGUA VEREDA TORRES ACUVET,202006,Colombia,"CUNDINAMARCA,GUAYABAL DE SÍQUIMA,TORRES,EL CAPRICHO",CUNDINAMARCA,GUAYABAL DE SÍQUIMA,"TORRES,EL CAPRICHO",4.9368056,-74.492,1568.6,,,1996.0,1.0,1.0,EL CAPRICHO,ASOCIACIÓN DE USUARIOS ACUEDUCTO VEREDA TORRES ACUVET,49.0,16.0,,,,SI,NO,NO,NO,SI,SI,1.0,Ojo de agua o manantial,4.0,LITROS POR SEGUNDO,0.0,D,1,1.0,A,,,,,1.0,40000.0,LITROS,6.0,MESES,0.55,C,1.0,24.0,16.0,0.0,0.0,Mayor de 100 m,1.0,A,4.0,LITROS POR SEGUNDO,No se realiza,No,,MILIGRAMOS POR LITRO,,No aplica,2022-04-04,No aplica,2022-04-04,1.0,0.0,0.2,0.0,0.3,2
2022-03-24,,ABASTO DE AGUA PLACITAS,202075,Colombia,"CUNDINAMARCA,FOSCA,PLACITAS,PLACITAS PARTE ALTA",CUNDINAMARCA,FOSCA,"PLACITAS,PLACITAS PARTE ALTA",4.3231,-73.9934,236.0,252810130,,1960.0,4.0,1.0,"LOS GALPONES, PLACITAS PARTE ALTA, PLACITAS PARTE BAJA, PLACITAS SECTOR ESCUELA",GESTIÓN COMUNITARIA ASOPROPLACITAS,240.0,70.0,Otros,2000000.0,,SI,NO,NO,NO,SI,SI,1.0,Otras,2.0,LITROS POR SEGUNDO,0.0,D,1,1.0,A,,,,,,,,,,0.0,D,4.0,24.0,70.0,0.0,0.0,Mayor de 100 m,1.0,A,4.0,LITROS POR SEGUNDO,No se realiza,No,,MILIGRAMOS POR LITRO,,No aplica,2022-04-08,No aplica,2022-04-08,0.0,0.0,0.6,0.0,0.15,2
2022-03-15,,ABASTO DE AGUA PALMICHALES,202085,Colombia,"CUNDINAMARCA,EL PEÑÓN,HATILLO",CUNDINAMARCA,EL PEÑÓN,HATILLO,5.264644,-74.26407,1737.0,,,2005.0,1.0,1.0,HATILLO PALMICHALES,GESTION COMUNITARIA PALMICHALES,49.0,17.0,Otros,,40000000.0,SI,NO,NO,NO,SI,SI,1.0,Ojo de agua o manantial,16.5,LITROS POR SEGUNDO,0.4,C,1,0.7,C,,,,,1.0,30000.0,LITROS,12.37,MESES,0.35,D,1.0,24.0,17.0,0.0,0.0,Mayor de 100 m,0.7,C,16.5,LITROS POR SEGUNDO,No se realiza,No,,MILIGRAMOS POR LITRO,,No aplica,2022-04-09,No aplica,2022-04-09,1.0,0.5118,1.0,0.0,0.628,2
2022-03-25,,ABASTO DE AGUA MESA DE CASTRO,202087,Colombia,"CUNDINAMARCA,FOSCA,MESA DE CASTRO,MESA DE CASTRO ALTA",CUNDINAMARCA,FOSCA,"MESA DE CASTRO,MESA DE CASTRO ALTA",4.305803,-73.960559,2177.0,2528101101,,1969.0,3.0,1.0,"MESA DE CASTRO ALTA, MESA DE CASTRO BAJA, SECTOR ESCUELA",ASOCIACION DE USUARIOS ACUEDUCTO VEREDA MESA DE CASTRO,155.0,52.0,Otros,10000000.0,4000000.0,SI,NO,NO,NO,SI,SI,1.0,Otras,6.0,LITROS POR SEGUNDO,1.0,A,1,0.7,C,,,,,2.0,60000.0,LITROS,6.0,MESES,0.85,B,3.0,24.0,52.0,0.0,0.0,Mayor de 100 m,1.0,A,6.0,LITROS POR SEGUNDO,No se realiza,No,,MILIGRAMOS POR LITRO,,No aplica,2022-04-09,No aplica,2022-04-09,1.0,0.8783,0.8,0.0,0.6696,2
2022-03-26,,ABASTO  PUBLICO DE AGUA VEREDA MOQUENTIVA - GACHETA,202096,Colombia,"CUNDINAMARCA,GACHETÁ,MOQUENTIVA,ALTO DE LA CRUZ",CUNDINAMARCA,GACHETÁ,"MOQUENTIVA,ALTO DE LA CRUZ",4.87499,-73.68504,2433.6,,,1982.0,4.0,1.0,"ALTO DE LA CRUZ, PUENTE MILITAR, ROMERAL, ZOLAQUE",ASOCIACION  DE USUARIOS DEL ACUEDUCTO DE LA VEREDA MOQUENTIVA,405.0,110.0,Otros,75000000.0,40000000.0,SI,NO,NO,NO,SI,SI,1.0,Ojo de agua o manantial,0.65,LITROS POR SEGUNDO,0.7,C,1,0.7,C,1.0,Sedimentación,1.0,A,1.0,30000.0,LITROS,6.0,MESES,0.7,C,1.0,24.0,110.0,0.0,0.0,Mayor de 100 m,0.7,C,0.8,LITROS POR SEGUNDO,No se realiza,No,,MILIGRAMOS POR LITRO,,No aplica,2022-04-09,No aplica,2022-04-09,1.0,0.7,1.0,0.5,0.8,2
2022-03-28,,ABASTO PUBLICO DE AGUA VEREDA TASAJERAS,202101,Colombia,"CUNDINAMARCA,GACHETÁ,TASAJERAS,SAN PEDRO",CUNDINAMARCA,GACHETÁ,"TASAJERAS,SAN PEDRO",4.90397,-73.60387,2699.3,,,1997.0,4.0,1.0,"SALINAS, SAN JOSE, SAN JUAN, SAN PEDRO",ASOCIACIÓN DE ACUEDUCTO DE LA VEREDA TASAJERAS DEL MUNICIPIO DE GACHETA,211.0,55.0,Otros,40000000.0,60000000.0,SI,NO,NO,NO,SI,SI,1.0,Quebrada,1.5,LITROS POR SEGUNDO,0.7,C,1,0.7,C,,,,,1.0,25000.0,LITROS,3.0,MESES,0.7,C,1.0,24.0,55.0,0.0,0.0,Mayor de 100 m,0.7,C,1.7,LITROS POR SEGUNDO,No se realiza,"Sí, de maner mayoritaria",,MILIGRAMOS POR LITRO,,No aplica,2022-04-09,No aplica,2022-04-09,1.0,0.7,0.6,0.5,0.7,2
2022-03-30,,ABASTO  PUBLICO DE AGUA VEREDA BOMBITA,202108,Colombia,"CUNDINAMARCA,GACHETÁ,Bombita,CUARTO DE CRUCES",CUNDINAMARCA,GACHETÁ,"Bombita,CUARTO DE CRUCES",4.81677,-73.59395,2555.5,,,1992.0,4.0,1.0,"CUARTO DE CRUCES, CUARTO DE SAN JOSE, PIEDRAS GORDAS, SAN ANTONIO",JUNTA DE ACCIÓN COMUNAL VEREDA BOMBITA,271.0,65.0,,,35000000.0,SI,SI,NO,NO,SI,SI,1.0,Canal,1.3,LITROS POR SEGUNDO,0.4,C,1,0.7,C,,,,,2.0,24000.0,LITROS,3.0,MESES,0.7,C,2.0,24.0,65.0,0.0,0.0,Mayor de 100 m,0.7,C,1.8,LITROS POR SEGUNDO,No se realiza,No,,MILIGRAMOS POR LITRO,,No aplica,2022-04-09,No aplica,2022-04-09,1.0,0.6086,0.8,0.425,0.7084,2
2022-03-31,,ABASTO  PUBLICO DE AGUA VEREDA SANTUARIO - GAMA,202116,Colombia,"CUNDINAMARCA,GAMA,SANTUARIO,AGUAS BLANCAS",CUNDINAMARCA,GAMA,"SANTUARIO,AGUAS BLANCAS",4.72981,-73.59897,2561.6,,,1994.0,6.0,1.0,"AGUA BLANCAS  PARTE BAJA, AGUAS BLANCAS, CAPELLANIA, LA PALMA, MARTINERO, ROMERANO",GESTIÓN COMUNITARIA - VEREDA SANTUARIO,521.0,140.0,,,,SI,NO,NO,NO,SI,NO,1.0,Quebrada,1.3,LITROS POR SEGUNDO,0.7,C,1,0.7,C,,,,,1.0,70000.0,LITROS,6.0,MESES,0.7,C,2.0,24.0,140.0,0.0,0.0,Mayor de 100 m,0.7,C,1.9,LITROS POR SEGUNDO,No se realiza,"Sí, de maner mayoritaria",,MILIGRAMOS POR LITRO,,No aplica,2022-04-09,No aplica,2022-04-09,1.0,0.7,1.0,0.5,0.8,2
2022-03-28,,ABASTO DE AGUA GRANADILLO,202148,Colombia,"CUNDINAMARCA,QUETAME,GRANADILLO,LA ESCUELA",CUNDINAMARCA,QUETAME,"GRANADILLO,LA ESCUELA",4.314538,-73.858209,1872.0,2559400902,,2014.0,2.0,1.0,"GRANADILLO PARTE BAJA, LA ESCUELA",GESTIÓN COMUNITARIA VEREDA GRANADILLO,77.0,24.0,Otros,3000000.0,1000000.0,SI,NO,NO,NO,SI,SI,1.0,Otras,3.0,LITROS POR SEGUNDO,0.0,D,1,1.0,A,,,,,1.0,0.0,LITROS,,MESES,0.5,C,2.0,13.0,24.0,0.0,0.0,Mayor de 100 m,1.0,A,3.0,LITROS POR SEGUNDO,No se realiza,No,,MILIGRAMOS POR LITRO,,No aplica,2022-04-11,No aplica,2022-04-11,0.0,0.0,0.4,0.0,0.1,2
2022-03-28,,ABASTO DE AGUA LAS MERCEDES,202151,Colombia,"CUNDINAMARCA,QUETAME,LAS MERCEDES,TECHO AZUL",CUNDINAMARCA,QUETAME,"LAS MERCEDES,TECHO AZUL",4.356164,-73.847622,2376.0,2559401603,,2005.0,4.0,1.0,"LAS LAJAS PARTE ALTA, LAS MERCEDES PARTE BAJA, SECTOR ESCUELA, TECHO AZUL",GESTIÓN COMUNITARIA LAS MERCEDES,94.0,30.0,Otros,5000000.0,2000000.0,SI,NO,NO,NO,SI,SI,1.0,Quebrada,4.0,GALONES POR MINUTO,0.0,D,1,1.0,A,,,,,1.0,800.0,LITROS,3.0,MESES,0.85,B,3.0,24.0,30.0,0.0,0.0,Mayor de 100 m,1.0,A,4.0,LITROS POR SEGUNDO,No se realiza,No,,MILIGRAMOS POR LITRO,,No aplica,2022-04-11,No aplica,2022-04-11,0.2126,0.0,0.6,0.0,0.2031,2
2022-04-20,,ACUEDUCTO REGIONAL SAN JOSE  ACURESAN,202385,Colombia,"CUNDINAMARCA,GRANADA,SAN JOSE,SECTOR LA FLORESTA",CUNDINAMARCA,GRANADA,"SAN JOSE,SECTOR LA FLORESTA",4.53475,-74.342861111111,2522.0,,,2002.0,16.0,1.0,"GALPONES, GUASIMAL CENTRO, LA CONQUISTA, LA FLORESTA BAJA, LA PLAYITA ALTA, LA PLAYITA CENTRO, NORUEGA CASERIO, NORUEGA LA ESCUELA, SAN JOSE PARTE ALTA, SANTA HELENA CENTRO, SANTA LUCIA ALTA, SANTA LUCIA PARCELAS, SECTOR SALON COMUNAL, TRES ESQUINAS, VENECIA BAJA, VENECIA  CASERIO",ASOCIACIÓN DE USUARIOS DEL ACUEDUCTO REGIONAL SAN JOSE ACURESAN,1099.0,294.0,,,19000000.0,SI,NO,NO,NO,SI,SI,1.0,Quebrada,2.54,LITROS POR SEGUNDO,1.0,A,3,1.0,A,1.0,Coagulación y Floculación,0.85,B,2.0,120000.0,LITROS,12.37,MESES,0.425,C,2.0,24.0,294.0,0.0,0.0,Mayor de 100 m,0.85,B,2.54,LITROS POR SEGUNDO,"Sí, y funciona",No,0.9,MILIGRAMOS POR LITRO,2022-05-11,Sí pasa,2022-05-11,No pasa,2022-05-11,1.0,0.7753,0.8,0.925,0.8751,2
2022-04-25,,ABASTO DE AGUA ASUNASAN,202386,Colombia,"CUNDINAMARCA,GRANADA,LA VEINTIDOS,LA VEINTIDOS CENTRO POBLADO",CUNDINAMARCA,GRANADA,"LA VEINTIDOS,LA VEINTIDOS CENTRO POBLADO",4.5211111,-74.369722222222,2366.0,,,2002.0,2.0,1.0,"LA ESCUELA, LA VEINTIDOS CENTRO POBLADO",ASOCIACION DE USUARIOS DEL ACUEDUCTO SAN PEDRO NO. 2,250.0,56.0,,,,SI,NO,NO,NO,SI,SI,1.0,Quebrada,2.0,LITROS POR SEGUNDO,1.0,A,1,1.0,A,1.0,Sedimentación,0.7,C,1.0,32000.0,LITROS,12.37,MESES,0.5,C,1.0,24.0,56.0,0.0,0.0,Mayor de 100 m,1.0,A,2.0,LITROS POR SEGUNDO,No se realiza,No,,MILIGRAMOS POR LITRO,,No pasa,2022-05-11,No pasa,2022-05-11,1.0,0.8409,1.0,0.35,0.7977,2
2022-04-11,,ABASTO VEREDA LAGUNA VERDE,202425,Colombia,"CUNDINAMARCA,ZIPACÓN,LAGUNA VERDE",CUNDINAMARCA,ZIPACÓN,LAGUNA VERDE,4.72603,-74.4186,1723.0,,,2005.0,2.0,1.0,"GUADUALITO PARTE BAJA, LAGUNA VERDE PARTE BAJA",ASOCIACION DE USUARIOS DEL ACUEDUCTO VEREDAL EL RESGUARDO VEREDA LAGUNA VERDE ZIPACON,170.0,80.0,"Otros, Otros",31000000.0,8600000.0,SI,NO,NO,NO,SI,SI,1.0,Quebrada,0.7,LITROS POR SEGUNDO,0.7,C,1,0.7,C,2.0,"Sedimentación, Filtración lenta",0.85,B,2.0,20000.0,LITROS,6.0,MESES,0.7,C,1.0,24.0,80.0,0.0,0.0,Mayor de 100 m,0.7,C,0.7,LITROS POR SEGUNDO,No se realiza,No,,MILIGRAMOS POR LITRO,,No aplica,2022-04-26,No aplica,2022-04-26,1.0,0.7,0.8,0.425,0.7312,2
2022-04-21,,ABASTO ACUAVERDE,202433,Colombia,"CUNDINAMARCA,ZIPACÓN,SAN CAYETANO",CUNDINAMARCA,ZIPACÓN,SAN CAYETANO,4.71561,-74.411903,1673.0,,,2010.0,2.0,1.0,"LAGUNA VERDE PARTE ALTA, SAN CAYETANO PARTE ALTA","ASOCIACION DE USUARIOS DEL ACUEDUCTO DE LAS VEREDAS LAGUNA VERDE SAN CAYETANO PARTE ALTA DEL MUNICIPIO DE ZIPACON ""ACUAVERDE""",132.0,37.0,Otros,5000000.0,40000000.0,SI,NO,NO,NO,SI,SI,1.0,Ojo de agua o manantial,0.22,LITROS POR SEGUNDO,0.7,C,1,0.7,C,1.0,Sedimentación,0.85,B,1.0,18000.0,LITROS,3.0,MESES,0.7,C,1.0,24.0,37.0,0.0,0.0,Mayor de 100 m,0.7,C,0.22,LITROS POR SEGUNDO,No se realiza,"Sí, de maner mayoritaria",,MILIGRAMOS POR LITRO,,No aplica,2022-04-27,No aplica,2022-04-27,1.0,0.7,0.8,0.5,0.75,2
2022-04-21,,ABASTO ASUACOC,202457,Colombia,"CUNDINAMARCA,ZIPACÓN,EL OCASO",CUNDINAMARCA,ZIPACÓN,EL OCASO,4.706175,-74.425288,1477.0,,,1932.0,4.0,1.0,"CARTAGENA PARTE BAJA, EL OCASO CENTRO POBLADO, SAN CAYETANO SECTOR CARRETERA, TOLU BAJO","ASOCIACION DE USUARIOS DE ACUEDUCTO RURAL EL OCASO  ""ASUACOC""",523.0,212.0,Otros,200000.0,40000000.0,SI,NO,NO,NO,SI,SI,1.0,Ojo de agua o manantial,3.03,LITROS POR SEGUNDO,0.7,C,1,0.7,C,2.0,"Desinfección con cloro, Sedimentación",0.925,A,2.0,80000.0,LITROS,6.0,MESES,0.7,C,2.0,24.0,212.0,212.0,212.0,Mayor de 100 m,0.7,C,3.2,LITROS POR SEGUNDO,"Sí, y funciona","Sí, de maner mayoritaria",0.12,MILIGRAMOS POR LITRO,2022-04-21,No aplica,2022-04-27,No aplica,2022-04-27,1.0,0.7,1.0,1.0,0.925,2
2022-04-26,,ABASTO DE AGUA LA 22 PARTE ALTA LA PRIMAVERA,202480,Colombia,"CUNDINAMARCA,GRANADA,LA VEINTIDOS",CUNDINAMARCA,GRANADA,LA VEINTIDOS,4.5358333,-74.368055277778,2599.0,,,1991.0,2.0,1.0,"LA PRIMAVERA, LA VEINTIDOS PARTE ALTA",GESTION COMUNITARIA LA VEINTIDOS PARTE ALTA Y LA PRIMAVERA,236.0,59.0,,,,SI,NO,NO,NO,SI,SI,1.0,Quebrada,1.0,LITROS POR SEGUNDO,0.7,C,1,0.7,C,1.0,Sedimentación,0.85,B,1.0,37000.0,LITROS,12.37,MESES,0.35,D,1.0,24.0,59.0,0.0,0.0,Mayor de 100 m,0.7,C,1.0,LITROS POR SEGUNDO,No se realiza,No,,MILIGRAMOS POR LITRO,,No aplica,2022-04-28,No aplica,2022-04-28,1.0,0.5886,1.0,0.425,0.7534,2
2022-04-27,,ABASTO DE AGUA LA 22 BAJA SUR ORIENTAL,202482,Colombia,"CUNDINAMARCA,GRANADA,LA VEINTIDOS",CUNDINAMARCA,GRANADA,LA VEINTIDOS,4.5185833,-74.370805555556,2345.0,,,2002.0,4.0,1.0,"GRANADA, LA AUTOPISTA, LA VEINTIDOS ORIENTE, LA VEINTIDÓS SUR",ASOCIACIÓN DE USUARIOS DEL ACUEDUCTO VEREDA LA 22 PARTE  SUR ORIENTAL,269.0,70.0,,,,SI,NO,NO,NO,SI,SI,1.0,Quebrada,2.0,LITROS POR SEGUNDO,1.0,A,1,1.0,A,1.0,Sedimentación,0.85,B,1.0,100000.0,LITROS,6.0,MESES,0.85,B,2.0,24.0,106.0,36.0,36.0,Mayor de 100 m,1.0,A,2.0,LITROS POR SEGUNDO,No se realiza,No,,MILIGRAMOS POR LITRO,,No pasa,2022-05-11,No pasa,2022-05-11,1.0,0.9602,1.0,0.425,0.8463,2
2022-04-25,,ABASTO ACUEZUR,202494,Colombia,"CUNDINAMARCA,ZIPACÓN,EL OCASO",CUNDINAMARCA,ZIPACÓN,EL OCASO,4.718395,-74.412585,1735.0,,,2002.0,2.0,1.0,"CAMINO DE PIEDRA, ZONA LOS GAONA","ASOCIACION DE USUARIOS DEL ACUEDUCTO DE LA QUEBRADA EL ZURRON DEL MUNICIPIO DE ZIPACON ""ACUEZUR""",149.0,70.0,Otros,12000000.0,,SI,NO,NO,NO,NO,SI,1.0,Quebrada,1.23,LITROS POR SEGUNDO,1.0,A,1,0.7,C,1.0,Sedimentación,0.85,B,,,,,,0.0,D,2.0,24.0,70.0,0.0,0.0,Mayor de 100 m,0.7,C,1.23,LITROS POR SEGUNDO,No se realiza,No,,MILIGRAMOS POR LITRO,,No aplica,2022-04-28,No aplica,2022-04-28,0.0,0.0,0.8,0.425,0.3063,2
2022-04-22,,ABASTO DE AGUA VEREDA SAN MARTÍN,202496,Colombia,"CUNDINAMARCA,MACHETÁ,SAN MARTIN",CUNDINAMARCA,MACHETÁ,SAN MARTIN,5.073545,-73.633712,2361.0,,,2012.0,4.0,1.0,"CANCHA DE TEJO, LA ESCUELA, SAN MARTIN PARTE ALTA, SAN MARTIN PARTE BAJA",ACUEDUCTO SAN MARTIN,167.0,50.0,Otros,5000000.0,20000000.0,SI,NO,NO,NO,NO,SI,1.0,Ojo de agua o manantial,2.0,LITROS POR SEGUNDO,1.0,A,2,1.0,A,,,,,2.0,28000.0,LITROS,3.0,MESES,0.85,B,2.0,24.0,50.0,0.0,0.0,Mayor de 100 m,1.0,A,2.0,LITROS POR SEGUNDO,No se realiza,No,,MILIGRAMOS POR LITRO,,No aplica,2022-04-28,No aplica,2022-04-28,1.0,0.9602,1.0,0.1,0.7651,2
2022-04-05,,ABASTO DE AGUA SECTOR PALACIOS,202533,Colombia,"CUNDINAMARCA,EL PEÑÓN,TERAMA,SECTOR PALACIOS",CUNDINAMARCA,EL PEÑÓN,"TERAMA,SECTOR PALACIOS",5.26942,-74.27981,1498.0,,,1999.0,1.0,1.0,SECTOR PALACIOS,ASOCIACION DE USUARIOS ACUEDUCTO AGUAS DE TERAMA,55.0,21.0,Otros,,,SI,NO,NO,NO,SI,SI,1.0,Ojo de agua o manantial,15.0,LITROS POR SEGUNDO,0.7,C,1,0.7,C,,,,,1.0,12000.0,LITROS,6.0,MESES,0.7,C,1.0,24.0,21.0,0.0,0.0,Mayor de 100 m,0.7,C,15.0,LITROS POR SEGUNDO,No se realiza,No,,MILIGRAMOS POR LITRO,,No aplica,2022-04-29,No aplica,2022-04-29,1.0,0.7,0.8,0.0,0.625,2
2022-04-06,,ABASTO DE AGUA TERAMA,202534,Colombia,"CUNDINAMARCA,EL PEÑÓN,TERAMA",CUNDINAMARCA,EL PEÑÓN,TERAMA,5.26942,-74.27981,1498.0,,,1999.0,1.0,1.0,TERAMA BAJO,ASOCIACION DE USUARIOS ACUEDUCTO AGUAS DE TERAMA,147.0,50.0,Otros,,,SI,NO,NO,NO,SI,SI,1.0,Ojo de agua o manantial,12.0,LITROS POR SEGUNDO,0.7,C,1,0.7,C,,,,,1.0,15000.0,LITROS,6.0,MESES,0.7,C,1.0,24.0,50.0,0.0,0.0,Mayor de 100 m,0.7,C,12.0,LITROS POR SEGUNDO,No se realiza,No,,MILIGRAMOS POR LITRO,,No aplica,2022-04-29,No aplica,2022-04-29,1.0,0.7,0.8,0.0,0.625,2
2022-04-07,,ABASTO DE AGUA EL BATAN,202535,Colombia,"CUNDINAMARCA,EL PEÑÓN,GUAYABAL DE TOLEDO,CENTRO POBLADO GUAYABAL DE TOLEDO",CUNDINAMARCA,EL PEÑÓN,"GUAYABAL DE TOLEDO,CENTRO POBLADO GUAYABAL DE TOLEDO",5.301428,-74.33274,1380.0,,,1980.0,4.0,1.0,"APOSENTOS PARTE ALTA, GUAYABAL  DE TOLEDO, HONDURAS PARTE  ALTA, TERAMITA LLANO",JUNTA DE ACCION COMUNAL GUAYABAL DE TOLEDO,201.6153846153846,120.0,,,6500000.0,SI,NO,NO,NO,NO,SI,1.0,Ojo de agua o manantial,16.0,LITROS POR SEGUNDO,0.7,C,1,0.7,C,,,,,1.0,50000.0,LITROS,1.0,MESES,0.85,B,4.0,24.0,120.0,100.0,0.0,Mayor de 100 m,0.7,C,16.0,LITROS POR SEGUNDO,No se realiza,No,,MILIGRAMOS POR LITRO,,No aplica,2022-04-29,No aplica,2022-04-29,1.0,0.7348,1.0,0.0,0.6837,2
2022-04-08,,ABASTO DE AGUA EL CURAL,202536,Colombia,"CUNDINAMARCA,EL PEÑÓN,GUAYABAL DE TOLEDO,CENTRO POBLADO GUAYABAL DE TOLEDO",CUNDINAMARCA,EL PEÑÓN,"GUAYABAL DE TOLEDO,CENTRO POBLADO GUAYABAL DE TOLEDO",5.301428,-74.332746,1380.0,,,1980.0,4.0,1.0,"APOSENTOS PARTE ALTA, GUAYABAL  DE TOLEDO, HONDURAS PARTE  ALTA, TERAMITA LLANO",JUNTA DE ACCION COMUNAL GUAYABAL DE TOLEDO,201.6153846153846,120.0,Otros,,33500000.0,NO,SI,NO,NO,SI,SI,1.0,Quebrada,15.0,LITROS POR SEGUNDO,0.7,C,1,0.7,C,,,,,2.0,110000.0,LITROS,3.0,MESES,0.7,C,4.0,24.0,120.0,100.0,0.0,Mayor de 100 m,0.7,C,15.0,LITROS POR SEGUNDO,No se realiza,No,,MILIGRAMOS POR LITRO,,No aplica,2022-04-29,No aplica,2022-04-29,1.0,0.7,1.0,0.0,0.675,2
2022-04-18,,ABASTO DE AGUA LA VIRGEN,202537,Colombia,"CUNDINAMARCA,EL PEÑÓN,MOLINERO",CUNDINAMARCA,EL PEÑÓN,MOLINERO,5.254468,-74.286625,1433.0,,,1990.0,1.0,1.0,LA VIRGEN,GESTION COMUNITARIA LA VIRGEN,68.8,24.0,Otros,,40000000.0,SI,NO,NO,NO,SI,SI,1.0,Ojo de agua o manantial,0.5,LITROS POR SEGUNDO,0.4,C,1,0.7,C,,,,,1.0,2500.0,LITROS,12.37,MESES,0.35,D,1.0,24.0,24.0,0.0,0.0,Mayor de 100 m,0.7,C,0.5,LITROS POR SEGUNDO,No se realiza,No,,MILIGRAMOS POR LITRO,,No aplica,2022-04-29,No aplica,2022-04-29,0.9085,0.5118,0.8,0.0,0.5551,2
2022-04-19,,ABASTO DE AGUA EL HATILLO - LAGUNA VERDE,202538,Colombia,"CUNDINAMARCA,EL PEÑÓN,HATILLO",CUNDINAMARCA,EL PEÑÓN,HATILLO,5.26123,-74.25831,1427.0,,,2000.0,2.0,1.0,"LAGUNA VERDE PARTE   ALTA, LAGUNA VERDE  PARTE  BAJA",GESTION COMUNITARIA LAGUNA VERDE,99.0,32.0,Otros,,,SI,NO,NO,NO,SI,SI,1.0,Lago,12.0,LITROS POR SEGUNDO,0.4,C,1,0.4,C,,,,,1.0,20000.0,LITROS,6.0,MESES,0.7,C,2.0,24.0,32.0,0.0,0.0,Mayor de 100 m,0.7,C,12.0,LITROS POR SEGUNDO,No se realiza,No,,MILIGRAMOS POR LITRO,,No aplica,2022-04-29,No aplica,2022-04-29,1.0,0.5292,0.6,0.0,0.5323,2
2022-04-20,,ABASTO DE AGUA EL HATILLO- SALITRE,202539,Colombia,"CUNDINAMARCA,EL PEÑÓN,HATILLO",CUNDINAMARCA,EL PEÑÓN,HATILLO,5.25927,-74.25995,1498.0,,,2000.0,1.0,1.0,EL SALITRE,GESTION COMUNITARIA EL SALITRE,53.0,15.0,Otros,,44000000.0,SI,NO,NO,NO,SI,SI,1.0,Ojo de agua o manantial,0.5,LITROS POR SEGUNDO,0.4,C,1,0.7,C,,,,,1.0,30000.0,LITROS,2.0,MESES,0.85,B,1.0,2.0,15.0,0.0,0.0,Mayor de 100 m,0.7,C,0.5,LITROS POR SEGUNDO,No se realiza,No,,MILIGRAMOS POR LITRO,,No aplica,2022-04-29,No aplica,2022-04-29,1.0,0.6389,0.8,0.0,0.6097,2
2022-04-29,,ABASTO DE AGUA VEREDA RESGUARDO ALTO,202547,Colombia,"CUNDINAMARCA,MACHETÁ,RESGUARDO ALTO",CUNDINAMARCA,MACHETÁ,RESGUARDO ALTO,5.127262,-73.599178,2892.0,,,1989.0,5.0,1.0,"ALTO EL GAVILAN, EL MIRADOR, EL PUENTE, LA ESCUELA, LAS TRES PALMERAS",ASOCIACION DE USUARIOS ACUEDUCTO RURAL DE RESGUARDO ALTO MACHETA,828.0,251.0,Otros,50000000.0,10000000.0,SI,NO,NO,NO,NO,SI,1.0,Quebrada,3.13,LITROS POR SEGUNDO,1.0,A,2,1.0,A,,,,,2.0,68000.0,LITROS,1.02,MESES,0.85,B,7.0,24.0,209.0,0.0,0.0,Mayor de 100 m,1.0,A,3.13,LITROS POR SEGUNDO,No se realiza,No,,MILIGRAMOS POR LITRO,,No aplica,2022-04-29,No aplica,2022-04-29,1.0,0.9602,1.0,0.1,0.7651,2
2022-04-30,,ABASTO DE AGUA VEREDA SAN BERNABE,202621,Colombia,"CUNDINAMARCA,MACHETÁ,SAN BERNABE",CUNDINAMARCA,MACHETÁ,SAN BERNABE,5.112567,-73.58698,2405.0,,,1994.0,3.0,1.0,"LOS POZOS, SECTOR LAS ESCUELAS, SECTOR QUEBRADAS",ASOCIACIÓN DE USUARIOS DEL ACUEDUCTO DE LA VEREDA DE SAN BERNABÉ,265.0,95.0,Otros,,,SI,NO,NO,NO,SI,SI,1.0,Ojo de agua o manantial,2.0,LITROS POR SEGUNDO,1.0,A,7,0.95714283,A,,,,,6.0,90000.0,LITROS,1.02,MESES,0.85,B,7.0,24.0,85.0,0.0,0.0,Mayor de 100 m,0.95714283,A,2.0,LITROS POR SEGUNDO,No se realiza,No,,MILIGRAMOS POR LITRO,,No aplica,2022-04-30,No aplica,2022-04-30,1.0,0.9394,1.0,0.1,0.7599,2
2022-03-24,,ABASTO PUBLICO DE AGUA INSPECCIÓN CHUSCALES,202622,Colombia,"CUNDINAMARCA,JUNÍN,INSP. CHUSCALES,CHORRILLOS",CUNDINAMARCA,JUNÍN,"INSP. CHUSCALES,CHORRILLOS",4.64015,-73.67988,2762.2,,,2019.0,5.0,1.0,"BARRO BLANCO, CENTRO CHUSCALES, CHORRILLOS, CHUSCALES PARTE ALTA, CHUSCALES PARTE BAJA",ASOCIACION DE USUARIOS DEL ACUEDUCTO Y ASEO RURAL DE LA INSPECCIÓN CHUSCALES,526.0,150.0,Otros,120000000.0,,SI,NO,NO,NO,SI,SI,1.0,Quebrada,0.98,LITROS POR SEGUNDO,1.0,A,1,0.7,C,1.0,Filtración lenta,1.0,A,2.0,81000.0,LITROS,3.0,MESES,0.85,B,2.0,24.0,150.0,0.0,0.0,Mayor de 100 m,0.7,C,1.3,LITROS POR SEGUNDO,No se realiza,"Sí, de maner mayoritaria",,MILIGRAMOS POR LITRO,,No aplica,2022-05-01,No aplica,2022-05-01,1.0,0.8033,1.0,0.5,0.8258,2
2022-03-25,,ABASTO PUBLICO DE AGUA SAN FRANCISCO,202623,Colombia,"CUNDINAMARCA,JUNÍN,SAN FRANCISCO,BUENOS AIRES",CUNDINAMARCA,JUNÍN,"SAN FRANCISCO,BUENOS AIRES",4.79774,-73.71274,2185.6,,,1998.0,5.0,1.0,"BUENOS AIRES, RAMAL ACOSTA, RAMAL GONZALEZ, SANTA ROSA, SECTOR EL RIO",GESTIÓN COMUNITARIA - VEREDA SAN FRANCISCO,1593.0,445.0,,25000000.0,,SI,NO,NO,NO,SI,SI,1.0,Quebrada,2.6,LITROS POR SEGUNDO,0.7,C,1,1.0,A,,,,,,,,,,0.0,D,5.0,24.0,445.0,0.0,0.0,Mayor de 100 m,0.7,C,2.8,LITROS POR SEGUNDO,No se realiza,No,,MILIGRAMOS POR LITRO,,No aplica,2022-05-01,No aplica,2022-05-01,0.0,0.0,0.8,0.0,0.2,2
2022-05-10,,ABASTO PUBLICO DE AGUA INSPECCIÓN DE  LAGUNA AZUL,202635,Colombia,"CUNDINAMARCA,UBALÁ,LAGUNA AZUL",CUNDINAMARCA,UBALÁ,LAGUNA AZUL,4.81676,-73.47277,2399.9,,,1994.0,4.0,1.0,"LAGUNA AZUL ALTO, LAGUNA AZUL BAJO, LAGUNA AZUL CENTRO, SECTOR LA PLACA HUELLA",GESTIÓN COMUNITARIA - INSPECCIÓN DE LAGUNA AZUL,229.0,70.0,,45000000.0,,SI,NO,NO,NO,SI,SI,1.0,Quebrada,1.3,LITROS POR SEGUNDO,0.7,C,1,0.7,C,,,,,1.0,50000.0,LITROS,2.0,MESES,0.85,B,2.0,24.0,70.0,0.0,0.0,Mayor de 100 m,0.7,C,1.7,LITROS POR SEGUNDO,No se realiza,No,,MILIGRAMOS POR LITRO,,No aplica,2022-05-02,No aplica,2022-05-02,1.0,0.7348,0.8,0.425,0.7399,2
2022-05-10,,ABASTO PUBLICO DE AGUA VEREDA ROBLEDAL,202636,Colombia,"CUNDINAMARCA,UBALÁ,ROBLEDAL",CUNDINAMARCA,UBALÁ,ROBLEDAL,4.81479,-73.47218,2374.9,,,1986.0,4.0,1.0,"ACOSTA, ROBLEDAL ALTO, ROBLEDAL BAJO, ROBLEDAL CENTRO",GESTIÓN COMUNITARIA - VEREDA ROBLEDAL,162.0,41.0,,,,SI,NO,NO,NO,SI,SI,1.0,Quebrada,1.3,LITROS POR SEGUNDO,0.7,C,1,0.7,C,,,,,1.0,25000.0,LITROS,6.0,MESES,0.7,C,2.0,24.0,41.0,0.0,0.0,Mayor de 100 m,0.7,C,1.6,LITROS POR SEGUNDO,No se realiza,No,,MILIGRAMOS POR LITRO,,No aplica,2022-05-02,No aplica,2022-05-02,1.0,0.7,0.8,0.425,0.7312,2
2022-05-10,,ABASTO PUBLICO DE AGUA BOCA DE MONTE 1,202637,Colombia,"CUNDINAMARCA,GACHALÁ,BOCA DE MONTE",CUNDINAMARCA,GACHALÁ,BOCA DE MONTE,4.70766,-73.43334,2111.9,,,1990.0,2.0,1.0,"EL COLEGIO, PISCINE",GESTIÓN COMUNITARIA BOCA DE MONTE 1,115.0,31.0,,25000000.0,,SI,NO,NO,NO,SI,SI,1.0,Quebrada,1.6,LITROS POR SEGUNDO,0.7,C,1,0.7,C,,,,,2.0,65000.0,LITROS,6.0,MESES,0.625,C,2.0,24.0,31.0,0.0,0.0,Mayor de 100 m,0.7,C,1.7,LITROS POR SEGUNDO,No se realiza,No,,MILIGRAMOS POR LITRO,,No aplica,2022-05-02,No aplica,2022-05-02,1.0,0.6804,1.0,0.0,0.6701,2
2022-05-11,,ABASTO PUBLICO DE AGUA INSPECCIÓN SAN PEDRO DE JAGUA,202638,Colombia,"CUNDINAMARCA,UBALÁ,SAN PEDRO DE AGUA",CUNDINAMARCA,UBALÁ,SAN PEDRO DE AGUA,4.64858,-73.33231,831.1,,,1982.0,6.0,1.0,"CENTRO, COREA, LA PISTA ALTA, LA PISTA BAJA, SAN CARLOS ALTO, SAN CARLOS  BAJO",JUNTA DE ACCIÓN COMUNAL DE LA INSPECCIÓN SAN PEDRO DE JAGUA,760.0,330.0,,120000000.0,,SI,NO,NO,NO,SI,SI,1.0,Quebrada,0.75,LITROS POR SEGUNDO,0.0,D,2,0.7,C,,,,,1.0,75000.0,LITROS,6.0,MESES,0.7,C,5.0,24.0,260.0,0.0,0.0,Mayor de 100 m,0.7,C,1.3,LITROS POR SEGUNDO,No se realiza,No,,MILIGRAMOS POR LITRO,,No aplica,2022-05-02,No aplica,2022-05-02,1.0,0.0,1.0,0.425,0.6062,2
2022-04-27,,ABASTO PUBLICO DE AGUA VEREDA BETANIA,202639,Colombia,"CUNDINAMARCA,UBALÁ,BETANIA",CUNDINAMARCA,UBALÁ,BETANIA,4.80894,-73.498333,2248.3,,,,4.0,1.0,"ESCUELITA, LAGUNETA, LA PALMA, SECTOR ALTO",GESTIÓN COMUNITARIA - VEREDA BETANIA DE UBALA,323.0,80.0,,,,SI,NO,NO,NO,NO,SI,1.0,Quebrada,1.3,GALONES POR MINUTO,0.4,C,1,0.7,C,,,,,1.0,24000.0,LITROS,6.0,MESES,0.7,C,3.0,24.0,80.0,0.0,0.0,Mayor de 100 m,0.7,C,1.5,LITROS POR SEGUNDO,No se realiza,No,,MILIGRAMOS POR LITRO,,No aplica,2022-05-02,No aplica,2022-05-02,1.0,0.6086,1.0,0.425,0.7584,2
2022-04-28,,ABASTO PUBLICO DE AGUA VEREDA SAN LUIS 1,202640,Colombia,"CUNDINAMARCA,UBALÁ,SAN LUIS I",CUNDINAMARCA,UBALÁ,SAN LUIS I,4.80609,-73.52571,2398.4,,,2000.0,4.0,1.0,"LA ESCUELA, SAN LUIS ALTO, SAN LUIS BAJO, SAN LUIS CENTRO",GESTIÓN COMUNITARIA - VEREDA SAN LUIS 1 DE UBALA,249.0,60.0,,,5000000.0,SI,NO,NO,NO,SI,SI,1.0,Quebrada,1.3,GALONES POR MINUTO,0.7,C,1,0.7,C,,,,,1.0,40000.0,LITROS,3.0,MESES,0.7,C,4.0,24.0,60.0,0.0,0.0,Mayor de 100 m,0.7,C,0.7,LITROS POR SEGUNDO,No se realiza,No,,MILIGRAMOS POR LITRO,,No aplica,2022-05-02,No aplica,2022-05-02,1.0,0.7,0.8,0.0,0.625,2
2022-04-29,,ABASTO PUBLICO DE AGUA VEREDA SIATALA,202642,Colombia,"CUNDINAMARCA,GAMA,SIATALA",CUNDINAMARCA,GAMA,SIATALA,4.71403,-73.5882,2617.5,,,1998.0,4.0,1.0,"SECTOR SALÓN COMUNAL, SIATALA  CENTRO, SIATALA PARTE ALTA, SIATALA PARTE BAJA",GESTIÓN COMUNITARIA - VEREDA SIATALA,208.0,50.0,,,,SI,NO,NO,NO,SI,NO,1.0,Quebrada,1.9,LITROS POR SEGUNDO,0.0,D,1,0.0,D,,,,,1.0,32000.0,LITROS,,MESES,0.2,D,1.0,0.0,50.0,0.0,0.0,Mayor de 100 m,0.0,D,0.0,LITROS POR SEGUNDO,No se realiza,No,,MILIGRAMOS POR LITRO,,No aplica,2022-05-02,No aplica,2022-05-02,1.0,0.0,0.8,0.1,0.475,2
2022-04-18,,ABASTO DE AGUA LOS RIVEREÑOS,202696,Colombia,"CUNDINAMARCA,SILVANIA,SUBIA CARBONERA",CUNDINAMARCA,SILVANIA,SUBIA CARBONERA,4.46345,-74.39925,2115.0,,,2018.0,3.0,1.0,"CARBONERA, LAS DELICIAS, LA SOLEDAD PARTE BAJA",ASOCIACION DEL ACUEDUCTO  LOS RIVEREÑOS,252.0,60.0,,5000000.0,36000000.0,SI,NO,NO,NO,NO,SI,1.0,Quebrada,2.34,LITROS POR SEGUNDO,1.0,A,1,0.7,C,,,,,3.0,62000.0,LITROS,2.0,MESES,1.0,A,2.0,24.0,60.0,0.0,0.0,Mayor de 100 m,0.7,C,2.34,LITROS POR SEGUNDO,No se realiza,No,,MILIGRAMOS POR LITRO,,No aplica,2022-05-03,No aplica,2022-05-03,1.0,0.8367,0.6,0.5,0.7342,2
2022-04-21,,ABASTO DE AGUA SUBIA LA SOLEDAD,202697,Colombia,"CUNDINAMARCA,SILVANIA,SUBIA LA SOLEDAD",CUNDINAMARCA,SILVANIA,SUBIA LA SOLEDAD,4.46345,-74.39925,2115.0,,,1992.0,3.0,1.0,"LA SOLEDAD CENTRO, LA SOLEDAD LA ESCUELA, LA SOLEDAD PARTE ALTA",ASOCIACION DE USUARIOS ACUEDUCTO DEL SECTOR LA SOLEDAD DEL MUNICIPIO DE SILVANIA,437.0,110.0,,5000000.0,25000000.0,SI,NO,NO,NO,NO,SI,1.0,Quebrada,3.21,LITROS POR SEGUNDO,0.7,C,1,0.7,C,,,,,2.0,108200.0,LITROS,1.02,MESES,0.925,A,2.0,24.0,110.0,0.0,0.0,Mayor de 100 m,0.7,C,3.21,LITROS POR SEGUNDO,No se realiza,No,,MILIGRAMOS POR LITRO,2022-05-11,No pasa,2022-05-03,No pasa,2022-05-03,1.0,0.7505,0.4,0.35,0.6251,2
2022-04-27,,ABASTO DE AGUA LA VICTORIA,202698,Colombia,"CUNDINAMARCA,SILVANIA,VICTORIA BAJA",CUNDINAMARCA,SILVANIA,VICTORIA BAJA,4.442274,-74.34604,1992.0,,,1992.0,5.0,1.0,"LA ESCUELA, PUENTE ROJO, QUINTA SOROCO, SECTOR GACHOA, VICTORIA SECTOR BAJO",ASOCIACION DE USUARIOS DEL ACUEDUCTO Y/O ALCALTARILLADO RURAL VEREDA VICTORIA BAJA,486.00000000000006,110.0,,5000000.0,,SI,NO,NO,NO,NO,SI,1.0,Quebrada,1.02,LITROS POR SEGUNDO,0.7,C,1,0.7,C,,,,,1.0,105000.0,LITROS,2.0,MESES,0.85,B,2.0,24.0,110.0,0.0,0.0,Mayor de 100 m,0.7,C,1.02,LITROS POR SEGUNDO,No se realiza,No,,MILIGRAMOS POR LITRO,2022-05-11,No pasa,2022-05-03,No pasa,2022-05-03,1.0,0.7348,0.2,0.2,0.5337,2
2022-04-26,,ABASTO DE AGUA AZAFRANAL DIVINO NIÑO,202699,Colombia,"CUNDINAMARCA,SILVANIA,AZAFRANAL DIVINO NIÑO",CUNDINAMARCA,SILVANIA,AZAFRANAL DIVINO NIÑO,4.44257,-74.38005,1854.8,,,1991.0,5.0,1.0,"DIVINO NIÑO, EL RETIRO, ESCUELA EL RETIRO, LA ESCUELA DIVINO NIÑO, LOS MANDARINOS",ASOCIACION DE USUARIOS DEL ACUEDUCTO RURAL DIVINO NIÑO DE SILVANIA CUNDINAMARCA,520.0,130.0,,8000000.0,85000000.0,SI,NO,NO,NO,NO,SI,1.0,Quebrada,2.0,LITROS POR SEGUNDO,0.7,C,1,0.7,C,,,,,3.0,380000.0,LITROS,0.68,MESES,1.0,A,3.0,2.0,130.0,0.0,0.0,Mayor de 100 m,0.7,C,2.0,LITROS POR SEGUNDO,No se realiza,No,,MILIGRAMOS POR LITRO,2022-05-11,No pasa,2022-05-03,No pasa,2022-05-03,1.0,0.7653,0.2,0.0,0.4913,2
2022-04-28,,ABASTO DE AGUA AZAFRANAL,202700,Colombia,"CUNDINAMARCA,SILVANIA,AZAFRANAL",CUNDINAMARCA,SILVANIA,AZAFRANAL,4.43548,-74.39097,1907.8,,,1987.0,5.0,1.0,"COLEGIO SIMON BOLIVAR, EL RETORNO, PUENTE PERILLA, SAN FERNANDO, SECTOR FABRICA  EL PUERTO",ASOCIACION DE USUARIOS DEL ACUEDUCTO RURAL DE LA VEREDA AZAFRANAL DEL MUNICIPIO DE SILVANIA,600.0,150.0,,10000000.0,80000000.0,SI,NO,NO,NO,NO,SI,1.0,Quebrada,2.03,LITROS POR SEGUNDO,0.4,C,1,0.7,C,,,,,2.0,50000.0,LITROS,6.0,MESES,0.85,B,2.0,24.0,150.0,0.0,0.0,Mayor de 100 m,0.7,C,2.3,LITROS POR SEGUNDO,No se realiza,No,,MILIGRAMOS POR LITRO,2022-05-11,No pasa,2022-05-03,No pasa,2022-05-03,1.0,0.6389,0.4,0.5,0.6347,2
2022-04-29,,ABASTO DE AGUA SUBIA NORTE,202701,Colombia,"CUNDINAMARCA,SILVANIA,SUBIA ALTA",CUNDINAMARCA,SILVANIA,SUBIA ALTA,4.49037,-74.38518,2242.5,,,2002.0,2.0,1.0,"LA ESCUELA NORTE, SUBIA NORTE",ASOCIACION DE USUARIOS DEL ACUEDUCTO SUBIA NORTE,168.0,42.0,,5000000.0,3000000.0,SI,NO,NO,NO,SI,SI,1.0,Otras,1.24,LITROS POR SEGUNDO,1.0,A,1,1.0,A,,,,,1.0,5000.0,LITROS,2.0,MESES,0.85,B,1.0,24.0,42.0,0.0,0.0,Mayor de 100 m,0.7,C,1.24,LITROS POR SEGUNDO,No se realiza,No,,MILIGRAMOS POR LITRO,,No aplica,2022-05-03,No aplica,2022-05-03,0.7438,0.8783,0.8,0.275,0.6743,2
2022-04-21,,ACUEDUCTO SERVICIOS PUBLICOS DE FOMEQUE,202848,Colombia,"CUNDINAMARCA,FÓMEQUE,PAVAL,ESCUELA EL PAVAL",CUNDINAMARCA,FÓMEQUE,"PAVAL,ESCUELA EL PAVAL",4.4544722,-73.80838,2642.0,2527902302,,2004.0,21.0,1.0,"CAPILLA LA PASTORA, EL PAVAL PARTE BAJA, ESCUELA EL PAVAL, ESCUELA LADERAS, ESCUELA LA HUERTA, ESCUELA LA  MARGARITA, ESCUELA LA MOYA, ESCUELA LA PASTORA, ESCUELA PONTA, ESCUELA POTREROGRANDE, ESCUELA SAN LORENZO, LADERAS PARTE BAJA, LA MESETA, LA MOYA PARTE BAJA, LA PASTORA PARTE BAJA, LA POMARROSA, LAS GRANJAS, POTREROGRANDE PARTE ALTA, SECTOR LA VIRGEN, SECTOR LA YE, TRES CAMINOS",SECRETARIA DE SERVICIOS PUBLICOS DOMICILIARIOS DE FOMEQUE,2013.0,531.0,,10000000.0,50000000.0,SI,NO,NO,NO,SI,SI,2.0,Otras,40.0,LITROS POR SEGUNDO,1.0,A,2,0.7,C,2.0,"Desinfección con cloro, Coagulación y Floculación",1.0,A,2.0,130000.0,LITROS,6.0,MESES,0.85,B,2.0,24.0,531.0,529.0,529.0,Mayor de 100 m,1.0,A,20.0,LITROS POR SEGUNDO,"Sí, y funciona",No,0.55,MILIGRAMOS POR LITRO,2022-04-21,No pasa,2022-05-10,No pasa,2022-05-10,1.0,0.8783,0.7,1.0,0.8946,2
2022-04-22,,ABASTO DE AGUA VEREDA EL TABLON,202853,Colombia,"CUNDINAMARCA,FÓMEQUE,TABLON,SECTOR CASA BLANCA",CUNDINAMARCA,FÓMEQUE,"TABLON,SECTOR CASA BLANCA",4.460229,-73.861492,6546.0,2527903203,,1990.0,3.0,1.0,"ESCUELA EL TABLÓN, PARTE BAJA EL TABLON, SECTOR CASA BLANCA",ACUEDUCTO VEREDA EL TABLÓN,218.0,63.0,,4000000.0,5000000.0,SI,NO,NO,NO,SI,SI,1.0,Otras,1.0,LITROS POR SEGUNDO,1.0,A,1,1.0,A,,,,,2.0,35000.0,LITROS,2.0,MESES,1.0,A,3.0,24.0,63.0,0.0,0.0,Mayor de 100 m,1.0,A,2.0,LITROS POR SEGUNDO,No se realiza,No,,MILIGRAMOS POR LITRO,,No aplica,2022-05-10,No aplica,2022-05-10,1.0,1.0,0.8,0.0,0.7,2
2022-04-29,,ABASTO DE AGUA  VEREDA MONTERREDONDO,202854,Colombia,"CUNDINAMARCA,GUAYABETAL,MONTERREDONDO,LA MESETA",CUNDINAMARCA,GUAYABETAL,"MONTERREDONDO,LA MESETA",4.253762,-73.818835,2367.0,2533501702,,1993.0,3.0,1.0,"COLISEO, LA MESETA, LOS PINOS",JAC VEREDA MONTERREDONDO,316.0,79.0,Otros,8000000.0,1000000.0,SI,NO,NO,NO,SI,SI,1.0,Otras,8.0,LITROS POR SEGUNDO,1.0,A,1,1.0,A,,,,,2.0,22000.0,LITROS,0.24,MESES,0.85,B,3.0,24.0,79.0,0.0,0.0,Mayor de 100 m,1.0,A,8.0,LITROS POR SEGUNDO,No se realiza,"Sí, pero no de maner mayoritaria",,MILIGRAMOS POR LITRO,,No aplica,2022-05-10,No aplica,2022-05-10,1.0,0.9602,1.0,0.2,0.7901,2
2022-04-30,,ABASTO DE AGUA SAN ROQUE,202860,Colombia,"CUNDINAMARCA,GUAYABETAL,SAN ROQUE,ENTRERRIOS",CUNDINAMARCA,GUAYABETAL,"SAN ROQUE,ENTRERRIOS",4.266752,-73.797886,3078.0,2533502102,,2009.0,3.0,1.0,"EL PUENTE, ENTRERRIOS, SECTOR COLORADOS",JAC SAN ROQUE,272.0,68.0,Otros,30000000.0,2000000.0,SI,NO,NO,NO,SI,SI,1.0,Otras,10.0,LITROS POR SEGUNDO,0.0,D,1,1.0,A,,,,,1.0,1500.0,LITROS,0.51,MESES,0.85,B,3.0,24.0,68.0,0.0,0.0,Mayor de 100 m,1.0,A,10.0,LITROS POR SEGUNDO,No se realiza,No,,MILIGRAMOS POR LITRO,,No aplica,2022-05-10,No aplica,2022-05-10,0.1378,0.0,0.6,0.0,0.1845,2
2022-05-10,,ABASTO  PUBLICO DE AGUA VEREDA TUNJITA,202891,Colombia,"CUNDINAMARCA,GACHALÁ,TUNJITA",CUNDINAMARCA,GACHALÁ,TUNJITA,4.70558,-73.51017,1981.6,,,1996.0,4.0,1.0,"EL MARDONIO, REGISTRO 1, RINCON, TUNJITA CENTRO",GESTIÓN COMUNITARIA - VEREDA TUNJITA,344.0,102.0,,,,SI,NO,NO,NO,SI,SI,1.0,Quebrada,1.0,LITROS POR SEGUNDO,0.7,C,1,0.7,C,,,,,2.0,63000.0,LITROS,1.0,MESES,0.85,B,4.0,24.0,102.0,0.0,0.0,Mayor de 100 m,0.7,C,1.3,LITROS POR SEGUNDO,No se realiza,No,,MILIGRAMOS POR LITRO,,No aplica,2022-05-10,No aplica,2022-05-10,1.0,0.7348,1.0,0.0,0.6837,2
2022-05-05,,ABASTO DE AGUA MESA GRANDE,202926,Colombia,"CUNDINAMARCA,GUAYABETAL,MESA GRANDE,SECTOR INVERNADERO",CUNDINAMARCA,GUAYABETAL,"MESA GRANDE,SECTOR INVERNADERO",4.234934,-73.805181,1675.0,25335016,,1995.0,2.0,1.0,"ESCUELA RURAL MESA GRANDE, SECTOR INVERNADERO",J.A.C VEREDA MESA GRANDE,260.0,65.0,,5000000.0,12000000.0,SI,NO,NO,NO,SI,NO,1.0,Fuente,12.0,LITROS POR SEGUNDO,0.0,D,1,1.0,A,,,,,2.0,12000.0,LITROS,2.0,MESES,0.925,A,2.0,24.0,65.0,0.0,0.0,Mayor de 100 m,1.0,A,12.0,LITROS POR SEGUNDO,No se realiza,"Sí, de maner mayoritaria",,MILIGRAMOS POR LITRO,,No aplica,2022-05-11,No aplica,2022-05-11,1.0,0.0,1.0,0.5,0.625,2
2022-05-06,,ABASTO DE AGUA VEREDA CHIPAQUE,202928,Colombia,"CUNDINAMARCA,GUAYABETAL,CHIPAQUE,CHIPAQUE PARTE BAJA",CUNDINAMARCA,GUAYABETAL,"CHIPAQUE,CHIPAQUE PARTE BAJA",4.296121,-73.825763,1841.0,25335002,,2012.0,2.0,1.0,"CHIPAQUE PARTE BAJA, ESCUELA CHIPAQUE",GESTION COMUNITARIA VEREDA CHIPAQUE,118.0,35.0,,12000000.0,5000000.0,SI,NO,NO,NO,SI,SI,1.0,Quebrada,4.0,LITROS POR SEGUNDO,1.0,A,1,1.0,A,,,,,2.0,14000.0,LITROS,1.235,MESES,1.0,A,2.0,24.0,35.0,0.0,0.0,Mayor de 100 m,1.0,A,4.0,LITROS POR SEGUNDO,No se realiza,No,,MILIGRAMOS POR LITRO,,No aplica,2022-05-11,No aplica,2022-05-11,1.0,1.0,1.0,0.5,0.875,2
2022-05-06,,ABASTO DE AGUA VEREDA LIMONCITOS,202930,Colombia,"CUNDINAMARCA,GUAYABETAL,LIMONCITOS,LIMONCITOS PARTE ALTA",CUNDINAMARCA,GUAYABETAL,"LIMONCITOS,LIMONCITOS PARTE ALTA",4.275626,-73.826317,1776.0,25335014,,2012.0,6.0,1.0,"ESCUELA RURAL LIMONCITOS, LIMONCITOS PARTE ALTA, PUERTO GRANDE, SECTOR BAJO VIA ANTIGUA, SECTOR LAVADERO, TENGAVITA",J.A.C VEREDA LIMONCITOS,700.0,175.0,,10000000.0,3000000.0,SI,NO,NO,NO,SI,SI,1.0,Otras,12.0,LITROS POR SEGUNDO,1.0,A,1,1.0,A,,,,,2.0,12000.0,LITROS,2.0,MESES,1.0,A,6.0,24.0,175.0,0.0,0.0,Mayor de 100 m,1.0,A,12.0,LITROS POR SEGUNDO,No se realiza,"Sí, de maner mayoritaria",,MILIGRAMOS POR LITRO,,No aplica,2022-05-11,No aplica,2022-05-11,0.4286,1.0,1.0,0.5,0.7321,2
2022-05-07,,ABASTO DE AGUA VEREDA CONUCOS,202932,Colombia,"CUNDINAMARCA,GUAYABETAL,CONUCOS,EL PUENTE",CUNDINAMARCA,GUAYABETAL,"CONUCOS,EL PUENTE",4.215176,-73.834503,1209.0,25335005,,2018.0,3.0,1.0,"EL PUENTE, ESCUELA RURAL CONUCOS, SECTOR LAS CARNES",J.A.C VEREDA CONUCOS,328.0,82.0,Otros,40000000.0,2000000.0,SI,NO,NO,NO,SI,SI,1.0,Quebrada,6.0,LITROS POR SEGUNDO,1.0,A,1,1.0,A,,,,,1.0,800.0,LITROS,1.0,MESES,1.0,A,3.0,24.0,82.0,0.0,0.0,Mayor de 100 m,1.0,A,6.0,LITROS POR SEGUNDO,No se realiza,"Sí, de maner mayoritaria",,MILIGRAMOS POR LITRO,,No aplica,2022-05-11,No aplica,2022-05-11,0.061,1.0,0.6,0.5,0.5403,2
2022-05-02,,ABASTO DE AGUA SAN JOSE,202970,Colombia,"CUNDINAMARCA,SILVANIA,SAN JOSE",CUNDINAMARCA,SILVANIA,SAN JOSE,4.3881,-74.42888,1788.5,,,2002.0,6.0,1.0,"EL HATO PARTE ALTA, ESTRELLA BAJA, LA PRADERA, LA PRADERA BAJA, LAS PALMAS, LAS PALMAS BAJO",ASOCIACIÓN DE USUARIOS SAN JOSE LAS PALMAS SAN JOSE LA PRADERA,990.0,219.0,,40000000.0,36000000.0,SI,NO,NO,NO,SI,SI,2.0,Quebrada,2.81,LITROS POR SEGUNDO,1.0,A,2,0.7,C,,,,,2.0,150000.0,LITROS,8.0,MESES,0.7,C,2.0,24.0,219.0,219.0,0.0,Mayor de 100 m,0.7,C,2.81,LITROS POR SEGUNDO,No se realiza,No,,MILIGRAMOS POR LITRO,2022-05-11,No pasa,2022-05-12,No pasa,2022-05-12,1.0,0.7653,0.4,0.35,0.6288,2
2022-05-05,,ABASTO DE AGUA NORUEGA ALTA,202971,Colombia,"CUNDINAMARCA,SILVANIA,NORUEGA ALTA",CUNDINAMARCA,SILVANIA,NORUEGA ALTA,4.487604,-74.338846,2418.0,,,1992.0,1.0,1.0,NORUEGA ALTA,ASOCIACIÓN DE USUARIOS DEL ACUEDUCTO RURAL NORUEGA ALTA,91.0,22.0,,4000000.0,,SI,NO,NO,NO,NO,SI,1.0,Ojo de agua o manantial,1.4,LITROS POR SEGUNDO,1.0,A,1,0.7,C,,,,,1.0,30000.0,LITROS,3.0,MESES,0.7,C,1.0,24.0,22.0,0.0,0.0,Mayor de 100 m,0.7,C,1.4,LITROS POR SEGUNDO,No se realiza,No,,MILIGRAMOS POR LITRO,2022-05-11,No pasa,2022-05-12,No pasa,2022-05-12,1.0,0.7653,1.0,0.35,0.7788,2
2022-05-10,,ABASTO DE AGUA  PANAMA ALTO,202972,Colombia,"CUNDINAMARCA,SILVANIA,PANAMA",CUNDINAMARCA,SILVANIA,PANAMA,4.39329,-74.41882,1610.5,,,1999.0,8.0,1.0,"BALCONES, LA ""GUACA"", LA TOMA, LA ""Y"", PANAMA ALTA, PANAMA BAJA, PANAMA CENTRAL, SAN CARLOS",ASOCIACIÓN DE USUARIOS DEL ACUEDUCTO PANAMA ALTO,781.0,180.0,Programa Rural,105000000.0,40000000.0,SI,NO,NO,NO,SI,SI,2.0,Quebrada,1.5,LITROS POR SEGUNDO,0.7,C,2,0.7,C,,,,,5.0,250000.0,LITROS,5.0,MESES,0.75,B,2.0,24.0,180.0,30.0,0.0,Mayor de 100 m,0.7,C,1.5,LITROS POR SEGUNDO,No se realiza,No,,MILIGRAMOS POR LITRO,2022-05-11,No pasa,2022-05-12,No pasa,2022-05-12,1.0,0.7122,0.5,0.35,0.6406,2
2022-05-06,,ABASTO DE AGUA - AGUAS DE LA ESPERANZA DE AGUA BONITA,202973,Colombia,"CUNDINAMARCA,SILVANIA,AGUA BONITA",CUNDINAMARCA,SILVANIA,AGUA BONITA,4.44458,-74.33774,21825.0,,,2016.0,7.0,1.0,"CRUCE MONTERREY, EL PUENTE, EL TREBOL, LA CRUZ, LA VIRGEN, PORTUGAL, TELECOM",ASOCIACIÓN DE USUARIOS ACUEDUCTO VEREDAL AGUAS DE LA ESPERANZA,784.0,196.0,,5000000.0,40000000.0,SI,NO,NO,NO,NO,SI,1.0,Quebrada,0.81,LITROS POR SEGUNDO,0.7,C,1,1.0,A,,,,,1.0,10000.0,LITROS,2.0,MESES,1.0,A,1.0,24.0,196.0,0.0,0.0,Mayor de 100 m,0.7,C,0.81,LITROS POR SEGUNDO,No se realiza,No,,MILIGRAMOS POR LITRO,,No aplica,2022-05-12,No aplica,2022-05-12,0.3189,0.8367,0.4,0.2,0.4389,2
2022-05-04,,ABASTO DE AGUA QUEBRADA HONDA,202974,Colombia,"CUNDINAMARCA,SILVANIA,QUEBRADA HONDA",CUNDINAMARCA,SILVANIA,QUEBRADA HONDA,4.441992,-74.420406,2213.0,,,1994.0,7.0,,"EL PORTAL, EL SILENCIO, EL UVAL, LA ESCUELA, LA HONDA, LOS GALPONES, PRIMAVERA",,727.0,180.0,,5000000.0,36000000.0,SI,NO,NO,NO,SI,SI,1.0,Quebrada,1.95,LITROS POR SEGUNDO,0.7,C,1,0.7,C,,,,,4.0,1065518.33,LITROS,4.5,MESES,0.7375,B,3.0,24.0,180.0,0.0,0.0,Mayor de 100 m,0.7,C,1.95,LITROS POR SEGUNDO,No se realiza,No,,MILIGRAMOS POR LITRO,,No aplica,2022-05-12,No aplica,2022-05-12,1.0,0.7092,0.4,0.0,0.5273,2
2022-05-05,,ACUEDUCTO CHAVARRO,203013,Colombia,"CUNDINAMARCA,ALBÁN,Chavarro,CHAVARRO PARTE ALTA",CUNDINAMARCA,ALBÁN,"Chavarro,CHAVARRO PARTE ALTA",4.865335,-74.433914,2379.0,,,1998.0,16.0,1.0,"ALTO DE LA CRUZ, CHAVARRO LA ESCUELA, CHAVARRO PARTE ALTA, CHORLABI, CONDOMINIO, DOCE TEJAS, EL CAJON PARTE ALTA, EL MANGO, GRANJA MOSCOSO, LOS YEPES, MATEJUNCA, PENJAMO, SAN GERONIMO, SECTOR ECOPETROL, SECTOR EL TANQUE, VÍA CASCADA DE SAN LUIS",ACUEDUCTO DE CHAVARRO,1516.0,383.0,Programa Rural,26000000.0,4000000.0,SI,NO,NO,NO,SI,SI,2.0,Quebrada,5.0,LITROS POR SEGUNDO,1.0,A,6,0.9,B,4.0,"Desinfección con cloro, Filtración lenta, Sedimentación, Coagulación y Floculación",0.8875,B,5.0,250000.0,LITROS,6.0,MESES,0.78000003,B,5.0,24.0,383.0,0.0,0.0,Mayor de 100 m,0.76,B,2.5,LITROS POR SEGUNDO,"Sí, y funciona",No,2.5,MILIGRAMOS POR LITRO,2022-05-05,No aplica,2022-05-12,No aplica,2022-05-12,1.0,0.8546,0.7,0.9437,0.8746,2
2022-05-06,,"ABASTO DE AGUA VEREDA SAN ISIDRO ALTO, SECTOR CORRALILLOS, SECTOR MESITAS Y PARTE DE SOLANA",203088,Colombia,"CUNDINAMARCA,MACHETÁ,SAN ISIDRO ALTO,LA ESCUELA",CUNDINAMARCA,MACHETÁ,"SAN ISIDRO ALTO,LA ESCUELA",4.985675,-73.625457,2778.0,,,2007.0,7.0,1.0,"CASCAJERAS, EL PLAN, LA ESCUELA, LA VIRGEN, SOLANA GRANDE LA CARPINTERÍA, SOLANA GRANDE LA ESCUELA, SOLANA PEQUEÑA LA ESCUELA",ASOCIACIÓN DE SUSCRIPTORES DEL ACUEDUCTO LAS ESMERALDAS,513.0,165.0,Otros,50000000.0,,SI,NO,NO,NO,SI,SI,1.0,Quebrada,4.0,LITROS POR SEGUNDO,1.0,A,4,0.85,B,,,,,3.0,120000.0,LITROS,6.0,MESES,0.8,B,9.0,24.0,166.0,0.0,0.0,Mayor de 100 m,1.0,A,4.0,LITROS POR SEGUNDO,No se realiza,No,,MILIGRAMOS POR LITRO,,No aplica,2022-05-13,No aplica,2022-05-13,1.0,0.9081,1.0,0.35,0.8145,2
2022-05-10,,"ACUEDUCTO INTERVEREDAL SOLANA, GAZUCA ALTO, GAZUCA BAJO, MULATA ALTO, MULATA BAJO, SAN LUIS, SAN JOSÉ Y SECTOR LAGUNITAS",203090,Colombia,"CUNDINAMARCA,MACHETÁ,SOLANA",CUNDINAMARCA,MACHETÁ,SOLANA,4.992005,-73.624433,2736.0,,,2012.0,17.0,2.0,"EL EDEN, EL RECUERDO, ENTRE PIEDRAS, LA CARCAJADA, LA ESCUELA, LA GRANJA TRES ESQUINAS, LA QUEBRADA, LAS CANCHAS, LA TIENDA, MULATA BAJO PARTE ALTA, SAN JOSE PARTE ALTA, SECTOR EL PIEDRON, SECTOR LA PLATANERA, SECTOR LAS CAÑAS, SECTOR SAN ANTONIO, SECTOR SAN CARLOS, SOLANA PEQUEÑA CENTRO","ASOCIACIÓN DE SUSCRIPTORES DEL ACUEDUCTO LAS ESMERALDAS, ACUEDUCTO INTERVEREDAL SOLANA, GAZUCA ALTO, GAZUCA BAJO, MULATA ALTO, MULATA BAJO, SAN LUIS, SAN JOSÉ Y SECTOR LAGUNITAS",1439.0,468.0,Plan Departamental de Agua,962000000.0,3079954600.0,SI,SI,NO,NO,SI,SI,1.0,Quebrada,8.0,LITROS POR SEGUNDO,1.0,A,11,1.0,A,1.0,Coagulación y Floculación,0.625,C,3.0,203000.0,LITROS,6.0,MESES,0.85,B,9.0,24.0,489.0,0.0,0.0,Mayor de 100 m,1.0,A,8.0,LITROS POR SEGUNDO,"Sí, pero no funciona",No,,MILIGRAMOS POR LITRO,,No aplica,2022-05-13,No aplica,2022-05-13,1.0,0.9602,1.0,0.5125,0.8682,2
2022-05-13,,ABASTO DE AGUA VEREDA CHIRAJARA ALTA,203161,Colombia,"CUNDINAMARCA,GUAYABETAL,CHIRAJARA ALTA,LAS TORRES",CUNDINAMARCA,GUAYABETAL,"CHIRAJARA ALTA,LAS TORRES",4.2103053,-73.784252,1340.0,25335003,,2001.0,2.0,1.0,"LAS TORRES, LOS MANGOS",GESTIÓN COMUNITARIA VEREDA CHIRAJARA ALTA,184.0,46.0,Otros,15000000.0,2000000.0,SI,NO,NO,NO,SI,SI,1.0,Quebrada,8.0,LITROS POR SEGUNDO,0.7,C,1,0.7,C,,,,,1.0,3000.0,LITROS,12.37,MESES,0.35,D,2.0,24.0,46.0,0.0,0.0,Mayor de 100 m,1.0,A,8.0,LITROS POR SEGUNDO,No se realiza,No,,MILIGRAMOS POR LITRO,,No aplica,2022-05-16,No aplica,2022-05-16,0.4075,0.6435,0.6,0.0,0.4127,2
2022-05-14,,ABASTO DE AGUA VEREDA SAN MIGUEL,203162,Colombia,"CUNDINAMARCA,GUAYABETAL,SAN MIGUEL,LOS CORALES",CUNDINAMARCA,GUAYABETAL,"SAN MIGUEL,LOS CORALES",4.213442,-73.810769,1240.0,25335020,,1992.0,4.0,1.0,"EL CRUCE, ESCUELA RURAL SAN MIGUEL, LOS CORALES, SAN MIGUEL PARTE ALTA",J.A.C VEREDA SAN MIGUEL,323.0,84.0,,8000000.0,3000000.0,SI,NO,NO,NO,SI,SI,1.0,Otras,8.0,LITROS POR SEGUNDO,0.0,D,1,1.0,A,,,,,2.0,6000.0,LITROS,1.0,MESES,1.0,A,4.0,24.0,84.0,0.0,0.0,Mayor de 100 m,1.0,A,8.0,LITROS POR SEGUNDO,No se realiza,"Sí, pero no de maner mayoritaria",,MILIGRAMOS POR LITRO,,No aplica,2022-05-16,No aplica,2022-05-16,0.4644,0.0,0.6,0.2,0.3161,2
2022-05-16,,ABASTO DE AGUA SAN MARCOS,203163,Colombia,"CUNDINAMARCA,GUAYABETAL,SAN MARCOS",CUNDINAMARCA,GUAYABETAL,SAN MARCOS,4.242865,-73.854727,1620.0,25335019,,2010.0,4.0,1.0,"EL REMANSO, ESCUELA RURAL SAN MARCOS, LA CONEJERA, SAN MARCOS BAJO",J.A.C VEREDA SAN MARCOS,323.0,88.0,Otros,18000000.0,8000000.0,SI,NO,NO,NO,SI,SI,1.0,Quebrada,8.0,LITROS POR SEGUNDO,1.0,A,1,1.0,A,,,,,1.0,2500.0,LITROS,3.0,MESES,0.85,B,4.0,24.0,88.0,0.0,0.0,Mayor de 100 m,1.0,A,8.0,LITROS POR SEGUNDO,No se realiza,No,,MILIGRAMOS POR LITRO,,No aplica,2022-05-16,No aplica,2022-05-16,0.1935,0.9602,0.4,0.0,0.3884,2
2022-05-16,,ABASTO DE AGUA LOS GAQUES,203165,Colombia,"CUNDINAMARCA,GUAYABETAL,LOS GAQUES,LAS GRANJAS",CUNDINAMARCA,GUAYABETAL,"LOS GAQUES,LAS GRANJAS",4.233405,-73.878804,1540.0,25335015,,2006.0,4.0,1.0,"ESCUELA RURAL LOS GAQUES, LAS GRANJAS, LOS GAQUES BAJO, LOS GAQUES PARTE ALTA",J.A.C LOS GAQUES,279.0,76.0,Otros,5000000.0,10000000.0,SI,NO,NO,NO,NO,SI,1.0,Quebrada,12.0,LITROS POR SEGUNDO,1.0,A,1,1.0,A,,,,,1.0,5000.0,LITROS,2.0,MESES,1.0,A,4.0,24.0,76.0,0.0,0.0,Mayor de 100 m,1.0,A,12.0,LITROS POR SEGUNDO,No se realiza,No,,MILIGRAMOS POR LITRO,,No aplica,2022-05-16,No aplica,2022-05-16,0.4481,1.0,0.6,0.0,0.512,2
2022-05-16,,ABASTO DE AGUA VEREDA SUSUMUCO,203166,Colombia,"CUNDINAMARCA,GUAYABETAL,SUSUMUCO,SUSUMUCO ALTO",CUNDINAMARCA,GUAYABETAL,"SUSUMUCO,SUSUMUCO ALTO",4.203954,-73.751989,1230.0,25335022,,1992.0,2.0,1.0,"ESCUELA RURAL SUSUMUCO, SUSUMUCO ALTO",J.A.C VEREDA SUSUMUCO,228.0,57.0,,6000000.0,3000000.0,SI,NO,NO,NO,NO,SI,1.0,Otras,4.0,LITROS POR SEGUNDO,0.0,D,1,1.0,A,,,,,2.0,2600.0,LITROS,6.0,MESES,0.85,B,2.0,24.0,62.0,0.0,0.0,Mayor de 100 m,1.0,A,4.0,LITROS POR SEGUNDO,No se realiza,No,,MILIGRAMOS POR LITRO,,No aplica,2022-05-16,No aplica,2022-05-16,0.2851,0.0,0.8,0.0,0.2713,2
2022-05-14,,SISTEMA DE ACUEDUCTO LAS MERCEDES  - LAJAS PARTE BAJA,203223,Colombia,"CUNDINAMARCA,UBALÁ,LAS MERCEDES",CUNDINAMARCA,UBALÁ,LAS MERCEDES,4.76363,-73.45688,2070.7,,,2010.0,1.0,1.0,LAS LAJAS PARTE BAJA,GESTIÓN COMUNITARIA VEREDA LAS MERCEDES   - LAJAS PARTE BAJA,37.0,10.0,,270000000.0,,SI,NO,NO,NO,SI,SI,1.0,Quebrada,0.7,LITROS POR SEGUNDO,0.7,C,1,0.7,C,1.0,Desinfección con cloro,1.0,A,1.0,10000.0,LITROS,2.0,MESES,1.0,A,1.0,24.0,10.0,0.0,0.0,Mayor de 100 m,0.7,C,0.56,LITROS POR SEGUNDO,"Sí, y funciona",No,0.6,MILIGRAMOS POR LITRO,2022-05-14,No aplica,2022-05-17,No aplica,2022-05-17,1.0,0.7653,0.8,1.0,0.8913,2
2022-05-02,,ABASTO DE AGUA EL TAPAZ,203302,Colombia,"CUNDINAMARCA,EL PEÑÓN,PEÑONSITO",CUNDINAMARCA,EL PEÑÓN,PEÑONSITO,5.254879,-74.292801,1498.0,,,1985.0,2.0,1.0,"PEÑONCITO PARTE ALTA, TAPAZ",JUNTA DE ACUEDUCTO AGUA EL TAPAZ,147.0,48.0,Otros,,,SI,NO,NO,NO,SI,SI,1.0,Quebrada,5.25,LITROS POR SEGUNDO,0.4,C,2,0.4,C,,,,,2.0,33000.0,LITROS,3.0,MESES,0.7,C,2.0,24.0,48.0,0.0,0.0,Mayor de 100 m,0.7,C,5.25,LITROS POR SEGUNDO,No se realiza,No,,MILIGRAMOS POR LITRO,,No aplica,2022-05-19,No aplica,2022-05-19,1.0,0.5292,0.6,0.0,0.5323,2
2022-05-12,,ABASTO DE AGUA TIMANA,203309,Colombia,"CUNDINAMARCA,PACHO,TIMANA",CUNDINAMARCA,PACHO,TIMANA,5.186452,-74.260311,1337.0,,,1995.0,3.0,1.0,"LA ESCUELA, TIMANA ALTO, TIMANA BAJO",ASOCIACION DE USUARIOS ACUEDUCTO VEREDA TIMANA PARTE BAJA,122.0,42.0,Otros,,36000000.0,SI,NO,NO,NO,SI,SI,1.0,Quebrada,1.5,LITROS POR SEGUNDO,0.7,C,1,0.7,C,,,,,1.0,20000.0,LITROS,6.0,MESES,0.7,C,3.0,24.0,42.0,0.0,0.0,Mayor de 100 m,0.7,C,1.5,LITROS POR SEGUNDO,No se realiza,No,,MILIGRAMOS POR LITRO,,No aplica,2022-05-19,No aplica,2022-05-19,1.0,0.7,1.0,0.0,0.675,2
2022-05-03,,ABASTO DE AGUA JAGUAL MATECAÑA,203311,Colombia,"CUNDINAMARCA,EL PEÑÓN,JAGUAL MATECAÑA",CUNDINAMARCA,EL PEÑÓN,JAGUAL MATECAÑA,5.256111,-74.287202,1450.0,,,1990.0,2.0,1.0,"JAGUAL, MATECAÑA PARTE BAJA",GESTION COMUNITARIA JUGUAL MATECAÑA,85.0,30.0,"Programa Rural, Otros",,,SI,NO,NO,NO,SI,SI,1.0,Quebrada,1.5,LITROS POR SEGUNDO,0.4,C,1,0.0,D,,,,,1.0,60000.0,LITROS,2.0,MESES,0.85,B,2.0,24.0,30.0,0.0,0.0,Mayor de 100 m,0.0,D,1.5,LITROS POR SEGUNDO,No se realiza,No,,MILIGRAMOS POR LITRO,,No aplica,2022-05-19,No aplica,2022-05-19,1.0,0.0,0.8,0.0,0.45,2
2022-05-05,,ABASTO DE AGUA AGUILAS LA QUINTA,203312,Colombia,"CUNDINAMARCA,PACHO,LAS AGUILAS",CUNDINAMARCA,PACHO,LAS AGUILAS,5.18076,-74.24867,1429.0,,,1990.0,1.0,1.0,LA QUINTA,ASOCIACION DE USUARIOS DEL ACUEDUCTO VEREDAL LA QUINTA VEREDA LAS AGUILAS,60.0,21.0,Otros,,,SI,NO,NO,NO,SI,SI,1.0,Quebrada,3.0,LITROS POR SEGUNDO,0.7,C,1,0.7,C,,,,,1.0,50000.0,LITROS,6.0,MESES,0.7,C,1.0,24.0,21.0,0.0,0.0,Mayor de 100 m,0.7,C,3.0,LITROS POR SEGUNDO,No se realiza,No,,MILIGRAMOS POR LITRO,,No aplica,2022-05-19,No aplica,2022-05-19,1.0,0.7,0.6,0.0,0.575,2
2022-05-04,,ABASTO DE AGUA CENTRO POBLADO TALAUTA,203329,Colombia,"CUNDINAMARCA,EL PEÑÓN",CUNDINAMARCA,EL PEÑÓN,,5.24841,-74.28994,1362.0,,,1960.0,1.0,1.0,CENTRO POBLADO TALAUTA,GESTION COMUNITARIA CENTRO POBLADO TALAUTA,270.0,100.0,Otros,,,SI,NO,NO,NO,SI,SI,1.0,Quebrada,15.0,LITROS POR SEGUNDO,0.7,C,1,0.7,C,,,,,1.0,30000.0,LITROS,6.0,MESES,0.7,C,1.0,24.0,100.0,0.0,0.0,Mayor de 100 m,0.7,C,15.0,LITROS POR SEGUNDO,No se realiza,No,,MILIGRAMOS POR LITRO,,No aplica,2022-05-20,No aplica,2022-05-20,1.0,0.7,0.6,0.0,0.575,2
2022-05-09,,ACUEDUCTO Y PLANTA DE TRATAMIENTO EL PEÑON,203330,Colombia,"CUNDINAMARCA,EL PEÑÓN,CENTRO",CUNDINAMARCA,EL PEÑÓN,CENTRO,5.24841,-74.28994,1362.0,,,1995.0,4.0,1.0,"CENTRO ORIENTE, CENTRO SUR ALTO, CENTRO SUR GUANACAS, MATADERO",OFICINA DE SERVICIOS PUBLICOS EL PEÑON,208.0,72.0,Otros,,82000000.0,SI,NO,NO,NO,SI,SI,1.0,Quebrada,4.0,LITROS POR SEGUNDO,0.7,C,1,0.7,C,3.0,"Filtración rápida, Aireación (oxidación), Coagulación y Floculación",1.0,A,1.0,120000.0,LITROS,12.37,MESES,0.35,D,4.0,24.0,72.0,72.0,72.0,Mayor de 100 m,0.7,C,4.0,LITROS POR SEGUNDO,"Sí, y funciona",No,1.6,MILIGRAMOS POR LITRO,2022-05-09,No aplica,2022-05-20,No aplica,2022-05-20,1.0,0.5886,1.0,1.0,0.8972,2
2022-05-10,,ABASTO DE AGUA EL HATILLO,203331,Colombia,"CUNDINAMARCA,PACHO,EL HATILLO",CUNDINAMARCA,PACHO,EL HATILLO,5.076408,-74.158937,1839.0,,,2002.0,12.0,1.0,"BALCONCITOS ALTO, BETANIA, EL ENCANTADO, GUAYOQUE, HATILLO LA VIRGEN, LA ESMERALDA BAJA, LA MOYA PARTE BAJA, LA PRIMAVERA  LA ESCUELA, LAS LAJAS PARTE ALTA, MONTEDULCE, PANAMA, REFORMA",ASOCIACION DE USUARIOS DEL ACUEDUCTO REGIONAL EL HATILLO,941.2536507936508,336.0,"Otros, Otros",80000000.0,40000000.0,SI,NO,NO,NO,SI,SI,1.0,Río,11.25,LITROS POR SEGUNDO,0.7,C,1,0.7,C,,,,,1.0,120000.0,LITROS,3.0,MESES,0.7,C,12.0,24.0,336.0,336.0,336.0,Mayor de 100 m,0.7,C,11.0,LITROS POR SEGUNDO,No se realiza,No,,MILIGRAMOS POR LITRO,,No aplica,2022-05-20,No aplica,2022-05-20,1.0,0.7,1.0,0.0,0.675,2
2022-05-10,,ABASTO PUBLICO DE AGUA BOCA DE MONTE 2,203357,Colombia,"CUNDINAMARCA,GACHALÁ,BOCA DE MONTE",CUNDINAMARCA,GACHALÁ,BOCA DE MONTE,4.707946,-73.4586,1909.3,,,1990.0,2.0,1.0,"EL PARAMO, LA PILA",GESTIÓN COMUNITARIA BOCA DE MONTE 2,191.0,52.0,,25000000.0,,SI,NO,NO,NO,SI,SI,1.0,Quebrada,1.1,LITROS POR SEGUNDO,0.7,C,1,0.7,C,,,,,2.0,125000.0,LITROS,3.0,MESES,0.7,C,2.0,24.0,52.0,0.0,0.0,Mayor de 100 m,0.7,C,1.5,LITROS POR SEGUNDO,No se realiza,No,,MILIGRAMOS POR LITRO,,No aplica,2022-05-24,No aplica,2022-05-24,1.0,0.7,1.0,0.2,0.725,2
2018-11-05,,ABASTO VEREDA EL PEDREGAL,203383,Colombia,"CUNDINAMARCA,CAPARRAPÍ,Vereda El Pedregal",CUNDINAMARCA,CAPARRAPÍ,Vereda El Pedregal,5.452736,-74.48584,1025.0,,,1997.0,1.0,1.0,EL PEDREGAL,ASOCIACIÓN DE SUSCRIPTORES DEL ACUEDUCTO DE LA VEREDA PEDREGAL,45.0,23.0,Otros,35000000.0,40000000.0,NO,SI,NO,NO,SI,SI,1.0,Quebrada,2.0,LITROS POR SEGUNDO,0.0,D,3,1.0,A,,,,,3.0,55000.0,LITROS,3.0,MESES,0.7,C,3.0,12.0,23.0,0.0,0.0,Mayor de 100 m,0.7,C,2.0,LITROS POR SEGUNDO,No se realiza,No,,MILIGRAMOS POR LITRO,,No aplica,2022-05-31,No aplica,2022-05-31,1.0,0.0,0.8,0.0,0.45,2
2019-11-28,,ABASTO PUBLICO VEREDA CARDONAL - COGUA,203386,Colombia,"CUNDINAMARCA,COGUA,Cardonal",CUNDINAMARCA,COGUA,Cardonal,5.11423,-73.96225,2820.0,,,1980.0,9.0,1.0,"SECTOR CAMINO LARGO, SECTOR CHARCO LARGO, SECTOR EL COMERCIO, SECTOR LA CHUCUA, SECTOR LAGUNILLA, SECTOR LOS CULTIVOS, SECTOR NEUSA, SECTOR NEUSA BAJO, SECTOR PARQUE NEUSA",JUNTA DE ACCION COMUNAL VEREDA CARDONAL DEL MUNICIPIO DE COGUA,2320.0,580.0,Otros,2500000.0,12000000.0,SI,NO,NO,NO,SI,SI,2.0,Ojo de agua o manantial,8.2,LITROS POR SEGUNDO,1.0,A,1,1.0,A,,,,,,,,,,0.0,D,3.0,24.0,580.0,0.0,0.0,Mayor de 100 m,1.0,A,4.0,LITROS POR SEGUNDO,No se realiza,No,,MILIGRAMOS POR LITRO,2022-05-31,No pasa,2022-05-31,No pasa,2022-05-31,0.0,0.0,0.6,0.0,0.15,2
2019-11-28,,ACUEDUCTO VEREDA SAN ANTONIO,203389,Colombia,"CUNDINAMARCA,ZIPAQUIRÁ,SAN ANTONIO",CUNDINAMARCA,ZIPAQUIRÁ,SAN ANTONIO,5.043518,-74.019145,2900.0,25 - 899 - 000,,1954.0,5.0,1.0,"LA PORTADA, SECTOR LOS CARRILLO, SECTOR LOS CHAVEZ, SECTOR LOS OCAMPO, SECTOR SALÓN COMUNAL",JUNTA DE ACCION COMUNAL DE LA VEREDA SAN ANTONIO DEL MUNICIPIO DE ZIPAQUIRA,543.0,150.0,Otros,20000000.0,1000000.0,SI,NO,NO,NO,NO,SI,1.0,Quebrada,4.2,LITROS POR SEGUNDO,0.7,C,1,1.0,A,,,,,2.0,50283.91,LITROS,2.0,MESES,0.7,C,4.0,8.0,150.0,0.0,0.0,Mayor de 100 m,1.0,A,4.2,LITROS POR SEGUNDO,No se realiza,No,,MILIGRAMOS POR LITRO,2022-06-01,No aplica,2022-06-01,No aplica,2022-06-01,1.0,0.8367,1.0,0.1,0.7342,2
